version,classpath,LOC,LOC_TOUCHED,REVS,FIXES,AUTH,LOC_ADDED,MAX_LOC_ADDED,AVG_LOC_ADDED,CHURN,MAX_CHURN,AVG_CHURN,CHANGE_SET_SIZE,MAX_CHANGE_SET,AVG_CHANGE_SET,AGE,WEIGHTED_AGE,COMMENT_LINES,NESTING_DEPTH,DECISION_POINTS,nsmells,DISTINCT_SMELL_TYPES,BUGGY
"1.0.0","src/java/org/apache/avro/util/Utf8.java",51,240,3,0,1,160,80,53.333333,240,80,80.000000,220,110,73.333333,396,396.000000,18,2,9,"0",0,"NO"
"1.0.0","src/java/org/apache/avro/specific/SpecificResponder.java",17,151,4,0,1,96,46,24.000000,143,46,35.750000,246,110,61.500000,396,390.834437,18,0,0,"0",0,"YES"
"1.0.0","src/java/org/apache/avro/specific/SpecificRequestor.java",30,174,4,0,1,115,53,28.750000,162,53,40.500000,240,110,60.000000,396,395.568966,19,0,0,"0",0,"YES"
"1.0.0","src/java/org/apache/avro/specific/SpecificRecordBase.java",37,64,1,0,1,64,64,64.000000,64,64,64.000000,5,5,5.000000,342,342.000000,18,3,8,"0",0,"NO"
"1.0.0","src/java/org/apache/avro/specific/SpecificRecord.java",7,92,4,0,1,60,30,15.000000,92,30,23.000000,246,110,61.500000,396,394.695652,19,0,0,"0",0,"NO"
"1.0.0","src/java/org/apache/avro/specific/SpecificFixed.java",8,102,5,0,1,65,28,13.000000,84,28,16.800000,244,110,48.800000,396,390.647059,18,0,0,"0",0,"NO"
"1.0.0","src/java/org/apache/avro/specific/SpecificExceptionBase.java",15,116,4,0,1,78,30,19.500000,100,30,25.000000,225,110,56.250000,396,383.896552,18,0,0,"0",0,"NO"
"1.0.0","src/java/org/apache/avro/specific/SpecificDatumWriter.java",13,154,6,0,1,95,43,15.833333,136,43,22.666667,271,110,45.166667,396,393.759740,18,0,0,"0",0,"YES"
"1.0.0","src/java/org/apache/avro/specific/SpecificDatumReader.java",24,558,8,0,1,303,125,37.875000,504,125,63.000000,297,110,37.125000,396,391.930108,18,0,0,"0",0,"YES"
"1.0.0","src/java/org/apache/avro/specific/SpecificCompiler.java",212,781,12,0,1,525,225,43.750000,725,225,60.416667,350,110,29.166667,396,392.770807,32,4,51,"0",0,"YES"
"1.0.0","src/java/org/apache/avro/specific/SchemaTask.java",8,90,4,0,1,59,28,14.750000,84,28,21.000000,224,110,56.000000,396,395.666667,18,0,0,"0",0,"NO"
"1.0.0","src/java/org/apache/avro/specific/ProtocolTask.java",72,287,4,0,1,196,84,49.000000,273,84,68.250000,224,110,56.000000,396,395.390244,22,3,9,"0",0,"NO"
"1.0.0","src/java/org/apache/avro/reflect/ReflectResponder.java",88,400,8,0,1,262,118,32.750000,362,118,45.250000,336,110,42.000000,396,393.180000,21,2,21,"0",0,"YES"
"1.0.0","src/java/org/apache/avro/reflect/ReflectRequestor.java",54,263,5,0,1,174,77,34.800000,239,77,47.800000,263,110,52.600000,396,392.730038,19,1,1,"0",0,"NO"
"1.0.0","src/java/org/apache/avro/reflect/ReflectDatumWriter.java",39,248,8,0,1,158,61,19.750000,214,61,26.750000,321,110,40.125000,396,392.068548,18,1,2,"0",0,"YES"
"1.0.0","src/java/org/apache/avro/reflect/ReflectDatumReader.java",85,428,8,0,1,273,92,34.125000,338,92,42.250000,318,110,39.750000,396,390.803738,19,2,8,"0",0,"YES"
"1.0.0","src/java/org/apache/avro/reflect/ReflectData.java",191,694,9,0,1,469,194,52.111111,634,194,70.444444,336,110,37.333333,396,391.952450,38,13,52,"0",0,"YES"
"1.0.0","src/java/org/apache/avro/reflect/FixedSize.java",9,102,4,0,1,66,28,16.500000,86,28,21.500000,240,110,60.000000,396,388.411765,19,0,0,"0",0,"YES"
"1.0.0","src/java/org/apache/avro/ipc/Transceiver.java",16,122,4,0,1,82,40,20.500000,122,40,30.500000,245,110,61.250000,396,395.114754,18,0,0,"0",0,"NO"
"1.0.0","src/java/org/apache/avro/ipc/SocketTransceiver.java",62,267,4,0,1,180,87,45.000000,267,87,66.750000,245,110,61.250000,396,394.786517,21,2,5,"0",0,"NO"
"1.0.0","src/java/org/apache/avro/ipc/SocketServer.java",74,412,5,0,1,261,118,52.200000,362,118,72.400000,271,110,54.200000,396,388.252427,18,2,6,"0",0,"NO"
"1.0.0","src/java/org/apache/avro/ipc/Responder.java",123,500,9,0,1,337,124,37.444444,422,124,46.888889,306,110,34.000000,396,380.904000,29,2,14,"0",0,"NO"
"1.0.0","src/java/org/apache/avro/ipc/Requestor.java",135,493,8,0,1,338,105,42.250000,393,105,49.125000,317,110,39.625000,396,374.519270,33,2,12,"0",0,"NO"
"1.0.0","src/java/org/apache/avro/ipc/ByteBufferOutputStream.java",53,263,4,0,1,175,87,43.750000,261,87,65.250000,239,110,59.750000,396,395.566540,25,1,4,"0",0,"NO"
"1.0.0","src/java/org/apache/avro/ipc/ByteBufferInputStream.java",50,258,6,0,1,172,69,28.666667,224,69,37.333333,246,110,41.000000,396,395.337209,30,2,7,"0",0,"NO"
"1.0.0","src/java/org/apache/avro/ipc/AvroRemoteException.java",15,136,4,0,1,88,44,22.000000,136,44,34.000000,246,110,61.500000,396,394.235294,18,1,1,"0",0,"NO"
"1.0.0","src/java/org/apache/avro/io/ValidatingEncoder.java",161,225,1,0,1,225,225,225.000000,225,225,225.000000,16,16,16.000000,319,319.000000,39,3,6,"0",0,"NO"
"1.0.0","src/java/org/apache/avro/io/ValidatingDecoder.java",296,358,1,0,1,358,358,358.000000,358,358,358.000000,16,16,16.000000,319,319.000000,32,4,37,"0",0,"NO"
"1.0.0","src/java/org/apache/avro/io/ResolvingTable.java",383,489,1,0,1,489,489,489.000000,489,489,489.000000,16,16,16.000000,319,319.000000,53,8,64,"0",0,"NO"
"1.0.0","src/java/org/apache/avro/io/ResolvingDecoder.java",130,223,1,0,1,223,223,223.000000,223,223,223.000000,16,16,16.000000,319,319.000000,81,7,23,"0",0,"NO"
"1.0.0","src/java/org/apache/avro/io/ParsingTable.java",241,383,1,0,1,383,383,383.000000,383,383,383.000000,16,16,16.000000,319,319.000000,94,4,22,"0",0,"NO"
"1.0.0","src/java/org/apache/avro/io/Encoder.java",37,931,6,0,1,603,383,100.500000,759,329,126.500000,278,110,46.333333,396,351.415682,212,0,0,"0",0,"NO"
"1.0.0","src/java/org/apache/avro/io/Decoder.java",35,1181,7,0,1,734,418,104.857143,891,337,127.285714,282,110,40.285714,396,354.303980,222,0,0,"0",0,"NO"
"1.0.0","src/java/org/apache/avro/io/DatumWriter.java",7,115,5,0,1,75,36,15.000000,109,36,21.800000,269,110,53.800000,396,392.086957,23,0,0,"0",0,"NO"
"1.0.0","src/java/org/apache/avro/io/DatumReader.java",7,124,5,0,1,81,39,16.200000,118,39,23.600000,269,110,53.800000,396,392.370968,24,0,0,"0",0,"NO"
"1.0.0","src/java/org/apache/avro/io/BlockingBinaryEncoder.java",418,632,2,0,1,627,622,313.500000,622,622,311.000000,42,23,21.000000,339,338.715190,124,4,45,"0",0,"YES"
"1.0.0","src/java/org/apache/avro/io/BinaryEncoder.java",176,936,6,0,1,593,383,98.833333,772,329,128.666667,278,110,46.333333,396,351.244658,39,1,5,"0",0,"NO"
"1.0.0","src/java/org/apache/avro/io/BinaryDecoder.java",206,310,2,0,1,305,305,152.500000,310,305,155.000000,39,23,19.500000,321,320.967742,59,3,19,"0",0,"NO"
"1.0.0","src/java/org/apache/avro/generic/GenericResponder.java",24,188,5,0,1,121,53,24.200000,160,53,32.000000,263,110,52.600000,396,391.505319,21,0,0,"0",0,"NO"
"1.0.0","src/java/org/apache/avro/generic/GenericRequestor.java",30,201,6,0,1,129,57,21.500000,171,57,28.500000,289,110,48.166667,396,387.940299,18,0,0,"0",0,"NO"
"1.0.0","src/java/org/apache/avro/generic/GenericRecord.java",6,84,3,0,1,56,28,18.666667,84,28,28.000000,220,110,73.333333,396,396.000000,19,0,0,"0",0,"NO"
"1.0.0","src/java/org/apache/avro/generic/GenericFixed.java",4,96,4,0,1,60,28,15.000000,88,28,22.000000,240,110,60.000000,396,390.625000,19,0,0,"0",0,"NO"
"1.0.0","src/java/org/apache/avro/generic/GenericDatumWriter.java",167,707,9,0,1,480,164,53.333333,583,164,64.777778,344,110,38.222222,396,388.251768,54,3,33,"0",0,"YES"
"1.0.0","src/java/org/apache/avro/generic/GenericDatumReader.java",341,1748,15,0,1,1105,265,73.666667,1148,265,76.533333,390,110,26.000000,396,365.112128,91,5,95,"0",0,"YES"
"1.0.0","src/java/org/apache/avro/generic/GenericData.java",238,819,10,0,1,549,250,54.900000,793,250,79.300000,361,110,36.100000,396,393.399267,24,12,69,"0",0,"YES"
"1.0.0","src/java/org/apache/avro/generic/GenericArray.java",7,112,4,0,1,74,37,18.500000,112,37,28.000000,246,110,61.500000,396,395.464286,24,0,0,"0",0,"NO"
"1.0.0","src/java/org/apache/avro/file/SeekableInput.java",8,108,3,0,1,72,36,24.000000,108,36,36.000000,220,110,73.333333,396,396.000000,22,0,0,"0",0,"YES"
"1.0.0","src/java/org/apache/avro/file/SeekableFileInput.java",9,96,3,0,1,64,32,21.333333,96,32,32.000000,220,110,73.333333,396,396.000000,18,0,0,"0",0,"NO"
"1.0.0","src/java/org/apache/avro/file/DataFileWriter.java",132,585,6,0,1,389,183,64.833333,559,183,93.166667,288,110,48.000000,396,392.133333,45,1,4,"0",0,"YES"
"1.0.0","src/java/org/apache/avro/file/DataFileReader.java",159,674,6,0,1,446,208,74.333333,634,208,105.666667,288,110,48.000000,396,391.508902,45,3,19,"0",0,"YES"
"1.0.0","src/java/org/apache/avro/SchemaParseException.java",5,72,3,0,1,48,24,16.000000,72,24,24.000000,220,110,73.333333,396,396.000000,17,0,0,"0",0,"NO"
"1.0.0","src/java/org/apache/avro/Schema.java",599,2101,16,0,1,1413,451,88.312500,1655,451,103.437500,373,110,23.312500,396,381.285578,75,8,81,"0",0,"YES"
"1.0.0","src/java/org/apache/avro/Protocol.java",246,1115,13,0,1,727,300,55.923077,947,300,72.846154,368,110,28.307692,396,387.512108,53,3,31,"0",0,"YES"
"1.0.0","src/java/org/apache/avro/AvroTypeException.java",4,87,4,0,1,56,28,14.000000,87,28,21.750000,246,110,61.500000,396,393.931034,18,0,0,"0",0,"NO"
"1.0.0","src/java/org/apache/avro/AvroRuntimeException.java",5,72,3,0,1,48,24,16.000000,72,24,24.000000,220,110,73.333333,396,396.000000,17,0,0,"0",0,"NO"
"1.1.0","src/java/org/apache/avro/util/Utf8.java",56,17,2,0,1,12,8,6.000000,7,5,3.500000,310,110,62.000000,396,387.182879,18,2,9,"11",4,"NO"
"1.1.0","src/java/org/apache/avro/specific/SpecificResponder.java",16,4,2,1,1,2,1,1.000000,0,0,0.000000,321,110,53.500000,396,387.935484,18,0,0,"0",0,"YES"
"1.1.0","src/java/org/apache/avro/specific/SpecificRequestor.java",47,47,5,1,1,36,13,7.200000,25,13,5.000000,362,110,40.222222,396,367.610860,21,0,0,"1",1,"NO"
"1.1.0","src/java/org/apache/avro/specific/SpecificRecordBase.java",42,18,2,0,1,13,12,6.500000,8,7,4.000000,95,65,31.666667,342,322.243902,18,3,8,"11",4,"YES"
"1.1.0","src/java/org/apache/avro/specific/SpecificRecord.java",6,6,2,0,1,3,2,1.500000,2,1,1.000000,336,110,56.000000,396,386.204082,19,0,0,"0",0,"NO"
"1.1.0","src/java/org/apache/avro/specific/SpecificFixed.java",8,1,1,0,1,1,1,1.000000,1,1,1.000000,309,110,51.500000,396,389.631068,18,0,0,"0",0,"NO"
"1.1.0","src/java/org/apache/avro/specific/SpecificExceptionBase.java",15,3,2,0,1,2,1,1.000000,1,1,0.500000,315,110,52.500000,396,380.823529,18,0,0,"2",1,"YES"
"1.1.0","src/java/org/apache/avro/specific/SpecificDatumWriter.java",12,4,2,1,1,2,1,1.000000,0,0,0.000000,346,110,43.250000,396,390.841772,18,0,0,"1",1,"NO"
"1.1.0","src/java/org/apache/avro/specific/SpecificDatumReader.java",23,4,2,1,1,2,1,1.000000,0,0,0.000000,372,110,37.200000,396,391.122776,18,0,0,"0",0,"YES"
"1.1.0","src/java/org/apache/avro/specific/SpecificData.java",40,83,2,0,1,77,67,38.500000,71,67,35.500000,32,25,16.000000,250,249.807229,21,5,6,"0",0,"YES"
"1.1.0","src/java/org/apache/avro/specific/SpecificCompiler.java",228,27,4,0,1,23,12,5.750000,19,11,4.750000,444,110,27.750000,396,388.638614,33,4,58,"20",6,"YES"
"1.1.0","src/java/org/apache/avro/specific/SchemaTask.java",8,1,1,0,1,1,1,1.000000,1,1,1.000000,289,110,57.800000,396,394.461538,18,0,0,"0",0,"NO"
"1.1.0","src/java/org/apache/avro/specific/ProtocolTask.java",72,5,1,0,1,3,3,3.000000,1,1,1.000000,289,110,57.800000,396,393.517123,22,3,9,"7",5,"NO"
"1.1.0","src/java/org/apache/avro/reflect/ReflectResponder.java",91,9,3,0,1,7,5,2.333333,5,4,1.666667,435,110,39.545455,396,390.234719,21,2,21,"8",3,"YES"
"1.1.0","src/java/org/apache/avro/reflect/ReflectRequestor.java",75,39,4,0,1,34,18,8.500000,29,16,7.250000,375,110,41.666667,396,376.258278,21,1,1,"3",3,"NO"
"1.1.0","src/java/org/apache/avro/reflect/ReflectDatumWriter.java",34,62,7,3,1,30,16,4.285714,34,14,4.857143,465,110,31.000000,396,366.100000,21,1,1,"1",1,"YES"
"1.1.0","src/java/org/apache/avro/reflect/ReflectDatumReader.java",79,22,3,2,1,11,6,3.666667,6,3,2.000000,398,110,36.181818,396,385.886667,22,2,8,"3",2,"YES"
"1.1.0","src/java/org/apache/avro/reflect/ReflectData.java",228,125,4,1,1,93,40,23.250000,61,27,15.250000,440,110,33.846154,396,371.874237,49,13,52,"35",6,"YES"
"1.1.0","src/java/org/apache/avro/reflect/FixedSize.java",12,13,2,1,1,10,6,5.000000,7,4,3.500000,315,110,52.500000,396,376.182609,22,0,0,"0",0,"NO"
"1.1.0","src/java/org/apache/avro/ipc/Transceiver.java",16,5,1,0,1,3,3,3.000000,1,1,1.000000,310,110,62.000000,396,390.818898,18,0,0,"1",1,"NO"
"1.1.0","src/java/org/apache/avro/ipc/SocketTransceiver.java",63,6,1,0,1,4,4,4.000000,2,2,2.000000,310,110,62.000000,396,392.395604,21,2,5,"2",1,"NO"
"1.1.0","src/java/org/apache/avro/ipc/SocketServer.java",74,3,1,0,1,2,2,2.000000,1,1,1.000000,336,110,56.000000,396,387.513253,18,2,6,"6",4,"NO"
"1.1.0","src/java/org/apache/avro/ipc/Responder.java",157,68,2,0,1,58,40,29.000000,48,36,24.000000,384,110,34.909091,396,369.309859,34,2,17,"12",3,"NO"
"1.1.0","src/java/org/apache/avro/ipc/Requestor.java",168,59,2,0,1,54,53,27.000000,49,48,24.500000,395,110,39.500000,396,364.742754,38,2,18,"8",3,"NO"
"1.1.0","src/java/org/apache/avro/ipc/RPCPlugin.java",10,74,1,0,1,74,74,74.000000,74,74,74.000000,13,13,13.000000,283,283.000000,55,0,0,"0",0,"NO"
"1.1.0","src/java/org/apache/avro/ipc/RPCContext.java",64,149,1,0,1,149,149,149.000000,149,149,149.000000,13,13,13.000000,283,283.000000,67,1,4,"0",0,"NO"
"1.1.0","src/java/org/apache/avro/ipc/ByteBufferOutputStream.java",55,10,1,0,1,7,7,7.000000,4,4,4.000000,304,110,60.800000,396,391.553114,25,1,4,"3",2,"NO"
"1.1.0","src/java/org/apache/avro/ipc/ByteBufferInputStream.java",50,3,1,0,1,2,2,2.000000,1,1,1.000000,311,110,44.428571,396,394.080460,30,2,7,"6",2,"NO"
"1.1.0","src/java/org/apache/avro/ipc/AvroRemoteException.java",15,1,1,0,1,1,1,1.000000,1,1,1.000000,311,110,62.200000,396,393.445255,18,1,1,"1",1,"NO"
"1.1.0","src/java/org/apache/avro/io/parsing/ValidatingGrammarGenerator.java",84,141,3,0,1,140,138,46.666667,139,138,46.333333,96,65,32.000000,292,291.574468,43,4,18,"0",0,"YES"
"1.1.0","src/java/org/apache/avro/io/parsing/Symbol.java",255,383,2,0,1,383,382,191.500000,383,382,191.500000,88,65,44.000000,292,291.984334,80,3,8,"0",0,"YES"
"1.1.0","src/java/org/apache/avro/io/parsing/SkipParser.java",43,99,2,0,1,97,94,48.500000,95,94,47.500000,88,65,44.000000,292,291.696970,43,3,3,"0",0,"YES"
"1.1.0","src/java/org/apache/avro/io/parsing/ResolvingGrammarGenerator.java",246,340,3,0,1,339,337,113.000000,338,337,112.666667,96,65,32.000000,292,291.823529,67,5,63,"0",0,"YES"
"1.1.0","src/java/org/apache/avro/io/parsing/Parser.java",72,149,2,0,1,147,144,73.500000,145,144,72.500000,88,65,44.000000,292,291.798658,61,4,8,"0",0,"YES"
"1.1.0","src/java/org/apache/avro/io/parsing/JsonGrammarGenerator.java",61,103,2,0,1,103,102,51.500000,103,102,51.500000,88,65,44.000000,292,291.941748,35,4,16,"0",0,"YES"
"1.1.0","src/java/org/apache/avro/io/ValidatingEncoder.java",149,188,2,0,1,83,82,41.500000,24,23,12.000000,104,65,34.666667,319,306.694915,25,1,2,"8",1,"YES"
"1.1.0","src/java/org/apache/avro/io/ValidatingDecoder.java",179,280,2,0,1,76,75,38.000000,130,129,65.000000,104,65,34.666667,319,307.141066,21,2,10,"16",3,"YES"
"1.1.0","src/java/org/apache/avro/io/ResolvingDecoder.java",112,157,2,0,1,69,68,34.500000,21,20,10.500000,104,65,34.666667,319,307.828947,78,6,19,"9",2,"YES"
"1.1.0","src/java/org/apache/avro/io/ParsingEncoder.java",36,70,3,0,1,70,52,23.333333,70,52,23.333333,90,65,30.000000,292,281.228571,24,1,3,"0",0,"NO"
"1.1.0","src/java/org/apache/avro/io/ParsingDecoder.java",47,75,2,0,1,75,74,37.500000,75,74,37.500000,88,65,44.000000,292,291.920000,19,12,13,"0",0,"NO"
"1.1.0","src/java/org/apache/avro/io/JsonEncoder.java",191,255,3,0,1,248,239,82.666667,243,239,81.000000,96,65,32.000000,292,290.717647,21,3,14,"0",0,"YES"
"1.1.0","src/java/org/apache/avro/io/JsonDecoder.java",343,433,3,0,1,416,397,138.666667,401,397,133.666667,96,65,32.000000,292,290.482679,18,5,38,"0",0,"YES"
"1.1.0","src/java/org/apache/avro/io/Encoder.java",36,2,1,0,1,1,1,1.000000,0,0,0.000000,343,110,49.000000,396,351.275456,212,0,0,"0",0,"NO"
"1.1.0","src/java/org/apache/avro/io/Decoder.java",32,17,3,0,1,5,3,1.666667,7,7,2.333333,378,110,37.800000,396,353.364775,219,0,0,"1",1,"NO"
"1.1.0","src/java/org/apache/avro/io/DatumWriter.java",7,1,1,0,1,1,1,1.000000,1,1,1.000000,334,110,55.666667,396,391.172414,23,0,0,"0",0,"NO"
"1.1.0","src/java/org/apache/avro/io/DatumReader.java",7,0,0,0,0,0,0,0.000000,0,0,0.000000,269,110,53.800000,396,392.370968,24,0,0,"0",0,"NO"
"1.1.0","src/java/org/apache/avro/io/BlockingBinaryEncoder.java",422,10,2,1,1,8,5,4.000000,6,5,3.000000,110,65,27.500000,339,337.730530,124,4,45,"20",5,"YES"
"1.1.0","src/java/org/apache/avro/io/BinaryEncoder.java",176,5,1,0,1,3,3,3.000000,1,1,1.000000,343,110,49.000000,396,350.897981,39,1,5,"23",4,"YES"
"1.1.0","src/java/org/apache/avro/io/BinaryDecoder.java",206,5,2,0,1,3,2,1.500000,1,1,0.500000,112,65,28.000000,321,320.279365,59,3,19,"3",3,"NO"
"1.1.0","src/java/org/apache/avro/io/BinaryData.java",156,370,3,0,1,281,190,93.666667,192,190,64.000000,35,25,11.666667,252,250.548649,32,6,40,"0",0,"NO"
"1.1.0","src/java/org/apache/avro/generic/GenericResponder.java",24,1,1,0,1,1,1,1.000000,1,1,1.000000,328,110,54.666667,396,390.947090,21,0,0,"0",0,"NO"
"1.1.0","src/java/org/apache/avro/generic/GenericRequestor.java",30,1,1,0,1,1,1,1.000000,1,1,1.000000,354,110,50.571429,396,387.435644,18,0,0,"1",1,"NO"
"1.1.0","src/java/org/apache/avro/generic/GenericRecord.java",4,10,2,0,1,3,2,1.500000,6,5,3.000000,310,110,62.000000,396,381.617021,18,0,0,"0",0,"NO"
"1.1.0","src/java/org/apache/avro/generic/GenericFixed.java",4,2,1,0,1,1,1,1.000000,0,0,0.000000,305,110,61.000000,396,388.489796,19,0,0,"1",1,"NO"
"1.1.0","src/java/org/apache/avro/generic/GenericDatumWriter.java",122,101,3,1,1,20,11,6.666667,75,68,25.000000,399,110,33.250000,396,371.241337,45,2,17,"3",2,"YES"
"1.1.0","src/java/org/apache/avro/generic/GenericDatumReader.java",342,21,4,1,1,11,5,2.750000,1,1,0.250000,506,110,26.631579,396,364.005653,91,5,95,"25",4,"YES"
"1.1.0","src/java/org/apache/avro/generic/GenericData.java",353,178,3,0,1,164,155,54.666667,150,145,50.000000,458,110,35.230769,396,367.821464,45,12,99,"53",9,"YES"
"1.1.0","src/java/org/apache/avro/generic/GenericContainer.java",5,9,2,0,1,4,2,2.000000,3,2,1.500000,310,110,62.000000,396,383.032258,19,0,0,"0",0,"NO"
"1.1.0","src/java/org/apache/avro/generic/GenericArray.java",7,3,2,0,1,2,1,1.000000,1,1,0.500000,336,110,56.000000,396,391.982609,24,0,0,"0",0,"NO"
"1.1.0","src/java/org/apache/avro/file/SeekableInput.java",8,11,2,1,1,6,3,3.000000,1,1,0.500000,295,110,59.000000,396,385.075630,22,0,0,"0",0,"NO"
"1.1.0","src/java/org/apache/avro/file/SeekableFileInput.java",11,5,1,0,1,4,4,4.000000,3,3,3.000000,285,110,71.250000,396,390.554455,18,0,0,"0",0,"NO"
"1.1.0","src/java/org/apache/avro/file/DataFileWriter.java",143,16,2,1,1,15,13,7.500000,14,13,7.000000,360,110,45.000000,396,388.853577,46,1,5,"4",4,"YES"
"1.1.0","src/java/org/apache/avro/file/DataFileReader.java",159,3,1,0,1,2,2,2.000000,1,1,1.000000,353,110,50.428571,396,391.041359,45,3,19,"16",5,"YES"
"1.1.0","src/java/org/apache/avro/SchemaParseException.java",5,1,1,0,1,1,1,1.000000,1,1,1.000000,285,110,71.250000,396,394.493151,17,0,0,"0",0,"NO"
"1.1.0","src/java/org/apache/avro/Schema.java",597,70,4,1,1,37,23,9.250000,44,22,11.000000,456,110,22.800000,396,377.364809,77,8,84,"133",15,"YES"
"1.1.0","src/java/org/apache/avro/Protocol.java",248,7,2,1,1,5,3,2.500000,3,2,1.500000,436,110,29.066667,396,386.771836,53,3,31,"29",5,"NO"
"1.1.0","src/java/org/apache/avro/AvroTypeException.java",4,1,1,0,1,1,1,1.000000,1,1,1.000000,311,110,62.200000,396,392.704545,18,0,0,"0",0,"NO"
"1.1.0","src/java/org/apache/avro/AvroRuntimeException.java",5,1,1,0,1,1,1,1.000000,1,1,1.000000,285,110,71.250000,396,394.493151,17,0,0,"0",0,"NO"
"1.2.0","src/java/org/apache/avro/util/Utf8.java",56,0,0,0,0,0,0,0.000000,0,0,0.000000,310,110,62.000000,396,387.182879,18,2,9,"12",4,"NO"
"1.2.0","src/java/org/apache/avro/specific/SpecificResponder.java",16,2,1,1,1,1,1,1.000000,0,0,0.000000,348,110,49.714286,396,385.885350,18,0,0,"0",0,"YES"
"1.2.0","src/java/org/apache/avro/specific/SpecificRequestor.java",47,2,1,1,1,1,1,1.000000,0,0,0.000000,389,110,38.900000,396,366.349776,21,0,0,"0",0,"NO"
"1.2.0","src/java/org/apache/avro/specific/SpecificRecordBase.java",42,0,0,0,0,0,0,0.000000,0,0,0.000000,95,65,31.666667,342,322.243902,18,3,8,"13",5,"YES"
"1.2.0","src/java/org/apache/avro/specific/SpecificRecord.java",6,0,0,0,0,0,0,0.000000,0,0,0.000000,336,110,56.000000,396,386.204082,19,0,0,"0",0,"YES"
"1.2.0","src/java/org/apache/avro/specific/SpecificFixed.java",8,0,0,0,0,0,0,0.000000,0,0,0.000000,309,110,51.500000,396,389.631068,18,0,0,"0",0,"NO"
"1.2.0","src/java/org/apache/avro/specific/SpecificExceptionBase.java",15,0,0,0,0,0,0,0.000000,0,0,0.000000,315,110,52.500000,396,380.823529,18,0,0,"2",1,"YES"
"1.2.0","src/java/org/apache/avro/specific/SpecificDatumWriter.java",15,8,1,1,1,6,6,6.000000,4,4,4.000000,373,110,41.444444,396,382.945783,18,0,0,"1",1,"NO"
"1.2.0","src/java/org/apache/avro/specific/SpecificDatumReader.java",21,12,1,1,1,5,5,5.000000,2,2,2.000000,399,110,36.272727,396,387.691638,18,0,0,"0",0,"YES"
"1.2.0","src/java/org/apache/avro/specific/SpecificData.java",64,29,1,0,1,28,28,28.000000,27,27,27.000000,59,27,19.666667,250,243.901786,21,5,11,"3",2,"YES"
"1.2.0","src/java/org/apache/avro/specific/SpecificCompiler.java",255,326,3,2,2,174,171,58.000000,22,21,7.333333,477,110,25.105263,396,342.158730,38,4,71,"21",6,"YES"
"1.2.0","src/java/org/apache/avro/specific/SchemaTask.java",8,4,1,0,1,2,2,2.000000,0,0,0.000000,316,110,52.666667,396,387.410526,18,0,0,"0",0,"NO"
"1.2.0","src/java/org/apache/avro/specific/ProtocolTask.java",46,32,1,0,1,3,3,3.000000,26,26,26.000000,316,110,52.666667,396,377.070988,22,2,6,"7",5,"NO"
"1.2.0","src/java/org/apache/avro/reflect/ReflectResponder.java",65,33,1,0,1,2,2,2.000000,29,29,29.000000,462,110,38.500000,396,378.047511,21,2,6,"8",3,"YES"
"1.2.0","src/java/org/apache/avro/reflect/ReflectRequestor.java",73,4,1,0,1,1,1,1.000000,2,2,2.000000,402,110,40.200000,396,374.307190,21,1,1,"3",3,"NO"
"1.2.0","src/java/org/apache/avro/reflect/ReflectDatumWriter.java",40,8,1,3,1,8,8,8.000000,8,8,8.000000,492,110,30.750000,396,362.600629,21,1,1,"0",0,"YES"
"1.2.0","src/java/org/apache/avro/reflect/ReflectDatumReader.java",64,31,1,2,1,7,7,7.000000,17,17,17.000000,425,110,35.416667,396,375.646570,22,1,6,"1",1,"YES"
"1.2.0","src/java/org/apache/avro/reflect/ReflectData.java",274,90,1,1,1,70,70,70.000000,50,50,50.000000,467,110,33.357143,396,357.530253,52,13,71,"38",9,"YES"
"1.2.0","src/java/org/apache/avro/reflect/FixedSize.java",12,0,0,1,0,0,0,0.000000,0,0,0.000000,315,110,52.500000,396,376.182609,22,0,0,"0",0,"NO"
"1.2.0","src/java/org/apache/avro/ipc/Transceiver.java",16,0,0,0,0,0,0,0.000000,0,0,0.000000,310,110,62.000000,396,390.818898,18,0,0,"1",1,"NO"
"1.2.0","src/java/org/apache/avro/ipc/SocketTransceiver.java",65,16,1,0,1,9,9,9.000000,2,2,2.000000,325,110,54.166667,396,383.349481,21,2,6,"2",1,"NO"
"1.2.0","src/java/org/apache/avro/ipc/SocketServer.java",74,4,1,0,1,2,2,2.000000,0,0,0.000000,351,110,50.142857,396,386.000000,18,2,6,"6",4,"YES"
"1.2.0","src/java/org/apache/avro/ipc/Server.java",5,13,1,0,1,8,8,8.000000,3,3,3.000000,326,110,54.333333,396,371.633663,20,0,0,"0",0,"NO"
"1.2.0","src/java/org/apache/avro/ipc/ResponderServlet.java",30,120,2,0,1,88,76,44.000000,96,76,48.000000,10,5,5.000000,222,218.700000,18,1,1,"0",0,"NO"
"1.2.0","src/java/org/apache/avro/ipc/Responder.java",146,33,2,0,1,10,8,5.000000,13,13,6.500000,426,110,32.769231,396,361.592346,33,2,15,"7",1,"NO"
"1.2.0","src/java/org/apache/avro/ipc/Requestor.java",167,21,2,0,1,10,8,5.000000,1,1,0.500000,437,110,36.416667,396,359.753927,35,2,16,"7",2,"YES"
"1.2.0","src/java/org/apache/avro/ipc/RPCPlugin.java",10,8,1,0,1,4,4,4.000000,0,0,0.000000,28,15,14.000000,283,277.731707,55,0,0,"7",1,"NO"
"1.2.0","src/java/org/apache/avro/ipc/RPCContext.java",64,36,1,0,1,18,18,18.000000,0,0,0.000000,28,15,14.000000,283,272.491892,67,1,4,"2",1,"NO"
"1.2.0","src/java/org/apache/avro/ipc/HttpTransceiver.java",83,122,3,0,1,120,116,40.000000,118,116,39.333333,14,5,4.666667,222,221.704918,22,3,6,"0",0,"NO"
"1.2.0","src/java/org/apache/avro/ipc/HttpServer.java",30,111,2,0,1,85,76,42.500000,93,76,46.500000,10,5,5.000000,222,219.162162,20,1,2,"0",0,"NO"
"1.2.0","src/java/org/apache/avro/ipc/DatagramTransceiver.java",54,84,1,0,1,84,84,84.000000,84,84,84.000000,15,15,15.000000,229,229.000000,21,2,3,"0",0,"NO"
"1.2.0","src/java/org/apache/avro/ipc/DatagramServer.java",45,68,1,0,1,18,18,18.000000,32,32,32.000000,351,110,50.142857,396,365.196687,18,2,3,"0",0,"NO"
"1.2.0","src/java/org/apache/avro/ipc/ByteBufferOutputStream.java",55,0,0,0,0,0,0,0.000000,0,0,0.000000,304,110,60.800000,396,391.553114,25,1,4,"3",2,"NO"
"1.2.0","src/java/org/apache/avro/ipc/ByteBufferInputStream.java",50,0,0,0,0,0,0,0.000000,0,0,0.000000,311,110,44.428571,396,394.080460,30,2,7,"6",2,"NO"
"1.2.0","src/java/org/apache/avro/ipc/AvroRemoteException.java",15,0,0,0,0,0,0,0.000000,0,0,0.000000,311,110,62.200000,396,393.445255,18,1,1,"1",1,"NO"
"1.2.0","src/java/org/apache/avro/io/parsing/ValidatingGrammarGenerator.java",84,0,0,0,0,0,0,0.000000,0,0,0.000000,96,65,32.000000,292,291.574468,43,4,18,"6",5,"YES"
"1.2.0","src/java/org/apache/avro/io/parsing/Symbol.java",254,1,1,1,1,0,0,0.000000,1,1,1.000000,95,65,31.666667,292,291.817708,80,3,8,"13",4,"YES"
"1.2.0","src/java/org/apache/avro/io/parsing/SkipParser.java",43,0,0,0,0,0,0,0.000000,0,0,0.000000,88,65,44.000000,292,291.696970,43,3,3,"1",1,"YES"
"1.2.0","src/java/org/apache/avro/io/parsing/ResolvingGrammarGenerator.java",246,0,0,0,0,0,0,0.000000,0,0,0.000000,96,65,32.000000,292,291.823529,67,5,63,"20",6,"YES"
"1.2.0","src/java/org/apache/avro/io/parsing/Parser.java",86,21,1,1,1,21,21,21.000000,21,21,21.000000,95,65,31.666667,292,283.917647,67,4,11,"3",1,"YES"
"1.2.0","src/java/org/apache/avro/io/parsing/JsonGrammarGenerator.java",60,3,1,1,1,1,1,1.000000,1,1,1.000000,95,65,31.666667,292,290.132075,35,4,16,"4",1,"YES"
"1.2.0","src/java/org/apache/avro/io/ValidatingEncoder.java",149,0,0,0,0,0,0,0.000000,0,0,0.000000,104,65,34.666667,319,306.694915,25,1,2,"0",0,"YES"
"1.2.0","src/java/org/apache/avro/io/ValidatingDecoder.java",179,0,0,0,0,0,0,0.000000,0,0,0.000000,104,65,34.666667,319,307.141066,21,2,10,"0",0,"YES"
"1.2.0","src/java/org/apache/avro/io/ResolvingDecoder.java",112,0,0,0,0,0,0,0.000000,0,0,0.000000,104,65,34.666667,319,307.828947,78,6,19,"1",1,"YES"
"1.2.0","src/java/org/apache/avro/io/ParsingEncoder.java",36,0,0,0,0,0,0,0.000000,0,0,0.000000,90,65,30.000000,292,281.228571,24,1,3,"1",1,"NO"
"1.2.0","src/java/org/apache/avro/io/ParsingDecoder.java",47,0,0,0,0,0,0,0.000000,0,0,0.000000,88,65,44.000000,292,291.920000,19,12,13,"0",0,"NO"
"1.2.0","src/java/org/apache/avro/io/JsonEncoder.java",189,4,1,1,1,1,1,1.000000,2,2,2.000000,103,65,25.750000,292,289.749035,21,3,13,"0",0,"YES"
"1.2.0","src/java/org/apache/avro/io/JsonDecoder.java",343,0,0,0,0,0,0,0.000000,0,0,0.000000,96,65,32.000000,292,290.482679,18,5,38,"3",3,"YES"
"1.2.0","src/java/org/apache/avro/io/Encoder.java",36,0,0,0,0,0,0,0.000000,0,0,0.000000,343,110,49.000000,396,351.275456,212,0,0,"0",0,"NO"
"1.2.0","src/java/org/apache/avro/io/Decoder.java",32,0,0,0,0,0,0,0.000000,0,0,0.000000,378,110,37.800000,396,353.364775,219,0,0,"0",0,"NO"
"1.2.0","src/java/org/apache/avro/io/DatumWriter.java",7,0,0,0,0,0,0,0.000000,0,0,0.000000,334,110,55.666667,396,391.172414,23,0,0,"0",0,"NO"
"1.2.0","src/java/org/apache/avro/io/DatumReader.java",7,0,0,0,0,0,0,0.000000,0,0,0.000000,269,110,53.800000,396,392.370968,24,0,0,"0",0,"NO"
"1.2.0","src/java/org/apache/avro/io/BlockingBinaryEncoder.java",422,0,0,1,0,0,0,0.000000,0,0,0.000000,110,65,27.500000,339,337.730530,124,4,45,"20",5,"YES"
"1.2.0","src/java/org/apache/avro/io/BinaryEncoder.java",176,0,0,0,0,0,0,0.000000,0,0,0.000000,343,110,49.000000,396,350.897981,39,1,5,"22",3,"YES"
"1.2.0","src/java/org/apache/avro/io/BinaryDecoder.java",206,0,0,0,0,0,0,0.000000,0,0,0.000000,112,65,28.000000,321,320.279365,59,3,19,"3",3,"NO"
"1.2.0","src/java/org/apache/avro/io/BinaryData.java",156,0,0,0,0,0,0,0.000000,0,0,0.000000,35,25,11.666667,252,250.548649,32,6,40,"16",5,"NO"
"1.2.0","src/java/org/apache/avro/generic/GenericResponder.java",24,0,0,0,0,0,0,0.000000,0,0,0.000000,328,110,54.666667,396,390.947090,21,0,0,"0",0,"NO"
"1.2.0","src/java/org/apache/avro/generic/GenericRequestor.java",30,0,0,0,0,0,0,0.000000,0,0,0.000000,354,110,50.571429,396,387.435644,18,0,0,"1",1,"NO"
"1.2.0","src/java/org/apache/avro/generic/GenericRecord.java",4,0,0,0,0,0,0,0.000000,0,0,0.000000,310,110,62.000000,396,381.617021,18,0,0,"0",0,"YES"
"1.2.0","src/java/org/apache/avro/generic/GenericFixed.java",4,0,0,0,0,0,0,0.000000,0,0,0.000000,305,110,61.000000,396,388.489796,19,0,0,"0",0,"NO"
"1.2.0","src/java/org/apache/avro/generic/GenericDatumWriter.java",122,0,0,1,0,0,0,0.000000,0,0,0.000000,399,110,33.250000,396,371.241337,45,2,17,"0",0,"YES"
"1.2.0","src/java/org/apache/avro/generic/GenericDatumReader.java",344,7,1,1,1,5,5,5.000000,3,3,3.000000,508,110,25.400000,396,363.469595,91,5,95,"25",4,"YES"
"1.2.0","src/java/org/apache/avro/generic/GenericData.java",365,13,2,1,1,13,12,6.500000,13,12,6.500000,464,110,30.933333,396,366.018812,46,12,102,"67",10,"YES"
"1.2.0","src/java/org/apache/avro/generic/GenericContainer.java",5,0,0,0,0,0,0,0.000000,0,0,0.000000,310,110,62.000000,396,383.032258,19,0,0,"0",0,"NO"
"1.2.0","src/java/org/apache/avro/generic/GenericArray.java",7,0,0,0,0,0,0,0.000000,0,0,0.000000,336,110,56.000000,396,391.982609,24,0,0,"0",0,"NO"
"1.2.0","src/java/org/apache/avro/file/SeekableInput.java",8,0,0,1,0,0,0,0.000000,0,0,0.000000,295,110,59.000000,396,385.075630,22,0,0,"0",0,"NO"
"1.2.0","src/java/org/apache/avro/file/SeekableFileInput.java",11,0,0,0,0,0,0,0.000000,0,0,0.000000,285,110,71.250000,396,390.554455,18,0,0,"0",0,"NO"
"1.2.0","src/java/org/apache/avro/file/DataFileWriter.java",137,25,1,2,1,9,9,9.000000,7,7,7.000000,366,110,40.666667,396,381.910543,46,1,5,"4",3,"NO"
"1.2.0","src/java/org/apache/avro/file/DataFileReader.java",167,30,1,1,1,19,19,19.000000,8,8,8.000000,359,110,44.875000,396,383.571429,45,3,21,"16",5,"NO"
"1.2.0","src/java/org/apache/avro/file/DataFileConstants.java",15,31,1,1,1,17,17,17.000000,3,3,3.000000,291,110,58.200000,396,349.325758,20,0,0,"0",0,"NO"
"1.2.0","src/java/org/apache/avro/SchemaParseException.java",5,1,1,0,1,1,1,1.000000,1,1,1.000000,289,110,57.800000,396,392.040541,18,0,0,"0",0,"NO"
"1.2.0","src/java/org/apache/avro/Schema.java",642,130,1,1,1,88,88,88.000000,46,46,46.000000,483,110,23.000000,396,368.869622,84,8,96,"133",17,"YES"
"1.2.0","src/java/org/apache/avro/Protocol.java",256,17,1,1,1,15,15,15.000000,13,13,13.000000,463,110,28.937500,396,384.387182,55,3,32,"29",5,"YES"
"1.2.0","src/java/org/apache/avro/AvroTypeException.java",4,0,0,0,0,0,0,0.000000,0,0,0.000000,311,110,62.200000,396,392.704545,18,0,0,"0",0,"NO"
"1.2.0","src/java/org/apache/avro/AvroRuntimeException.java",5,1,1,0,1,1,1,1.000000,1,1,1.000000,289,110,57.800000,396,392.040541,18,0,0,"0",0,"NO"
"1.3.0","lang/java/src/java/org/apache/avro/SchemaParseException.java",5,0,1,0,1,0,0,0.000000,0,0,0.000000,723,434,120.500000,396,392.040541,18,0,0,"0",0,"NO"
"1.3.0","lang/java/src/java/org/apache/avro/AvroRuntimeException.java",8,3,2,0,1,3,3,1.500000,3,3,1.500000,732,434,104.571429,396,383.233766,18,0,0,"0",0,"NO"
"1.3.0","lang/java/src/java/org/apache/avro/Schema.java",836,710,19,6,3,511,196,26.894737,328,146,17.263158,1056,434,26.400000,396,312.776154,179,9,115,"143",18,"NO"
"1.3.0","lang/java/src/java/org/apache/avro/ipc/stats/StatsServlet.java",68,107,2,0,1,107,107,53.500000,107,107,53.500000,446,434,223.000000,122,122.000000,25,1,3,"0",0,"NO"
"1.3.0","lang/java/src/java/org/apache/avro/ipc/stats/FloatHistogram.java",27,47,3,1,1,27,26,9.000000,7,7,2.333333,481,434,96.200000,265,196.281250,22,1,2,"0",0,"NO"
"1.3.0","lang/java/src/java/org/apache/avro/ipc/stats/Histogram.java",128,205,2,0,1,205,205,102.500000,205,205,102.500000,446,434,223.000000,122,122.000000,52,2,8,"0",0,"NO"
"1.3.0","lang/java/src/java/org/apache/avro/ipc/stats/StatsPlugin.java",75,121,2,0,1,121,121,60.500000,121,121,60.500000,446,434,223.000000,122,122.000000,35,1,2,"0",0,"NO"
"1.3.0","lang/java/src/java/org/apache/avro/ipc/stats/Stopwatch.java",38,74,2,0,1,74,74,37.000000,74,74,37.000000,446,434,223.000000,122,122.000000,28,2,4,"0",0,"NO"
"1.3.0","lang/java/src/java/org/apache/avro/ipc/ByteBufferOutputStream.java",55,0,1,0,1,0,0,0.000000,0,0,0.000000,738,434,123.000000,396,391.553114,25,1,4,"3",2,"NO"
"1.3.0","lang/java/src/java/org/apache/avro/ipc/RPCContext.java",70,8,2,0,1,8,8,4.000000,8,8,4.000000,467,434,116.750000,283,266.585492,67,1,4,"2",1,"YES"
"1.3.0","lang/java/src/java/org/apache/avro/ipc/Server.java",5,0,1,0,1,0,0,0.000000,0,0,0.000000,760,434,108.571429,396,371.633663,20,0,0,"0",0,"NO"
"1.3.0","lang/java/src/java/org/apache/avro/ipc/AvroRemoteException.java",15,0,1,0,1,0,0,0.000000,0,0,0.000000,745,434,124.166667,396,393.445255,18,1,1,"1",1,"NO"
"1.3.0","lang/java/src/java/org/apache/avro/ipc/Transceiver.java",17,3,2,0,1,2,2,1.000000,1,1,0.500000,748,434,106.857143,396,385.746154,18,0,0,"1",1,"NO"
"1.3.0","lang/java/src/java/org/apache/avro/ipc/HttpTransceiver.java",80,13,3,0,1,4,4,1.333333,7,6,2.333333,481,434,80.166667,222,214.525926,22,3,6,"2",2,"NO"
"1.3.0","lang/java/src/java/org/apache/avro/ipc/DatagramServer.java",45,3,2,0,1,2,2,1.000000,1,1,0.500000,792,434,88.000000,396,363.528807,19,2,3,"1",1,"NO"
"1.3.0","lang/java/src/java/org/apache/avro/ipc/RPCPlugin.java",10,0,1,0,1,0,0,0.000000,0,0,0.000000,462,434,154.000000,283,277.731707,55,0,0,"7",1,"NO"
"1.3.0","lang/java/src/java/org/apache/avro/ipc/Responder.java",148,19,5,0,1,11,4,2.200000,5,2,1.000000,913,434,50.722222,396,354.106452,33,2,15,"5",1,"YES"
"1.3.0","lang/java/src/java/org/apache/avro/ipc/Requestor.java",167,20,4,0,1,10,5,2.500000,4,2,1.000000,915,434,57.187500,396,351.192243,35,2,16,"4",1,"YES"
"1.3.0","lang/java/src/java/org/apache/avro/ipc/LocalTransceiver.java",27,39,3,0,1,24,22,8.000000,9,8,3.000000,751,434,93.875000,396,329.198795,18,0,0,"0",0,"NO"
"1.3.0","lang/java/src/java/org/apache/avro/ipc/DatagramTransceiver.java",54,3,2,0,1,2,2,1.000000,1,1,0.500000,456,434,152.000000,229,224.379310,22,2,3,"2",1,"NO"
"1.3.0","lang/java/src/java/org/apache/avro/ipc/SocketTransceiver.java",66,6,3,0,1,4,2,1.333333,2,1,0.666667,769,434,85.444444,396,377.779661,22,2,6,"2",1,"NO"
"1.3.0","lang/java/src/java/org/apache/avro/ipc/ByteBufferInputStream.java",50,0,1,0,1,0,0,0.000000,0,0,0.000000,745,434,93.125000,396,394.080460,30,2,7,"6",2,"NO"
"1.3.0","lang/java/src/java/org/apache/avro/ipc/SocketServer.java",74,5,3,0,1,3,2,1.000000,1,1,0.333333,795,434,79.500000,396,382.705189,19,2,6,"6",4,"YES"
"1.3.0","lang/java/src/java/org/apache/avro/ipc/ResponderServlet.java",30,0,1,0,1,0,0,0.000000,0,0,0.000000,444,434,148.000000,222,218.700000,18,1,1,"0",0,"NO"
"1.3.0","lang/java/src/java/org/apache/avro/ipc/HttpServer.java",30,0,1,0,1,0,0,0.000000,0,0,0.000000,444,434,148.000000,222,219.162162,20,1,2,"0",0,"NO"
"1.3.0","lang/java/src/java/org/apache/avro/specific/SpecificDatumWriter.java",29,26,3,1,1,22,20,7.333333,18,18,6.000000,840,434,70.000000,396,354.192708,18,0,0,"1",1,"NO"
"1.3.0","lang/java/src/java/org/apache/avro/specific/FixedSize.java",12,2,2,1,1,1,1,0.500000,0,0,0.000000,767,434,95.875000,396,372.829060,22,0,0,"0",0,"NO"
"1.3.0","lang/java/src/java/org/apache/avro/specific/SpecificCompiler.java",336,591,14,5,2,352,181,25.142857,159,49,11.357143,1022,434,30.969697,396,285.374493,52,4,75,"20",4,"NO"
"1.3.0","lang/java/src/java/org/apache/avro/specific/SpecificExceptionBase.java",18,11,3,2,1,7,6,2.333333,3,3,1.000000,771,434,85.666667,396,362.553846,21,1,3,"2",1,"NO"
"1.3.0","lang/java/src/java/org/apache/avro/specific/SpecificRecordBase.java",27,48,4,3,1,15,6,3.750000,32,25,8.000000,554,434,79.142857,342,264.207692,21,1,3,"13",5,"NO"
"1.3.0","lang/java/src/java/org/apache/avro/specific/SchemaTask.java",8,0,1,0,1,0,0,0.000000,0,0,0.000000,750,434,107.142857,396,387.410526,18,0,0,"0",0,"NO"
"1.3.0","lang/java/src/java/org/apache/avro/specific/SpecificRecord.java",4,6,2,1,1,2,2,1.000000,2,2,1.000000,784,434,98.000000,396,369.519231,19,0,0,"0",0,"NO"
"1.3.0","lang/java/src/java/org/apache/avro/specific/ProtocolTask.java",46,0,1,0,1,0,0,0.000000,0,0,0.000000,750,434,107.142857,396,377.070988,22,2,6,"7",5,"NO"
"1.3.0","lang/java/src/java/org/apache/avro/specific/SpecificFixed.java",7,1,2,0,1,0,0,0.000000,1,1,0.500000,761,434,95.125000,396,387.615385,18,0,0,"0",0,"NO"
"1.3.0","lang/java/src/java/org/apache/avro/specific/SpecificRequestor.java",69,57,4,1,2,41,37,10.250000,27,26,6.750000,876,434,62.571429,396,325.935714,21,1,1,"0",0,"YES"
"1.3.0","lang/java/src/java/org/apache/avro/specific/SpecificData.java",167,285,9,4,1,201,162,22.333333,215,139,23.888889,573,434,47.750000,250,187.571788,28,13,43,"5",3,"NO"
"1.3.0","lang/java/src/java/org/apache/avro/specific/SpecificDatumReader.java",57,65,7,3,1,54,48,7.714286,51,46,7.285714,909,434,50.500000,396,365.336463,19,1,4,"1",1,"NO"
"1.3.0","lang/java/src/java/org/apache/avro/specific/SpecificResponder.java",75,89,5,2,2,78,64,15.600000,69,61,13.800000,850,434,70.833333,396,306.784553,18,2,6,"0",0,"YES"
"1.3.0","lang/java/src/java/org/apache/avro/io/ValidatingDecoder.java",181,12,6,1,2,7,2,1.166667,6,2,1.000000,591,434,65.666667,319,303.606154,21,2,10,"0",0,"NO"
"1.3.0","lang/java/src/java/org/apache/avro/io/BinaryEncoder.java",178,4,2,1,2,3,3,1.500000,2,2,1.000000,781,434,86.777778,396,349.852910,39,1,6,"22",3,"NO"
"1.3.0","lang/java/src/java/org/apache/avro/io/ValidatingEncoder.java",149,8,5,2,2,4,1,0.800000,0,0,0.000000,582,434,72.750000,319,303.009501,25,1,2,"0",0,"NO"
"1.3.0","lang/java/src/java/org/apache/avro/io/DirectBinaryDecoder.java",154,240,4,0,2,71,37,17.750000,116,107,29.000000,575,434,71.875000,321,219.834234,27,3,15,"0",0,"NO"
"1.3.0","lang/java/src/java/org/apache/avro/io/ParsingEncoder.java",36,0,1,0,1,0,0,0.000000,0,0,0.000000,524,434,131.000000,292,281.228571,24,1,3,"1",1,"NO"
"1.3.0","lang/java/src/java/org/apache/avro/io/BlockingBinaryEncoder.java",418,27,3,2,2,10,10,3.333333,11,9,3.666667,573,434,81.857143,339,329.615845,122,4,46,"20",5,"NO"
"1.3.0","lang/java/src/java/org/apache/avro/io/parsing/Parser.java",98,216,6,2,2,121,34,20.166667,48,16,8.000000,582,434,64.666667,292,189.761658,79,4,13,"3",1,"NO"
"1.3.0","lang/java/src/java/org/apache/avro/io/parsing/ValidatingGrammarGenerator.java",82,20,5,1,2,9,4,1.800000,6,2,1.200000,590,434,73.750000,292,269.403727,43,4,18,"6",5,"NO"
"1.3.0","lang/java/src/java/org/apache/avro/io/parsing/SkipParser.java",44,21,6,1,2,11,3,1.833333,3,1,0.500000,575,434,71.875000,292,260.891667,43,3,3,"1",1,"NO"
"1.3.0","lang/java/src/java/org/apache/avro/io/parsing/Symbol.java",358,266,10,2,2,217,166,21.700000,224,164,22.400000,601,434,46.230769,292,218.744615,123,3,16,"13",4,"NO"
"1.3.0","lang/java/src/java/org/apache/avro/io/parsing/ResolvingGrammarGenerator.java",335,202,10,3,2,156,113,15.600000,126,110,12.600000,613,434,47.153846,292,220.780443,84,5,83,"20",6,"YES"
"1.3.0","lang/java/src/java/org/apache/avro/io/parsing/JsonGrammarGenerator.java",58,24,5,2,2,11,4,2.200000,6,2,1.200000,589,434,73.625000,292,256.738462,35,4,16,"4",1,"NO"
"1.3.0","lang/java/src/java/org/apache/avro/io/DecoderFactory.java",76,232,1,0,1,232,232,232.000000,232,232,232.000000,24,24,24.000000,80,80.000000,143,3,8,"0",0,"NO"
"1.3.0","lang/java/src/java/org/apache/avro/io/JsonDecoder.java",363,87,8,2,2,57,30,7.125000,27,18,3.375000,617,434,56.090909,292,263.065385,21,5,39,"3",3,"NO"
"1.3.0","lang/java/src/java/org/apache/avro/io/Encoder.java",36,8,2,0,1,2,2,1.000000,4,4,2.000000,781,434,86.777778,396,349.742827,209,0,0,"0",0,"NO"
"1.3.0","lang/java/src/java/org/apache/avro/io/Decoder.java",32,9,2,0,1,8,8,4.000000,7,7,3.500000,836,434,69.666667,396,351.326429,226,0,0,"0",0,"NO"
"1.3.0","lang/java/src/java/org/apache/avro/io/DatumWriter.java",7,0,1,0,1,0,0,0.000000,0,0,0.000000,768,434,109.714286,396,391.172414,23,0,0,"0",0,"NO"
"1.3.0","lang/java/src/java/org/apache/avro/io/ResolvingDecoder.java",123,185,11,1,2,105,49,9.545455,61,30,5.545455,641,434,45.785714,319,242.260177,91,6,21,"1",1,"NO"
"1.3.0","lang/java/src/java/org/apache/avro/io/BinaryData.java",152,61,3,0,2,28,27,9.333333,5,3,1.666667,513,434,85.500000,252,226.503480,33,6,42,"16",5,"NO"
"1.3.0","lang/java/src/java/org/apache/avro/io/JsonEncoder.java",194,28,6,3,2,17,12,2.833333,6,6,1.000000,589,434,58.900000,292,272.038328,21,3,14,"0",0,"NO"
"1.3.0","lang/java/src/java/org/apache/avro/io/DatumReader.java",7,0,1,0,1,0,0,0.000000,0,0,0.000000,703,434,117.166667,396,392.370968,24,0,0,"0",0,"NO"
"1.3.0","lang/java/src/java/org/apache/avro/io/ParsingDecoder.java",47,0,1,0,1,0,0,0.000000,0,0,0.000000,522,434,174.000000,292,291.920000,19,12,13,"0",0,"NO"
"1.3.0","lang/java/src/java/org/apache/avro/io/BinaryDecoder.java",648,1012,4,0,2,847,813,211.750000,682,673,170.500000,575,434,71.875000,321,138.483798,256,9,62,"3",3,"NO"
"1.3.0","lang/java/src/java/org/apache/avro/generic/GenericArray.java",7,0,1,0,1,0,0,0.000000,0,0,0.000000,770,434,110.000000,396,391.982609,24,0,0,"0",0,"NO"
"1.3.0","lang/java/src/java/org/apache/avro/generic/GenericDatumReader.java",235,345,10,4,3,117,63,11.700000,161,126,16.100000,1035,434,34.500000,396,321.404526,84,4,48,"25",4,"NO"
"1.3.0","lang/java/src/java/org/apache/avro/generic/IndexedRecord.java",5,22,3,1,1,12,10,4.000000,10,6,3.333333,766,434,95.750000,396,330.655172,20,0,0,"0",0,"NO"
"1.3.0","lang/java/src/java/org/apache/avro/generic/GenericFixed.java",4,0,1,0,1,0,0,0.000000,0,0,0.000000,739,434,123.166667,396,388.489796,19,0,0,"0",0,"NO"
"1.3.0","lang/java/src/java/org/apache/avro/generic/GenericRequestor.java",29,8,3,0,1,3,3,1.000000,8,5,2.666667,832,434,83.200000,396,380.200000,18,0,0,"1",1,"YES"
"1.3.0","lang/java/src/java/org/apache/avro/generic/GenericDatumWriter.java",125,21,6,4,2,13,7,2.166667,7,6,1.166667,899,434,49.944444,396,365.031363,47,2,17,"0",0,"NO"
"1.3.0","lang/java/src/java/org/apache/avro/generic/GenericResponder.java",27,6,2,0,1,3,3,1.500000,0,0,0.000000,780,434,97.500000,396,384.456410,18,0,0,"0",0,"YES"
"1.3.0","lang/java/src/java/org/apache/avro/generic/GenericContainer.java",5,0,1,0,1,0,0,0.000000,0,0,0.000000,744,434,124.000000,396,383.032258,19,0,0,"0",0,"NO"
"1.3.0","lang/java/src/java/org/apache/avro/generic/GenericRecord.java",5,23,3,1,1,13,10,4.333333,9,6,3.000000,766,434,95.750000,396,328.658120,21,0,0,"0",0,"NO"
"1.3.0","lang/java/src/java/org/apache/avro/generic/GenericData.java",409,207,11,6,3,128,58,11.636364,57,41,5.181818,988,434,38.000000,396,326.935086,57,12,113,"70",10,"NO"
"1.3.0","lang/java/src/java/org/apache/avro/AvroTypeException.java",7,3,2,0,1,3,3,1.500000,3,3,1.500000,754,434,107.714286,396,385.230769,18,0,0,"0",0,"NO"
"1.3.0","lang/java/src/java/org/apache/avro/tool/JsonToBinaryFragmentTool.java",52,77,2,0,1,77,77,38.500000,77,77,38.500000,447,434,223.500000,131,131.000000,18,1,3,"0",0,"NO"
"1.3.0","lang/java/src/java/org/apache/avro/tool/DataFileReadTool.java",49,82,3,0,1,80,79,26.666667,80,79,26.666667,459,434,153.000000,131,130.963415,21,1,2,"0",0,"NO"
"1.3.0","lang/java/src/java/org/apache/avro/tool/RpcSendTool.java",91,149,3,0,1,136,98,45.333333,123,98,41.000000,457,434,152.333333,130,118.020134,20,2,4,"0",0,"NO"
"1.3.0","lang/java/src/java/org/apache/avro/tool/Tool.java",9,51,6,0,1,38,20,6.333333,27,17,4.500000,757,434,68.818182,396,303.064000,38,0,0,"0",0,"NO"
"1.3.0","lang/java/src/java/org/apache/avro/tool/GenAvroTool.java",46,80,3,0,1,79,78,26.333333,78,78,26.000000,465,434,155.000000,130,129.675000,21,1,3,"0",0,"NO"
"1.3.0","lang/java/src/java/org/apache/avro/tool/RpcReceiveTool.java",135,196,3,0,1,186,140,62.000000,176,140,58.666667,457,434,152.333333,130,120.000000,23,2,9,"0",0,"NO"
"1.3.0","lang/java/src/java/org/apache/avro/tool/DataFileGetSchemaTool.java",30,102,6,0,1,65,28,10.833333,30,17,5.000000,761,434,69.181818,396,253.363636,18,1,1,"0",0,"NO"
"1.3.0","lang/java/src/java/org/apache/avro/tool/Main.java",61,125,10,0,2,111,58,11.100000,97,58,9.700000,514,434,51.400000,195,165.568000,24,2,6,"0",0,"NO"
"1.3.0","lang/java/src/java/org/apache/avro/tool/Util.java",36,56,4,0,1,49,18,12.250000,42,18,10.500000,786,434,78.600000,396,288.860927,29,1,1,"0",0,"NO"
"1.3.0","lang/java/src/java/org/apache/avro/tool/BinaryFragmentToJsonTool.java",62,89,3,0,1,87,84,29.000000,85,84,28.333333,471,434,157.000000,131,128.134831,18,1,3,"0",0,"NO"
"1.3.0","lang/java/src/java/org/apache/avro/tool/DataFileWriteTool.java",69,112,4,0,2,105,82,26.250000,98,82,24.500000,475,434,118.750000,131,125.625000,18,2,4,"0",0,"NO"
"1.3.0","lang/java/src/java/org/apache/avro/util/Utf8.java",60,5,2,0,1,5,5,2.500000,5,5,2.500000,747,434,106.714286,396,381.606870,18,2,9,"12",4,"YES"
"1.3.0","lang/java/src/java/org/apache/avro/file/LengthLimitedInputStream.java",53,85,1,0,1,85,85,85.000000,85,85,85.000000,16,16,16.000000,108,108.000000,22,2,5,"0",0,"NO"
"1.3.0","lang/java/src/java/org/apache/avro/file/Codec.java",16,73,6,0,2,44,20,7.333333,19,13,3.166667,783,434,78.300000,396,267.494253,32,0,0,"0",0,"NO"
"1.3.0","lang/java/src/java/org/apache/avro/file/DeflateCodec.java",100,223,5,0,2,184,104,36.800000,157,104,31.400000,67,24,13.400000,108,95.910314,31,2,10,"0",0,"NO"
"1.3.0","lang/java/src/java/org/apache/avro/file/DataFileWriter.java",254,470,9,2,2,322,84,35.777778,190,68,21.111111,868,434,48.222222,396,271.096715,84,2,17,"4",3,"NO"
"1.3.0","lang/java/src/java/org/apache/avro/file/SeekableFileInput.java",13,2,2,0,1,2,2,1.000000,2,2,1.000000,724,434,120.666667,396,386.543689,18,0,0,"0",0,"NO"
"1.3.0","lang/java/src/java/org/apache/avro/file/CodecFactory.java",36,76,2,0,2,76,70,38.000000,76,70,38.000000,25,16,12.500000,108,105.789474,28,1,1,"0",0,"NO"
"1.3.0","lang/java/src/java/org/apache/avro/file/DataFileConstants.java",14,12,4,1,2,6,4,1.500000,2,1,0.500000,749,434,83.222222,396,329.604167,20,0,0,"0",0,"NO"
"1.3.0","lang/java/src/java/org/apache/avro/file/SeekableInput.java",8,0,1,1,1,0,0,0.000000,0,0,0.000000,729,434,121.500000,396,385.075630,22,0,0,"0",0,"NO"
"1.3.0","lang/java/src/java/org/apache/avro/file/NullCodec.java",35,141,8,0,2,81,25,10.125000,21,8,2.625000,818,434,62.923077,396,240.175373,19,1,1,"0",0,"NO"
"1.3.0","lang/java/src/java/org/apache/avro/file/DataFileReader.java",116,340,6,1,1,141,66,23.500000,122,90,20.333333,869,434,62.071429,396,297.215855,34,3,9,"16",5,"NO"
"1.3.0","lang/java/src/java/org/apache/avro/file/DataFileStream.java",188,384,7,1,2,326,177,46.571429,276,177,39.428571,507,434,72.428571,130,107.414063,58,3,25,"0",0,"NO"
"1.3.0","lang/java/src/java/org/apache/avro/reflect/InduceSchemaTool.java",49,94,6,0,2,85,59,14.166667,78,59,13.000000,461,434,76.833333,171,165.861702,20,3,5,"0",0,"NO"
"1.3.0","lang/java/src/java/org/apache/avro/reflect/ReflectData.java",334,753,14,5,2,405,160,28.928571,351,138,25.071429,1030,434,36.785714,396,270.829723,64,11,67,"38",8,"YES"
"1.3.0","lang/java/src/java/org/apache/avro/reflect/ReflectRequestor.java",43,52,3,0,1,8,6,2.666667,36,36,12.000000,869,434,66.846154,396,345.402235,21,0,0,"3",3,"NO"
"1.3.0","lang/java/src/java/org/apache/avro/reflect/Union.java",12,26,4,1,1,14,7,3.500000,2,2,0.500000,781,434,78.100000,396,335.666667,25,0,0,"0",0,"NO"
"1.3.0","lang/java/src/java/org/apache/avro/reflect/ReflectResponder.java",22,78,4,1,1,13,9,3.250000,52,52,13.000000,944,434,59.000000,396,347.801923,18,0,0,"7",3,"NO"
"1.3.0","lang/java/src/java/org/apache/avro/reflect/Stringable.java",10,15,3,2,1,6,5,2.000000,3,3,1.000000,776,434,86.222222,396,350.846154,22,0,0,"0",0,"NO"
"1.3.0","lang/java/src/java/org/apache/avro/reflect/ReflectDatumReader.java",109,193,11,4,2,119,55,10.818182,131,55,11.909091,964,434,41.913043,396,314.875371,23,2,13,"2",2,"NO"
"1.3.0","lang/java/src/java/org/apache/avro/reflect/ReflectDatumWriter.java",87,115,8,5,1,83,42,10.375000,73,42,9.125000,1005,434,41.875000,396,310.023095,24,1,6,"0",0,"NO"
"1.3.0","lang/java/src/java/org/apache/avro/Protocol.java",279,55,6,2,2,44,27,7.333333,35,23,5.833333,951,434,43.227273,396,372.622278,62,3,35,"29",5,"YES"
"1.3.1","lang/java/src/java/org/apache/avro/SchemaParseException.java",5,0,0,0,0,0,0,0.000000,0,0,0.000000,723,434,120.500000,396,392.040541,18,0,0,"0",0,"NO"
"1.3.1","lang/java/src/java/org/apache/avro/AvroRuntimeException.java",8,0,0,0,0,0,0,0.000000,0,0,0.000000,732,434,104.571429,396,383.233766,18,0,0,"0",0,"NO"
"1.3.1","lang/java/src/java/org/apache/avro/Schema.java",836,0,0,6,0,0,0,0.000000,0,0,0.000000,1056,434,26.400000,396,312.776154,179,9,115,"157",17,"NO"
"1.3.1","lang/java/src/java/org/apache/avro/ipc/stats/StatsServlet.java",68,0,0,0,0,0,0,0.000000,0,0,0.000000,446,434,223.000000,122,122.000000,25,1,3,"0",0,"NO"
"1.3.1","lang/java/src/java/org/apache/avro/ipc/stats/FloatHistogram.java",27,0,0,1,0,0,0,0.000000,0,0,0.000000,481,434,96.200000,265,196.281250,22,1,2,"0",0,"NO"
"1.3.1","lang/java/src/java/org/apache/avro/ipc/stats/Histogram.java",128,0,0,0,0,0,0,0.000000,0,0,0.000000,446,434,223.000000,122,122.000000,52,2,8,"6",4,"NO"
"1.3.1","lang/java/src/java/org/apache/avro/ipc/stats/StatsPlugin.java",75,0,0,0,0,0,0,0.000000,0,0,0.000000,446,434,223.000000,122,122.000000,35,1,2,"1",1,"NO"
"1.3.1","lang/java/src/java/org/apache/avro/ipc/stats/Stopwatch.java",38,0,0,0,0,0,0,0.000000,0,0,0.000000,446,434,223.000000,122,122.000000,28,2,4,"4",2,"NO"
"1.3.1","lang/java/src/java/org/apache/avro/ipc/ByteBufferOutputStream.java",55,0,0,0,0,0,0,0.000000,0,0,0.000000,738,434,123.000000,396,391.553114,25,1,4,"3",2,"NO"
"1.3.1","lang/java/src/java/org/apache/avro/ipc/RPCContext.java",70,6,1,1,1,3,3,3.000000,0,0,0.000000,479,434,95.800000,283,260.597990,67,1,4,"2",1,"NO"
"1.3.1","lang/java/src/java/org/apache/avro/ipc/Server.java",5,0,0,0,0,0,0,0.000000,0,0,0.000000,760,434,108.571429,396,371.633663,20,0,0,"0",0,"NO"
"1.3.1","lang/java/src/java/org/apache/avro/ipc/AvroRemoteException.java",15,0,0,0,0,0,0,0.000000,0,0,0.000000,745,434,124.166667,396,393.445255,18,1,1,"1",1,"NO"
"1.3.1","lang/java/src/java/org/apache/avro/ipc/Transceiver.java",17,0,0,0,0,0,0,0.000000,0,0,0.000000,748,434,106.857143,396,385.746154,18,0,0,"2",2,"NO"
"1.3.1","lang/java/src/java/org/apache/avro/ipc/HttpTransceiver.java",80,0,0,0,0,0,0,0.000000,0,0,0.000000,481,434,80.166667,222,214.525926,22,3,6,"1",1,"NO"
"1.3.1","lang/java/src/java/org/apache/avro/ipc/DatagramServer.java",45,0,0,0,0,0,0,0.000000,0,0,0.000000,792,434,88.000000,396,363.528807,19,2,3,"1",1,"NO"
"1.3.1","lang/java/src/java/org/apache/avro/ipc/RPCPlugin.java",10,0,0,0,0,0,0,0.000000,0,0,0.000000,462,434,154.000000,283,277.731707,55,0,0,"7",1,"NO"
"1.3.1","lang/java/src/java/org/apache/avro/ipc/Responder.java",143,19,1,1,1,7,7,7.000000,5,5,5.000000,925,434,48.684211,396,345.599374,33,2,14,"5",1,"NO"
"1.3.1","lang/java/src/java/org/apache/avro/ipc/Requestor.java",167,6,1,1,1,3,3,3.000000,0,0,0.000000,927,434,54.529412,396,348.355593,35,2,16,"4",1,"YES"
"1.3.1","lang/java/src/java/org/apache/avro/ipc/LocalTransceiver.java",27,0,0,0,0,0,0,0.000000,0,0,0.000000,751,434,93.875000,396,329.198795,18,0,0,"0",0,"NO"
"1.3.1","lang/java/src/java/org/apache/avro/ipc/DatagramTransceiver.java",54,0,0,0,0,0,0,0.000000,0,0,0.000000,456,434,152.000000,229,224.379310,22,2,3,"2",1,"NO"
"1.3.1","lang/java/src/java/org/apache/avro/ipc/SocketTransceiver.java",66,0,0,0,0,0,0,0.000000,0,0,0.000000,769,434,85.444444,396,377.779661,22,2,6,"2",1,"NO"
"1.3.1","lang/java/src/java/org/apache/avro/ipc/ByteBufferInputStream.java",50,0,0,0,0,0,0,0.000000,0,0,0.000000,745,434,93.125000,396,394.080460,30,2,7,"6",2,"NO"
"1.3.1","lang/java/src/java/org/apache/avro/ipc/SocketServer.java",74,0,0,0,0,0,0,0.000000,0,0,0.000000,795,434,79.500000,396,382.705189,19,2,6,"6",4,"YES"
"1.3.1","lang/java/src/java/org/apache/avro/ipc/ResponderServlet.java",30,0,0,0,0,0,0,0.000000,0,0,0.000000,444,434,148.000000,222,218.700000,18,1,1,"0",0,"NO"
"1.3.1","lang/java/src/java/org/apache/avro/ipc/HttpServer.java",30,0,0,0,0,0,0,0.000000,0,0,0.000000,444,434,148.000000,222,219.162162,20,1,2,"0",0,"NO"
"1.3.1","lang/java/src/java/org/apache/avro/specific/SpecificDatumWriter.java",29,0,0,1,0,0,0,0.000000,0,0,0.000000,840,434,70.000000,396,354.192708,18,0,0,"1",1,"NO"
"1.3.1","lang/java/src/java/org/apache/avro/specific/FixedSize.java",12,0,0,1,0,0,0,0.000000,0,0,0.000000,767,434,95.875000,396,372.829060,22,0,0,"0",0,"NO"
"1.3.1","lang/java/src/java/org/apache/avro/specific/SpecificCompiler.java",336,0,0,5,0,0,0,0.000000,0,0,0.000000,1022,434,30.969697,396,285.374493,52,4,75,"12",2,"NO"
"1.3.1","lang/java/src/java/org/apache/avro/specific/SpecificExceptionBase.java",18,0,0,2,0,0,0,0.000000,0,0,0.000000,771,434,85.666667,396,362.553846,21,1,3,"6",3,"NO"
"1.3.1","lang/java/src/java/org/apache/avro/specific/SpecificRecordBase.java",27,0,0,3,0,0,0,0.000000,0,0,0.000000,554,434,79.142857,342,264.207692,21,1,3,"4",2,"NO"
"1.3.1","lang/java/src/java/org/apache/avro/specific/SchemaTask.java",8,0,0,0,0,0,0,0.000000,0,0,0.000000,750,434,107.142857,396,387.410526,18,0,0,"0",0,"NO"
"1.3.1","lang/java/src/java/org/apache/avro/specific/SpecificRecord.java",4,0,0,1,0,0,0,0.000000,0,0,0.000000,784,434,98.000000,396,369.519231,19,0,0,"0",0,"NO"
"1.3.1","lang/java/src/java/org/apache/avro/specific/ProtocolTask.java",46,0,0,0,0,0,0,0.000000,0,0,0.000000,750,434,107.142857,396,377.070988,22,2,6,"7",5,"NO"
"1.3.1","lang/java/src/java/org/apache/avro/specific/SpecificFixed.java",7,0,0,0,0,0,0,0.000000,0,0,0.000000,761,434,95.125000,396,387.615385,18,0,0,"0",0,"NO"
"1.3.1","lang/java/src/java/org/apache/avro/specific/SpecificRequestor.java",72,7,1,2,1,5,5,5.000000,3,3,3.000000,888,434,59.200000,396,319.644599,21,1,2,"2",2,"NO"
"1.3.1","lang/java/src/java/org/apache/avro/specific/SpecificData.java",168,3,1,4,1,2,2,2.000000,1,1,1.000000,578,434,44.461538,250,186.675000,28,12,42,"23",8,"NO"
"1.3.1","lang/java/src/java/org/apache/avro/specific/SpecificDatumReader.java",57,0,0,3,0,0,0,0.000000,0,0,0.000000,909,434,50.500000,396,365.336463,19,1,4,"2",2,"NO"
"1.3.1","lang/java/src/java/org/apache/avro/specific/SpecificResponder.java",70,11,1,3,1,3,3,3.000000,5,5,5.000000,862,434,66.307692,396,296.564202,18,1,5,"7",3,"NO"
"1.3.1","lang/java/src/java/org/apache/avro/io/ValidatingDecoder.java",181,0,0,1,0,0,0,0.000000,0,0,0.000000,591,434,65.666667,319,303.606154,21,2,10,"0",0,"NO"
"1.3.1","lang/java/src/java/org/apache/avro/io/BinaryEncoder.java",178,0,0,1,0,0,0,0.000000,0,0,0.000000,781,434,86.777778,396,349.852910,39,1,6,"22",3,"NO"
"1.3.1","lang/java/src/java/org/apache/avro/io/ValidatingEncoder.java",149,0,0,2,0,0,0,0.000000,0,0,0.000000,582,434,72.750000,319,303.009501,25,1,2,"0",0,"NO"
"1.3.1","lang/java/src/java/org/apache/avro/io/DirectBinaryDecoder.java",154,0,0,0,0,0,0,0.000000,0,0,0.000000,575,434,71.875000,321,219.834234,27,3,15,"0",0,"NO"
"1.3.1","lang/java/src/java/org/apache/avro/io/ParsingEncoder.java",36,0,0,0,0,0,0,0.000000,0,0,0.000000,524,434,131.000000,292,281.228571,24,1,3,"1",1,"NO"
"1.3.1","lang/java/src/java/org/apache/avro/io/BlockingBinaryEncoder.java",418,0,0,2,0,0,0,0.000000,0,0,0.000000,573,434,81.857143,339,329.615845,122,4,46,"19",5,"NO"
"1.3.1","lang/java/src/java/org/apache/avro/io/parsing/Parser.java",98,0,0,2,0,0,0,0.000000,0,0,0.000000,582,434,64.666667,292,189.761658,79,4,13,"3",1,"NO"
"1.3.1","lang/java/src/java/org/apache/avro/io/parsing/ValidatingGrammarGenerator.java",82,0,0,1,0,0,0,0.000000,0,0,0.000000,590,434,73.750000,292,269.403727,43,4,18,"6",5,"NO"
"1.3.1","lang/java/src/java/org/apache/avro/io/parsing/SkipParser.java",44,0,0,1,0,0,0,0.000000,0,0,0.000000,575,434,71.875000,292,260.891667,43,3,3,"2",2,"NO"
"1.3.1","lang/java/src/java/org/apache/avro/io/parsing/Symbol.java",358,0,0,2,0,0,0,0.000000,0,0,0.000000,601,434,46.230769,292,218.744615,123,3,16,"14",4,"NO"
"1.3.1","lang/java/src/java/org/apache/avro/io/parsing/ResolvingGrammarGenerator.java",335,0,0,3,0,0,0,0.000000,0,0,0.000000,613,434,47.153846,292,220.780443,84,5,83,"22",6,"YES"
"1.3.1","lang/java/src/java/org/apache/avro/io/parsing/JsonGrammarGenerator.java",58,0,0,2,0,0,0,0.000000,0,0,0.000000,589,434,73.625000,292,256.738462,35,4,16,"4",1,"NO"
"1.3.1","lang/java/src/java/org/apache/avro/io/DecoderFactory.java",76,0,0,0,0,0,0,0.000000,0,0,0.000000,24,24,24.000000,80,80.000000,143,3,8,"4",3,"NO"
"1.3.1","lang/java/src/java/org/apache/avro/io/JsonDecoder.java",363,0,0,2,0,0,0,0.000000,0,0,0.000000,617,434,56.090909,292,263.065385,21,5,39,"4",3,"NO"
"1.3.1","lang/java/src/java/org/apache/avro/io/Encoder.java",36,0,0,0,0,0,0,0.000000,0,0,0.000000,781,434,86.777778,396,349.742827,209,0,0,"0",0,"NO"
"1.3.1","lang/java/src/java/org/apache/avro/io/Decoder.java",32,0,0,0,0,0,0,0.000000,0,0,0.000000,836,434,69.666667,396,351.326429,226,0,0,"0",0,"NO"
"1.3.1","lang/java/src/java/org/apache/avro/io/DatumWriter.java",7,0,0,0,0,0,0,0.000000,0,0,0.000000,768,434,109.714286,396,391.172414,23,0,0,"0",0,"NO"
"1.3.1","lang/java/src/java/org/apache/avro/io/ResolvingDecoder.java",123,0,0,1,0,0,0,0.000000,0,0,0.000000,641,434,45.785714,319,242.260177,91,6,21,"0",0,"NO"
"1.3.1","lang/java/src/java/org/apache/avro/io/BinaryData.java",152,0,0,0,0,0,0,0.000000,0,0,0.000000,513,434,85.500000,252,226.503480,33,6,42,"17",5,"NO"
"1.3.1","lang/java/src/java/org/apache/avro/io/JsonEncoder.java",194,0,0,3,0,0,0,0.000000,0,0,0.000000,589,434,58.900000,292,272.038328,21,3,14,"0",0,"NO"
"1.3.1","lang/java/src/java/org/apache/avro/io/DatumReader.java",7,0,0,0,0,0,0,0.000000,0,0,0.000000,703,434,117.166667,396,392.370968,24,0,0,"0",0,"NO"
"1.3.1","lang/java/src/java/org/apache/avro/io/ParsingDecoder.java",47,0,0,0,0,0,0,0.000000,0,0,0.000000,522,434,174.000000,292,291.920000,19,12,13,"0",0,"NO"
"1.3.1","lang/java/src/java/org/apache/avro/io/BinaryDecoder.java",648,0,0,0,0,0,0,0.000000,0,0,0.000000,575,434,71.875000,321,138.483798,256,9,62,"50",9,"NO"
"1.3.1","lang/java/src/java/org/apache/avro/generic/GenericArray.java",7,0,0,0,0,0,0,0.000000,0,0,0.000000,770,434,110.000000,396,391.982609,24,0,0,"0",0,"NO"
"1.3.1","lang/java/src/java/org/apache/avro/generic/GenericDatumReader.java",235,0,0,4,0,0,0,0.000000,0,0,0.000000,1035,434,34.500000,396,321.404526,84,4,48,"8",3,"NO"
"1.3.1","lang/java/src/java/org/apache/avro/generic/IndexedRecord.java",5,0,0,1,0,0,0,0.000000,0,0,0.000000,766,434,95.750000,396,330.655172,20,0,0,"0",0,"NO"
"1.3.1","lang/java/src/java/org/apache/avro/generic/GenericFixed.java",4,0,0,0,0,0,0,0.000000,0,0,0.000000,739,434,123.166667,396,388.489796,19,0,0,"0",0,"NO"
"1.3.1","lang/java/src/java/org/apache/avro/generic/GenericRequestor.java",42,14,1,1,1,14,14,14.000000,14,14,14.000000,844,434,76.727273,396,360.687500,18,2,3,"0",0,"NO"
"1.3.1","lang/java/src/java/org/apache/avro/generic/GenericDatumWriter.java",125,0,0,4,0,0,0,0.000000,0,0,0.000000,899,434,49.944444,396,365.031363,47,2,17,"1",1,"NO"
"1.3.1","lang/java/src/java/org/apache/avro/generic/GenericResponder.java",29,6,1,1,1,4,4,4.000000,2,2,2.000000,792,434,88.000000,396,375.009950,18,1,1,"0",0,"NO"
"1.3.1","lang/java/src/java/org/apache/avro/generic/GenericContainer.java",5,0,0,0,0,0,0,0.000000,0,0,0.000000,744,434,124.000000,396,383.032258,19,0,0,"0",0,"NO"
"1.3.1","lang/java/src/java/org/apache/avro/generic/GenericRecord.java",5,0,0,1,0,0,0,0.000000,0,0,0.000000,766,434,95.750000,396,328.658120,21,0,0,"0",0,"NO"
"1.3.1","lang/java/src/java/org/apache/avro/generic/GenericData.java",409,0,0,6,0,0,0,0.000000,0,0,0.000000,988,434,38.000000,396,326.935086,57,12,113,"76",9,"NO"
"1.3.1","lang/java/src/java/org/apache/avro/AvroTypeException.java",7,0,0,0,0,0,0,0.000000,0,0,0.000000,754,434,107.714286,396,385.230769,18,0,0,"0",0,"NO"
"1.3.1","lang/java/src/java/org/apache/avro/tool/JsonToBinaryFragmentTool.java",52,0,0,0,0,0,0,0.000000,0,0,0.000000,447,434,223.500000,131,131.000000,18,1,3,"2",2,"NO"
"1.3.1","lang/java/src/java/org/apache/avro/tool/DataFileReadTool.java",49,0,0,0,0,0,0,0.000000,0,0,0.000000,459,434,153.000000,131,130.963415,21,1,2,"0",0,"NO"
"1.3.1","lang/java/src/java/org/apache/avro/tool/RpcSendTool.java",91,0,0,0,0,0,0,0.000000,0,0,0.000000,457,434,152.333333,130,118.020134,20,2,4,"1",1,"NO"
"1.3.1","lang/java/src/java/org/apache/avro/tool/Tool.java",9,0,0,0,0,0,0,0.000000,0,0,0.000000,757,434,68.818182,396,303.064000,38,0,0,"0",0,"NO"
"1.3.1","lang/java/src/java/org/apache/avro/tool/GenAvroTool.java",46,0,0,0,0,0,0,0.000000,0,0,0.000000,465,434,155.000000,130,129.675000,21,1,3,"5",3,"NO"
"1.3.1","lang/java/src/java/org/apache/avro/tool/RpcReceiveTool.java",135,0,0,0,0,0,0,0.000000,0,0,0.000000,457,434,152.333333,130,120.000000,23,2,9,"3",3,"NO"
"1.3.1","lang/java/src/java/org/apache/avro/tool/DataFileGetSchemaTool.java",30,0,0,0,0,0,0,0.000000,0,0,0.000000,761,434,69.181818,396,253.363636,18,1,1,"0",0,"NO"
"1.3.1","lang/java/src/java/org/apache/avro/tool/Main.java",61,0,0,0,0,0,0,0.000000,0,0,0.000000,514,434,51.400000,195,165.568000,24,2,6,"1",1,"NO"
"1.3.1","lang/java/src/java/org/apache/avro/tool/Util.java",36,0,0,0,0,0,0,0.000000,0,0,0.000000,786,434,78.600000,396,288.860927,29,1,1,"3",3,"NO"
"1.3.1","lang/java/src/java/org/apache/avro/tool/BinaryFragmentToJsonTool.java",62,0,0,0,0,0,0,0.000000,0,0,0.000000,471,434,157.000000,131,128.134831,18,1,3,"2",2,"NO"
"1.3.1","lang/java/src/java/org/apache/avro/tool/DataFileWriteTool.java",69,0,0,0,0,0,0,0.000000,0,0,0.000000,475,434,118.750000,131,125.625000,18,2,4,"2",2,"NO"
"1.3.1","lang/java/src/java/org/apache/avro/util/Utf8.java",62,2,1,1,1,2,2,2.000000,2,2,2.000000,759,434,94.875000,396,379.231061,18,2,9,"12",4,"NO"
"1.3.1","lang/java/src/java/org/apache/avro/file/LengthLimitedInputStream.java",53,0,0,0,0,0,0,0.000000,0,0,0.000000,16,16,16.000000,108,108.000000,22,2,5,"0",0,"NO"
"1.3.1","lang/java/src/java/org/apache/avro/file/Codec.java",16,0,0,0,0,0,0,0.000000,0,0,0.000000,783,434,78.300000,396,267.494253,32,0,0,"0",0,"NO"
"1.3.1","lang/java/src/java/org/apache/avro/file/DeflateCodec.java",100,0,0,0,0,0,0,0.000000,0,0,0.000000,67,24,13.400000,108,95.910314,31,2,10,"6",4,"YES"
"1.3.1","lang/java/src/java/org/apache/avro/file/DataFileWriter.java",254,0,0,2,0,0,0,0.000000,0,0,0.000000,868,434,48.222222,396,271.096715,84,2,17,"9",3,"YES"
"1.3.1","lang/java/src/java/org/apache/avro/file/SeekableFileInput.java",13,0,0,0,0,0,0,0.000000,0,0,0.000000,724,434,120.666667,396,386.543689,18,0,0,"0",0,"NO"
"1.3.1","lang/java/src/java/org/apache/avro/file/CodecFactory.java",36,0,0,0,0,0,0,0.000000,0,0,0.000000,25,16,12.500000,108,105.789474,28,1,1,"2",1,"NO"
"1.3.1","lang/java/src/java/org/apache/avro/file/DataFileConstants.java",14,0,0,1,0,0,0,0.000000,0,0,0.000000,749,434,83.222222,396,329.604167,20,0,0,"0",0,"NO"
"1.3.1","lang/java/src/java/org/apache/avro/file/SeekableInput.java",8,0,0,1,0,0,0,0.000000,0,0,0.000000,729,434,121.500000,396,385.075630,22,0,0,"0",0,"NO"
"1.3.1","lang/java/src/java/org/apache/avro/file/NullCodec.java",35,0,0,0,0,0,0,0.000000,0,0,0.000000,818,434,62.923077,396,240.175373,19,1,1,"3",3,"NO"
"1.3.1","lang/java/src/java/org/apache/avro/file/DataFileReader.java",116,0,0,1,0,0,0,0.000000,0,0,0.000000,869,434,62.071429,396,297.215855,34,3,9,"10",8,"NO"
"1.3.1","lang/java/src/java/org/apache/avro/file/DataFileStream.java",189,3,1,1,1,2,2,2.000000,1,1,1.000000,509,434,63.625000,130,107.038760,58,3,25,"12",4,"YES"
"1.3.1","lang/java/src/java/org/apache/avro/reflect/InduceSchemaTool.java",49,0,0,0,0,0,0,0.000000,0,0,0.000000,461,434,76.833333,171,165.861702,20,3,5,"1",1,"NO"
"1.3.1","lang/java/src/java/org/apache/avro/reflect/ReflectData.java",341,24,1,5,1,16,16,16.000000,8,8,8.000000,1035,434,35.689655,396,267.942467,67,11,69,"44",11,"YES"
"1.3.1","lang/java/src/java/org/apache/avro/reflect/ReflectRequestor.java",43,0,0,0,0,0,0,0.000000,0,0,0.000000,869,434,66.846154,396,345.402235,21,0,0,"0",0,"NO"
"1.3.1","lang/java/src/java/org/apache/avro/reflect/Union.java",12,0,0,1,0,0,0,0.000000,0,0,0.000000,781,434,78.100000,396,335.666667,25,0,0,"0",0,"NO"
"1.3.1","lang/java/src/java/org/apache/avro/reflect/ReflectResponder.java",22,0,0,1,0,0,0,0.000000,0,0,0.000000,944,434,59.000000,396,347.801923,18,0,0,"0",0,"NO"
"1.3.1","lang/java/src/java/org/apache/avro/reflect/Stringable.java",10,0,0,2,0,0,0,0.000000,0,0,0.000000,776,434,86.222222,396,350.846154,22,0,0,"0",0,"NO"
"1.3.1","lang/java/src/java/org/apache/avro/reflect/Nullable.java",10,11,1,2,1,5,5,5.000000,1,1,1.000000,781,434,78.100000,396,328.780142,21,0,0,"0",0,"NO"
"1.3.1","lang/java/src/java/org/apache/avro/reflect/ReflectDatumReader.java",109,0,0,4,0,0,0,0.000000,0,0,0.000000,964,434,41.913043,396,314.875371,23,2,13,"11",4,"NO"
"1.3.1","lang/java/src/java/org/apache/avro/reflect/ReflectDatumWriter.java",87,0,0,5,0,0,0,0.000000,0,0,0.000000,1005,434,41.875000,396,310.023095,24,1,6,"8",3,"NO"
"1.3.1","lang/java/src/java/org/apache/avro/Protocol.java",279,0,0,2,0,0,0,0.000000,0,0,0.000000,951,434,43.227273,396,372.622278,62,3,35,"30",4,"YES"
"1.3.2","lang/java/src/java/org/apache/avro/SchemaParseException.java",5,0,0,0,0,0,0,0.000000,0,0,0.000000,723,434,120.500000,396,392.040541,18,0,0,"0",0,"NO"
"1.3.2","lang/java/src/java/org/apache/avro/AvroRuntimeException.java",8,0,0,0,0,0,0,0.000000,0,0,0.000000,732,434,104.571429,396,383.233766,18,0,0,"0",0,"NO"
"1.3.2","lang/java/src/java/org/apache/avro/Schema.java",836,0,0,6,0,0,0,0.000000,0,0,0.000000,1056,434,26.400000,396,312.776154,179,9,115,"157",17,"YES"
"1.3.2","lang/java/src/java/org/apache/avro/ipc/stats/StatsServlet.java",68,0,0,0,0,0,0,0.000000,0,0,0.000000,446,434,223.000000,122,122.000000,25,1,3,"0",0,"NO"
"1.3.2","lang/java/src/java/org/apache/avro/ipc/stats/FloatHistogram.java",27,0,0,1,0,0,0,0.000000,0,0,0.000000,481,434,96.200000,265,196.281250,22,1,2,"0",0,"NO"
"1.3.2","lang/java/src/java/org/apache/avro/ipc/stats/Histogram.java",128,0,0,0,0,0,0,0.000000,0,0,0.000000,446,434,223.000000,122,122.000000,52,2,8,"6",4,"NO"
"1.3.2","lang/java/src/java/org/apache/avro/ipc/stats/StatsPlugin.java",75,0,0,0,0,0,0,0.000000,0,0,0.000000,446,434,223.000000,122,122.000000,35,1,2,"1",1,"NO"
"1.3.2","lang/java/src/java/org/apache/avro/ipc/stats/Stopwatch.java",38,0,0,0,0,0,0,0.000000,0,0,0.000000,446,434,223.000000,122,122.000000,28,2,4,"4",2,"NO"
"1.3.2","lang/java/src/java/org/apache/avro/ipc/ByteBufferOutputStream.java",55,0,0,0,0,0,0,0.000000,0,0,0.000000,738,434,123.000000,396,391.553114,25,1,4,"3",2,"NO"
"1.3.2","lang/java/src/java/org/apache/avro/ipc/RPCContext.java",70,0,0,1,0,0,0,0.000000,0,0,0.000000,479,434,95.800000,283,260.597990,67,1,4,"2",1,"YES"
"1.3.2","lang/java/src/java/org/apache/avro/ipc/Server.java",5,0,0,0,0,0,0,0.000000,0,0,0.000000,760,434,108.571429,396,371.633663,20,0,0,"0",0,"NO"
"1.3.2","lang/java/src/java/org/apache/avro/ipc/AvroRemoteException.java",15,0,0,0,0,0,0,0.000000,0,0,0.000000,745,434,124.166667,396,393.445255,18,1,1,"1",1,"NO"
"1.3.2","lang/java/src/java/org/apache/avro/ipc/Transceiver.java",17,0,0,0,0,0,0,0.000000,0,0,0.000000,748,434,106.857143,396,385.746154,18,0,0,"2",2,"NO"
"1.3.2","lang/java/src/java/org/apache/avro/ipc/HttpTransceiver.java",80,0,0,0,0,0,0,0.000000,0,0,0.000000,481,434,80.166667,222,214.525926,22,3,6,"1",1,"NO"
"1.3.2","lang/java/src/java/org/apache/avro/ipc/DatagramServer.java",45,0,0,0,0,0,0,0.000000,0,0,0.000000,792,434,88.000000,396,363.528807,19,2,3,"1",1,"NO"
"1.3.2","lang/java/src/java/org/apache/avro/ipc/RPCPlugin.java",10,0,0,0,0,0,0,0.000000,0,0,0.000000,462,434,154.000000,283,277.731707,55,0,0,"7",1,"NO"
"1.3.2","lang/java/src/java/org/apache/avro/ipc/Responder.java",143,0,0,1,0,0,0,0.000000,0,0,0.000000,925,434,48.684211,396,345.599374,33,2,14,"5",1,"YES"
"1.3.2","lang/java/src/java/org/apache/avro/ipc/Requestor.java",167,0,0,1,0,0,0,0.000000,0,0,0.000000,927,434,54.529412,396,348.355593,35,2,16,"4",1,"YES"
"1.3.2","lang/java/src/java/org/apache/avro/ipc/LocalTransceiver.java",27,0,0,0,0,0,0,0.000000,0,0,0.000000,751,434,93.875000,396,329.198795,18,0,0,"0",0,"NO"
"1.3.2","lang/java/src/java/org/apache/avro/ipc/DatagramTransceiver.java",54,0,0,0,0,0,0,0.000000,0,0,0.000000,456,434,152.000000,229,224.379310,22,2,3,"2",1,"NO"
"1.3.2","lang/java/src/java/org/apache/avro/ipc/SocketTransceiver.java",66,0,0,0,0,0,0,0.000000,0,0,0.000000,769,434,85.444444,396,377.779661,22,2,6,"2",1,"NO"
"1.3.2","lang/java/src/java/org/apache/avro/ipc/ByteBufferInputStream.java",50,0,0,0,0,0,0,0.000000,0,0,0.000000,745,434,93.125000,396,394.080460,30,2,7,"6",2,"NO"
"1.3.2","lang/java/src/java/org/apache/avro/ipc/SocketServer.java",74,0,0,0,0,0,0,0.000000,0,0,0.000000,795,434,79.500000,396,382.705189,19,2,6,"6",4,"YES"
"1.3.2","lang/java/src/java/org/apache/avro/ipc/ResponderServlet.java",30,0,0,0,0,0,0,0.000000,0,0,0.000000,444,434,148.000000,222,218.700000,18,1,1,"0",0,"NO"
"1.3.2","lang/java/src/java/org/apache/avro/ipc/HttpServer.java",30,0,0,0,0,0,0,0.000000,0,0,0.000000,444,434,148.000000,222,219.162162,20,1,2,"0",0,"NO"
"1.3.2","lang/java/src/java/org/apache/avro/specific/SpecificDatumWriter.java",29,0,0,1,0,0,0,0.000000,0,0,0.000000,840,434,70.000000,396,354.192708,18,0,0,"1",1,"NO"
"1.3.2","lang/java/src/java/org/apache/avro/specific/FixedSize.java",12,0,0,1,0,0,0,0.000000,0,0,0.000000,767,434,95.875000,396,372.829060,22,0,0,"0",0,"NO"
"1.3.2","lang/java/src/java/org/apache/avro/specific/SpecificCompiler.java",336,0,0,5,0,0,0,0.000000,0,0,0.000000,1022,434,30.969697,396,285.374493,52,4,75,"12",2,"NO"
"1.3.2","lang/java/src/java/org/apache/avro/specific/SpecificExceptionBase.java",18,0,0,2,0,0,0,0.000000,0,0,0.000000,771,434,85.666667,396,362.553846,21,1,3,"6",3,"NO"
"1.3.2","lang/java/src/java/org/apache/avro/specific/SpecificRecordBase.java",27,0,0,3,0,0,0,0.000000,0,0,0.000000,554,434,79.142857,342,264.207692,21,1,3,"4",2,"NO"
"1.3.2","lang/java/src/java/org/apache/avro/specific/SchemaTask.java",8,0,0,0,0,0,0,0.000000,0,0,0.000000,750,434,107.142857,396,387.410526,18,0,0,"0",0,"NO"
"1.3.2","lang/java/src/java/org/apache/avro/specific/SpecificRecord.java",4,0,0,1,0,0,0,0.000000,0,0,0.000000,784,434,98.000000,396,369.519231,19,0,0,"0",0,"NO"
"1.3.2","lang/java/src/java/org/apache/avro/specific/ProtocolTask.java",46,0,0,0,0,0,0,0.000000,0,0,0.000000,750,434,107.142857,396,377.070988,22,2,6,"7",5,"NO"
"1.3.2","lang/java/src/java/org/apache/avro/specific/SpecificFixed.java",7,0,0,0,0,0,0,0.000000,0,0,0.000000,761,434,95.125000,396,387.615385,18,0,0,"0",0,"NO"
"1.3.2","lang/java/src/java/org/apache/avro/specific/SpecificRequestor.java",72,0,0,2,0,0,0,0.000000,0,0,0.000000,888,434,59.200000,396,319.644599,21,1,2,"3",2,"YES"
"1.3.2","lang/java/src/java/org/apache/avro/specific/SpecificData.java",168,0,0,4,0,0,0,0.000000,0,0,0.000000,578,434,44.461538,250,186.675000,28,12,42,"21",7,"NO"
"1.3.2","lang/java/src/java/org/apache/avro/specific/SpecificDatumReader.java",57,0,0,3,0,0,0,0.000000,0,0,0.000000,909,434,50.500000,396,365.336463,19,1,4,"2",2,"NO"
"1.3.2","lang/java/src/java/org/apache/avro/specific/SpecificResponder.java",70,0,0,3,0,0,0,0.000000,0,0,0.000000,862,434,66.307692,396,296.564202,18,1,5,"5",3,"NO"
"1.3.2","lang/java/src/java/org/apache/avro/io/ValidatingDecoder.java",181,0,0,1,0,0,0,0.000000,0,0,0.000000,591,434,65.666667,319,303.606154,21,2,10,"0",0,"NO"
"1.3.2","lang/java/src/java/org/apache/avro/io/BinaryEncoder.java",178,0,0,1,0,0,0,0.000000,0,0,0.000000,781,434,86.777778,396,349.852910,39,1,6,"22",3,"NO"
"1.3.2","lang/java/src/java/org/apache/avro/io/ValidatingEncoder.java",149,0,0,2,0,0,0,0.000000,0,0,0.000000,582,434,72.750000,319,303.009501,25,1,2,"0",0,"NO"
"1.3.2","lang/java/src/java/org/apache/avro/io/DirectBinaryDecoder.java",154,0,0,0,0,0,0,0.000000,0,0,0.000000,575,434,71.875000,321,219.834234,27,3,15,"0",0,"NO"
"1.3.2","lang/java/src/java/org/apache/avro/io/ParsingEncoder.java",36,0,0,0,0,0,0,0.000000,0,0,0.000000,524,434,131.000000,292,281.228571,24,1,3,"1",1,"NO"
"1.3.2","lang/java/src/java/org/apache/avro/io/BlockingBinaryEncoder.java",418,0,0,2,0,0,0,0.000000,0,0,0.000000,573,434,81.857143,339,329.615845,122,4,46,"19",5,"NO"
"1.3.2","lang/java/src/java/org/apache/avro/io/parsing/Parser.java",98,0,0,2,0,0,0,0.000000,0,0,0.000000,582,434,64.666667,292,189.761658,79,4,13,"3",1,"NO"
"1.3.2","lang/java/src/java/org/apache/avro/io/parsing/ValidatingGrammarGenerator.java",82,0,0,1,0,0,0,0.000000,0,0,0.000000,590,434,73.750000,292,269.403727,43,4,18,"6",5,"NO"
"1.3.2","lang/java/src/java/org/apache/avro/io/parsing/SkipParser.java",44,0,0,1,0,0,0,0.000000,0,0,0.000000,575,434,71.875000,292,260.891667,43,3,3,"2",2,"NO"
"1.3.2","lang/java/src/java/org/apache/avro/io/parsing/Symbol.java",358,0,0,2,0,0,0,0.000000,0,0,0.000000,601,434,46.230769,292,218.744615,123,3,16,"14",4,"NO"
"1.3.2","lang/java/src/java/org/apache/avro/io/parsing/ResolvingGrammarGenerator.java",335,0,0,3,0,0,0,0.000000,0,0,0.000000,613,434,47.153846,292,220.780443,84,5,83,"22",6,"YES"
"1.3.2","lang/java/src/java/org/apache/avro/io/parsing/JsonGrammarGenerator.java",58,0,0,2,0,0,0,0.000000,0,0,0.000000,589,434,73.625000,292,256.738462,35,4,16,"4",1,"NO"
"1.3.2","lang/java/src/java/org/apache/avro/io/DecoderFactory.java",76,0,0,0,0,0,0,0.000000,0,0,0.000000,24,24,24.000000,80,80.000000,143,3,8,"4",3,"NO"
"1.3.2","lang/java/src/java/org/apache/avro/io/JsonDecoder.java",363,0,0,2,0,0,0,0.000000,0,0,0.000000,617,434,56.090909,292,263.065385,21,5,39,"4",3,"NO"
"1.3.2","lang/java/src/java/org/apache/avro/io/Encoder.java",36,0,0,0,0,0,0,0.000000,0,0,0.000000,781,434,86.777778,396,349.742827,209,0,0,"0",0,"NO"
"1.3.2","lang/java/src/java/org/apache/avro/io/Decoder.java",32,0,0,0,0,0,0,0.000000,0,0,0.000000,836,434,69.666667,396,351.326429,226,0,0,"0",0,"NO"
"1.3.2","lang/java/src/java/org/apache/avro/io/DatumWriter.java",7,0,0,0,0,0,0,0.000000,0,0,0.000000,768,434,109.714286,396,391.172414,23,0,0,"0",0,"NO"
"1.3.2","lang/java/src/java/org/apache/avro/io/ResolvingDecoder.java",123,0,0,1,0,0,0,0.000000,0,0,0.000000,641,434,45.785714,319,242.260177,91,6,21,"0",0,"YES"
"1.3.2","lang/java/src/java/org/apache/avro/io/BinaryData.java",152,0,0,0,0,0,0,0.000000,0,0,0.000000,513,434,85.500000,252,226.503480,33,6,42,"17",5,"NO"
"1.3.2","lang/java/src/java/org/apache/avro/io/JsonEncoder.java",194,0,0,3,0,0,0,0.000000,0,0,0.000000,589,434,58.900000,292,272.038328,21,3,14,"0",0,"NO"
"1.3.2","lang/java/src/java/org/apache/avro/io/DatumReader.java",7,0,0,0,0,0,0,0.000000,0,0,0.000000,703,434,117.166667,396,392.370968,24,0,0,"0",0,"NO"
"1.3.2","lang/java/src/java/org/apache/avro/io/ParsingDecoder.java",47,0,0,0,0,0,0,0.000000,0,0,0.000000,522,434,174.000000,292,291.920000,19,12,13,"0",0,"NO"
"1.3.2","lang/java/src/java/org/apache/avro/io/BinaryDecoder.java",648,0,0,0,0,0,0,0.000000,0,0,0.000000,575,434,71.875000,321,138.483798,256,9,62,"50",9,"NO"
"1.3.2","lang/java/src/java/org/apache/avro/generic/GenericArray.java",7,0,0,0,0,0,0,0.000000,0,0,0.000000,770,434,110.000000,396,391.982609,24,0,0,"0",0,"NO"
"1.3.2","lang/java/src/java/org/apache/avro/generic/GenericDatumReader.java",235,0,0,4,0,0,0,0.000000,0,0,0.000000,1035,434,34.500000,396,321.404526,84,4,48,"8",3,"YES"
"1.3.2","lang/java/src/java/org/apache/avro/generic/IndexedRecord.java",5,0,0,1,0,0,0,0.000000,0,0,0.000000,766,434,95.750000,396,330.655172,20,0,0,"0",0,"NO"
"1.3.2","lang/java/src/java/org/apache/avro/generic/GenericFixed.java",4,0,0,0,0,0,0,0.000000,0,0,0.000000,739,434,123.166667,396,388.489796,19,0,0,"0",0,"NO"
"1.3.2","lang/java/src/java/org/apache/avro/generic/GenericRequestor.java",42,0,0,1,0,0,0,0.000000,0,0,0.000000,844,434,76.727273,396,360.687500,18,2,3,"4",2,"YES"
"1.3.2","lang/java/src/java/org/apache/avro/generic/GenericDatumWriter.java",125,0,0,4,0,0,0,0.000000,0,0,0.000000,899,434,49.944444,396,365.031363,47,2,17,"1",1,"NO"
"1.3.2","lang/java/src/java/org/apache/avro/generic/GenericResponder.java",29,0,0,1,0,0,0,0.000000,0,0,0.000000,792,434,88.000000,396,375.009950,18,1,1,"1",1,"NO"
"1.3.2","lang/java/src/java/org/apache/avro/generic/GenericContainer.java",5,0,0,0,0,0,0,0.000000,0,0,0.000000,744,434,124.000000,396,383.032258,19,0,0,"0",0,"NO"
"1.3.2","lang/java/src/java/org/apache/avro/generic/GenericRecord.java",5,0,0,1,0,0,0,0.000000,0,0,0.000000,766,434,95.750000,396,328.658120,21,0,0,"0",0,"NO"
"1.3.2","lang/java/src/java/org/apache/avro/generic/GenericData.java",409,0,0,6,0,0,0,0.000000,0,0,0.000000,988,434,38.000000,396,326.935086,57,12,113,"76",9,"NO"
"1.3.2","lang/java/src/java/org/apache/avro/AvroTypeException.java",7,0,0,0,0,0,0,0.000000,0,0,0.000000,754,434,107.714286,396,385.230769,18,0,0,"0",0,"NO"
"1.3.2","lang/java/src/java/org/apache/avro/tool/JsonToBinaryFragmentTool.java",52,0,0,0,0,0,0,0.000000,0,0,0.000000,447,434,223.500000,131,131.000000,18,1,3,"2",2,"YES"
"1.3.2","lang/java/src/java/org/apache/avro/tool/DataFileReadTool.java",49,0,0,0,0,0,0,0.000000,0,0,0.000000,459,434,153.000000,131,130.963415,21,1,2,"0",0,"NO"
"1.3.2","lang/java/src/java/org/apache/avro/tool/RpcSendTool.java",91,0,0,0,0,0,0,0.000000,0,0,0.000000,457,434,152.333333,130,118.020134,20,2,4,"1",1,"NO"
"1.3.2","lang/java/src/java/org/apache/avro/tool/Tool.java",9,0,0,0,0,0,0,0.000000,0,0,0.000000,757,434,68.818182,396,303.064000,38,0,0,"0",0,"NO"
"1.3.2","lang/java/src/java/org/apache/avro/tool/GenAvroTool.java",46,0,0,0,0,0,0,0.000000,0,0,0.000000,465,434,155.000000,130,129.675000,21,1,3,"5",3,"NO"
"1.3.2","lang/java/src/java/org/apache/avro/tool/RpcReceiveTool.java",135,0,0,0,0,0,0,0.000000,0,0,0.000000,457,434,152.333333,130,120.000000,23,2,9,"3",3,"NO"
"1.3.2","lang/java/src/java/org/apache/avro/tool/DataFileGetSchemaTool.java",30,0,0,0,0,0,0,0.000000,0,0,0.000000,761,434,69.181818,396,253.363636,18,1,1,"0",0,"NO"
"1.3.2","lang/java/src/java/org/apache/avro/tool/Main.java",61,0,0,0,0,0,0,0.000000,0,0,0.000000,514,434,51.400000,195,165.568000,24,2,6,"1",1,"NO"
"1.3.2","lang/java/src/java/org/apache/avro/tool/Util.java",36,0,0,0,0,0,0,0.000000,0,0,0.000000,786,434,78.600000,396,288.860927,29,1,1,"3",3,"NO"
"1.3.2","lang/java/src/java/org/apache/avro/tool/BinaryFragmentToJsonTool.java",62,0,0,0,0,0,0,0.000000,0,0,0.000000,471,434,157.000000,131,128.134831,18,1,3,"2",2,"NO"
"1.3.2","lang/java/src/java/org/apache/avro/tool/DataFileWriteTool.java",69,0,0,0,0,0,0,0.000000,0,0,0.000000,475,434,118.750000,131,125.625000,18,2,4,"2",2,"NO"
"1.3.2","lang/java/src/java/org/apache/avro/util/Utf8.java",62,0,0,1,0,0,0,0.000000,0,0,0.000000,759,434,94.875000,396,379.231061,18,2,9,"12",4,"NO"
"1.3.2","lang/java/src/java/org/apache/avro/file/LengthLimitedInputStream.java",53,0,0,0,0,0,0,0.000000,0,0,0.000000,16,16,16.000000,108,108.000000,22,2,5,"0",0,"NO"
"1.3.2","lang/java/src/java/org/apache/avro/file/Codec.java",16,0,0,0,0,0,0,0.000000,0,0,0.000000,783,434,78.300000,396,267.494253,32,0,0,"0",0,"NO"
"1.3.2","lang/java/src/java/org/apache/avro/file/DeflateCodec.java",100,0,0,0,0,0,0,0.000000,0,0,0.000000,67,24,13.400000,108,95.910314,31,2,10,"6",4,"YES"
"1.3.2","lang/java/src/java/org/apache/avro/file/DataFileWriter.java",254,0,0,2,0,0,0,0.000000,0,0,0.000000,868,434,48.222222,396,271.096715,84,2,17,"9",3,"YES"
"1.3.2","lang/java/src/java/org/apache/avro/file/SeekableFileInput.java",13,0,0,0,0,0,0,0.000000,0,0,0.000000,724,434,120.666667,396,386.543689,18,0,0,"0",0,"NO"
"1.3.2","lang/java/src/java/org/apache/avro/file/CodecFactory.java",36,0,0,0,0,0,0,0.000000,0,0,0.000000,25,16,12.500000,108,105.789474,28,1,1,"2",1,"NO"
"1.3.2","lang/java/src/java/org/apache/avro/file/DataFileConstants.java",14,0,0,1,0,0,0,0.000000,0,0,0.000000,749,434,83.222222,396,329.604167,20,0,0,"0",0,"NO"
"1.3.2","lang/java/src/java/org/apache/avro/file/SeekableInput.java",8,0,0,1,0,0,0,0.000000,0,0,0.000000,729,434,121.500000,396,385.075630,22,0,0,"0",0,"NO"
"1.3.2","lang/java/src/java/org/apache/avro/file/NullCodec.java",35,0,0,0,0,0,0,0.000000,0,0,0.000000,818,434,62.923077,396,240.175373,19,1,1,"3",3,"NO"
"1.3.2","lang/java/src/java/org/apache/avro/file/DataFileReader.java",116,0,0,1,0,0,0,0.000000,0,0,0.000000,869,434,62.071429,396,297.215855,34,3,9,"10",8,"YES"
"1.3.2","lang/java/src/java/org/apache/avro/file/DataFileStream.java",189,0,0,1,0,0,0,0.000000,0,0,0.000000,509,434,63.625000,130,107.038760,58,3,25,"13",4,"YES"
"1.3.2","lang/java/src/java/org/apache/avro/reflect/InduceSchemaTool.java",49,0,0,0,0,0,0,0.000000,0,0,0.000000,461,434,76.833333,171,165.861702,20,3,5,"1",1,"NO"
"1.3.2","lang/java/src/java/org/apache/avro/reflect/ReflectData.java",346,10,1,6,1,8,8,8.000000,6,6,6.000000,1040,434,34.666667,396,266.639741,68,11,70,"46",11,"YES"
"1.3.2","lang/java/src/java/org/apache/avro/reflect/ReflectRequestor.java",43,0,0,0,0,0,0,0.000000,0,0,0.000000,869,434,66.846154,396,345.402235,21,0,0,"0",0,"NO"
"1.3.2","lang/java/src/java/org/apache/avro/reflect/Union.java",12,0,0,1,0,0,0,0.000000,0,0,0.000000,781,434,78.100000,396,335.666667,25,0,0,"0",0,"NO"
"1.3.2","lang/java/src/java/org/apache/avro/reflect/ReflectResponder.java",22,0,0,1,0,0,0,0.000000,0,0,0.000000,944,434,59.000000,396,347.801923,18,0,0,"0",0,"YES"
"1.3.2","lang/java/src/java/org/apache/avro/reflect/Stringable.java",10,0,0,2,0,0,0,0.000000,0,0,0.000000,776,434,86.222222,396,350.846154,22,0,0,"0",0,"NO"
"1.3.2","lang/java/src/java/org/apache/avro/reflect/Nullable.java",10,0,0,2,0,0,0,0.000000,0,0,0.000000,781,434,78.100000,396,328.780142,21,0,0,"0",0,"NO"
"1.3.2","lang/java/src/java/org/apache/avro/reflect/ReflectDatumReader.java",109,0,0,4,0,0,0,0.000000,0,0,0.000000,964,434,41.913043,396,314.875371,23,2,13,"11",4,"NO"
"1.3.2","lang/java/src/java/org/apache/avro/reflect/ReflectDatumWriter.java",87,0,0,5,0,0,0,0.000000,0,0,0.000000,1005,434,41.875000,396,310.023095,24,1,6,"8",3,"NO"
"1.3.2","lang/java/src/java/org/apache/avro/Protocol.java",279,0,0,2,0,0,0,0.000000,0,0,0.000000,951,434,43.227273,396,372.622278,62,3,35,"30",4,"YES"
"1.3.3","lang/java/src/java/org/apache/avro/SchemaParseException.java",5,0,0,0,0,0,0,0.000000,0,0,0.000000,723,434,120.500000,426,422.040541,18,0,0,"0",0,"NO"
"1.3.3","lang/java/src/java/org/apache/avro/generic/GenericArray.java",7,0,0,0,0,0,0,0.000000,0,0,0.000000,770,434,110.000000,426,421.982609,24,0,0,"0",0,"NO"
"1.3.3","lang/java/src/java/org/apache/avro/generic/GenericDatumWriter.java",125,0,0,4,0,0,0,0.000000,0,0,0.000000,899,434,49.944444,426,395.031363,47,2,17,"1",1,"NO"
"1.3.3","lang/java/src/java/org/apache/avro/generic/GenericData.java",409,0,0,6,0,0,0,0.000000,0,0,0.000000,988,434,38.000000,426,356.935086,57,12,113,"76",9,"NO"
"1.3.3","lang/java/src/java/org/apache/avro/generic/GenericContainer.java",5,0,0,0,0,0,0,0.000000,0,0,0.000000,744,434,124.000000,426,413.032258,19,0,0,"0",0,"NO"
"1.3.3","lang/java/src/java/org/apache/avro/generic/GenericDatumReader.java",238,5,1,4,1,4,4,4.000000,3,3,3.000000,1039,434,33.516129,426,350.592192,84,4,48,"8",3,"YES"
"1.3.3","lang/java/src/java/org/apache/avro/generic/GenericResponder.java",29,0,0,1,0,0,0,0.000000,0,0,0.000000,792,434,88.000000,426,405.009950,18,1,1,"1",1,"NO"
"1.3.3","lang/java/src/java/org/apache/avro/generic/GenericRequestor.java",42,0,0,1,0,0,0,0.000000,0,0,0.000000,844,434,76.727273,426,390.687500,18,2,3,"4",2,"YES"
"1.3.3","lang/java/src/java/org/apache/avro/generic/GenericRecord.java",5,0,0,1,0,0,0,0.000000,0,0,0.000000,766,434,95.750000,426,358.658120,21,0,0,"0",0,"NO"
"1.3.3","lang/java/src/java/org/apache/avro/generic/GenericFixed.java",4,0,0,0,0,0,0,0.000000,0,0,0.000000,739,434,123.166667,426,418.489796,19,0,0,"0",0,"NO"
"1.3.3","lang/java/src/java/org/apache/avro/generic/IndexedRecord.java",5,0,0,1,0,0,0,0.000000,0,0,0.000000,766,434,95.750000,426,360.655172,20,0,0,"0",0,"NO"
"1.3.3","lang/java/src/java/org/apache/avro/file/CodecFactory.java",36,0,0,0,0,0,0,0.000000,0,0,0.000000,25,16,12.500000,138,135.789474,28,1,1,"2",1,"NO"
"1.3.3","lang/java/src/java/org/apache/avro/file/SeekableInput.java",8,0,0,1,0,0,0,0.000000,0,0,0.000000,729,434,121.500000,426,415.075630,22,0,0,"0",0,"NO"
"1.3.3","lang/java/src/java/org/apache/avro/file/Codec.java",16,0,0,0,0,0,0,0.000000,0,0,0.000000,783,434,78.300000,426,297.494253,32,0,0,"0",0,"NO"
"1.3.3","lang/java/src/java/org/apache/avro/file/NullCodec.java",35,0,0,0,0,0,0,0.000000,0,0,0.000000,818,434,62.923077,426,270.175373,19,1,1,"3",3,"NO"
"1.3.3","lang/java/src/java/org/apache/avro/file/DeflateCodec.java",100,0,0,0,0,0,0,0.000000,0,0,0.000000,67,24,13.400000,138,125.910314,31,2,10,"6",4,"YES"
"1.3.3","lang/java/src/java/org/apache/avro/file/DataFileReader.java",116,0,0,1,0,0,0,0.000000,0,0,0.000000,869,434,62.071429,426,327.215855,34,3,9,"10",8,"YES"
"1.3.3","lang/java/src/java/org/apache/avro/file/DataFileWriter.java",252,9,1,2,1,3,3,3.000000,3,3,3.000000,870,434,45.789474,426,298.693213,83,2,17,"9",3,"YES"
"1.3.3","lang/java/src/java/org/apache/avro/file/LengthLimitedInputStream.java",53,0,0,0,0,0,0,0.000000,0,0,0.000000,16,16,16.000000,138,138.000000,22,2,5,"0",0,"NO"
"1.3.3","lang/java/src/java/org/apache/avro/file/DataFileStream.java",189,0,0,1,0,0,0,0.000000,0,0,0.000000,509,434,63.625000,160,137.038760,58,3,25,"13",4,"YES"
"1.3.3","lang/java/src/java/org/apache/avro/file/DataFileConstants.java",14,0,0,1,0,0,0,0.000000,0,0,0.000000,749,434,83.222222,426,359.604167,20,0,0,"0",0,"NO"
"1.3.3","lang/java/src/java/org/apache/avro/file/SeekableFileInput.java",13,0,0,0,0,0,0,0.000000,0,0,0.000000,724,434,120.666667,426,416.543689,18,0,0,"0",0,"NO"
"1.3.3","lang/java/src/java/org/apache/avro/io/BinaryEncoder.java",178,0,0,1,0,0,0,0.000000,0,0,0.000000,781,434,86.777778,426,379.852910,39,1,6,"22",3,"NO"
"1.3.3","lang/java/src/java/org/apache/avro/io/DirectBinaryDecoder.java",154,0,0,0,0,0,0,0.000000,0,0,0.000000,575,434,71.875000,351,249.834234,27,3,15,"0",0,"NO"
"1.3.3","lang/java/src/java/org/apache/avro/io/DatumWriter.java",7,0,0,0,0,0,0,0.000000,0,0,0.000000,768,434,109.714286,426,421.172414,23,0,0,"0",0,"NO"
"1.3.3","lang/java/src/java/org/apache/avro/io/ResolvingDecoder.java",126,19,1,1,1,19,19,19.000000,19,19,19.000000,645,434,43.000000,349,263.597603,106,6,21,"0",0,"NO"
"1.3.3","lang/java/src/java/org/apache/avro/io/ValidatingDecoder.java",181,0,0,1,0,0,0,0.000000,0,0,0.000000,591,434,65.666667,349,333.606154,21,2,10,"0",0,"NO"
"1.3.3","lang/java/src/java/org/apache/avro/io/DecoderFactory.java",76,0,0,0,0,0,0,0.000000,0,0,0.000000,24,24,24.000000,110,110.000000,143,3,8,"4",3,"NO"
"1.3.3","lang/java/src/java/org/apache/avro/io/BinaryData.java",152,0,0,0,0,0,0,0.000000,0,0,0.000000,513,434,85.500000,282,256.503480,33,6,42,"17",5,"NO"
"1.3.3","lang/java/src/java/org/apache/avro/io/BlockingBinaryEncoder.java",418,0,0,2,0,0,0,0.000000,0,0,0.000000,573,434,81.857143,369,359.615845,122,4,46,"19",5,"NO"
"1.3.3","lang/java/src/java/org/apache/avro/io/Encoder.java",36,0,0,0,0,0,0,0.000000,0,0,0.000000,781,434,86.777778,426,379.742827,209,0,0,"0",0,"NO"
"1.3.3","lang/java/src/java/org/apache/avro/io/JsonDecoder.java",363,0,0,2,0,0,0,0.000000,0,0,0.000000,617,434,56.090909,322,293.065385,21,5,39,"4",3,"NO"
"1.3.3","lang/java/src/java/org/apache/avro/io/ParsingEncoder.java",36,0,0,0,0,0,0,0.000000,0,0,0.000000,524,434,131.000000,322,311.228571,24,1,3,"1",1,"NO"
"1.3.3","lang/java/src/java/org/apache/avro/io/DatumReader.java",7,0,0,0,0,0,0,0.000000,0,0,0.000000,703,434,117.166667,426,422.370968,24,0,0,"0",0,"NO"
"1.3.3","lang/java/src/java/org/apache/avro/io/ParsingDecoder.java",47,0,0,0,0,0,0,0.000000,0,0,0.000000,522,434,174.000000,322,321.920000,19,12,13,"0",0,"NO"
"1.3.3","lang/java/src/java/org/apache/avro/io/parsing/SkipParser.java",44,0,0,1,0,0,0,0.000000,0,0,0.000000,575,434,71.875000,322,290.891667,43,3,3,"2",2,"NO"
"1.3.3","lang/java/src/java/org/apache/avro/io/parsing/ValidatingGrammarGenerator.java",82,0,0,1,0,0,0,0.000000,0,0,0.000000,590,434,73.750000,322,299.403727,43,4,18,"6",5,"NO"
"1.3.3","lang/java/src/java/org/apache/avro/io/parsing/ResolvingGrammarGenerator.java",335,0,0,3,0,0,0,0.000000,0,0,0.000000,613,434,47.153846,322,250.780443,84,5,83,"22",6,"YES"
"1.3.3","lang/java/src/java/org/apache/avro/io/parsing/Parser.java",98,0,0,2,0,0,0,0.000000,0,0,0.000000,582,434,64.666667,322,219.761658,79,4,13,"3",1,"NO"
"1.3.3","lang/java/src/java/org/apache/avro/io/parsing/JsonGrammarGenerator.java",58,0,0,2,0,0,0,0.000000,0,0,0.000000,589,434,73.625000,322,286.738462,35,4,16,"4",1,"NO"
"1.3.3","lang/java/src/java/org/apache/avro/io/parsing/Symbol.java",358,0,0,2,0,0,0,0.000000,0,0,0.000000,601,434,46.230769,322,248.744615,123,3,16,"14",4,"NO"
"1.3.3","lang/java/src/java/org/apache/avro/io/JsonEncoder.java",194,0,0,3,0,0,0,0.000000,0,0,0.000000,589,434,58.900000,322,302.038328,21,3,14,"0",0,"NO"
"1.3.3","lang/java/src/java/org/apache/avro/io/BinaryDecoder.java",648,0,0,0,0,0,0,0.000000,0,0,0.000000,575,434,71.875000,351,168.483798,256,9,62,"50",9,"NO"
"1.3.3","lang/java/src/java/org/apache/avro/io/ValidatingEncoder.java",149,0,0,2,0,0,0,0.000000,0,0,0.000000,582,434,72.750000,349,333.009501,25,1,2,"0",0,"NO"
"1.3.3","lang/java/src/java/org/apache/avro/io/Decoder.java",32,0,0,0,0,0,0,0.000000,0,0,0.000000,836,434,69.666667,426,381.326429,226,0,0,"0",0,"NO"
"1.3.3","lang/java/src/java/org/apache/avro/AvroTypeException.java",7,0,0,0,0,0,0,0.000000,0,0,0.000000,754,434,107.714286,426,415.230769,18,0,0,"0",0,"NO"
"1.3.3","lang/java/src/java/org/apache/avro/tool/RpcReceiveTool.java",135,0,0,0,0,0,0,0.000000,0,0,0.000000,457,434,152.333333,160,150.000000,23,2,9,"3",3,"NO"
"1.3.3","lang/java/src/java/org/apache/avro/tool/JsonToBinaryFragmentTool.java",52,0,0,0,0,0,0,0.000000,0,0,0.000000,447,434,223.500000,161,161.000000,18,1,3,"2",2,"YES"
"1.3.3","lang/java/src/java/org/apache/avro/tool/Main.java",61,0,0,0,0,0,0,0.000000,0,0,0.000000,514,434,51.400000,225,195.568000,24,2,6,"1",1,"NO"
"1.3.3","lang/java/src/java/org/apache/avro/tool/Util.java",36,0,0,0,0,0,0,0.000000,0,0,0.000000,786,434,78.600000,426,318.860927,29,1,1,"3",3,"NO"
"1.3.3","lang/java/src/java/org/apache/avro/tool/DataFileGetSchemaTool.java",30,0,0,0,0,0,0,0.000000,0,0,0.000000,761,434,69.181818,426,283.363636,18,1,1,"0",0,"NO"
"1.3.3","lang/java/src/java/org/apache/avro/tool/Tool.java",9,0,0,0,0,0,0,0.000000,0,0,0.000000,757,434,68.818182,426,333.064000,38,0,0,"0",0,"NO"
"1.3.3","lang/java/src/java/org/apache/avro/tool/RpcSendTool.java",91,0,0,0,0,0,0,0.000000,0,0,0.000000,457,434,152.333333,160,148.020134,20,2,4,"1",1,"NO"
"1.3.3","lang/java/src/java/org/apache/avro/tool/BinaryFragmentToJsonTool.java",62,0,0,0,0,0,0,0.000000,0,0,0.000000,471,434,157.000000,161,158.134831,18,1,3,"2",2,"NO"
"1.3.3","lang/java/src/java/org/apache/avro/tool/GenAvroTool.java",46,0,0,0,0,0,0,0.000000,0,0,0.000000,465,434,155.000000,160,159.675000,21,1,3,"5",3,"NO"
"1.3.3","lang/java/src/java/org/apache/avro/tool/DataFileReadTool.java",49,0,0,0,0,0,0,0.000000,0,0,0.000000,459,434,153.000000,161,160.963415,21,1,2,"0",0,"NO"
"1.3.3","lang/java/src/java/org/apache/avro/tool/DataFileWriteTool.java",69,0,0,0,0,0,0,0.000000,0,0,0.000000,475,434,118.750000,161,155.625000,18,2,4,"2",2,"NO"
"1.3.3","lang/java/src/java/org/apache/avro/reflect/ReflectDatumReader.java",109,0,0,4,0,0,0,0.000000,0,0,0.000000,964,434,41.913043,426,344.875371,23,2,13,"11",4,"NO"
"1.3.3","lang/java/src/java/org/apache/avro/reflect/Stringable.java",10,0,0,2,0,0,0,0.000000,0,0,0.000000,776,434,86.222222,426,380.846154,22,0,0,"0",0,"NO"
"1.3.3","lang/java/src/java/org/apache/avro/reflect/ReflectRequestor.java",43,0,0,0,0,0,0,0.000000,0,0,0.000000,869,434,66.846154,426,375.402235,21,0,0,"0",0,"NO"
"1.3.3","lang/java/src/java/org/apache/avro/reflect/InduceSchemaTool.java",49,0,0,0,0,0,0,0.000000,0,0,0.000000,461,434,76.833333,201,195.861702,20,3,5,"1",1,"NO"
"1.3.3","lang/java/src/java/org/apache/avro/reflect/ReflectResponder.java",22,0,0,1,0,0,0,0.000000,0,0,0.000000,944,434,59.000000,426,377.801923,18,0,0,"0",0,"YES"
"1.3.3","lang/java/src/java/org/apache/avro/reflect/ReflectDatumWriter.java",87,0,0,5,0,0,0,0.000000,0,0,0.000000,1005,434,41.875000,426,340.023095,24,1,6,"8",3,"YES"
"1.3.3","lang/java/src/java/org/apache/avro/reflect/ReflectData.java",350,10,1,6,1,7,7,7.000000,4,4,4.000000,1043,434,33.645161,426,294.936108,68,11,71,"47",11,"YES"
"1.3.3","lang/java/src/java/org/apache/avro/reflect/Nullable.java",10,0,0,2,0,0,0,0.000000,0,0,0.000000,781,434,78.100000,426,358.780142,21,0,0,"0",0,"NO"
"1.3.3","lang/java/src/java/org/apache/avro/reflect/Union.java",12,0,0,1,0,0,0,0.000000,0,0,0.000000,781,434,78.100000,426,365.666667,25,0,0,"0",0,"NO"
"1.3.3","lang/java/src/java/org/apache/avro/AvroRuntimeException.java",8,0,0,0,0,0,0,0.000000,0,0,0.000000,732,434,104.571429,426,413.233766,18,0,0,"0",0,"NO"
"1.3.3","lang/java/src/java/org/apache/avro/ipc/RPCPlugin.java",10,0,0,0,0,0,0,0.000000,0,0,0.000000,462,434,154.000000,313,307.731707,55,0,0,"7",1,"NO"
"1.3.3","lang/java/src/java/org/apache/avro/ipc/ResponderServlet.java",30,0,0,0,0,0,0,0.000000,0,0,0.000000,444,434,148.000000,252,248.700000,18,1,1,"0",0,"NO"
"1.3.3","lang/java/src/java/org/apache/avro/ipc/Responder.java",143,0,0,1,0,0,0,0.000000,0,0,0.000000,925,434,48.684211,426,375.599374,33,2,14,"5",1,"YES"
"1.3.3","lang/java/src/java/org/apache/avro/ipc/ByteBufferInputStream.java",50,0,0,0,0,0,0,0.000000,0,0,0.000000,745,434,93.125000,426,424.080460,30,2,7,"6",2,"NO"
"1.3.3","lang/java/src/java/org/apache/avro/ipc/HttpServer.java",30,0,0,0,0,0,0,0.000000,0,0,0.000000,444,434,148.000000,252,249.162162,20,1,2,"0",0,"NO"
"1.3.3","lang/java/src/java/org/apache/avro/ipc/RPCContext.java",70,0,0,1,0,0,0,0.000000,0,0,0.000000,479,434,95.800000,313,290.597990,67,1,4,"2",1,"YES"
"1.3.3","lang/java/src/java/org/apache/avro/ipc/Server.java",5,0,0,0,0,0,0,0.000000,0,0,0.000000,760,434,108.571429,426,401.633663,20,0,0,"0",0,"NO"
"1.3.3","lang/java/src/java/org/apache/avro/ipc/Requestor.java",167,0,0,1,0,0,0,0.000000,0,0,0.000000,927,434,54.529412,426,378.355593,35,2,16,"4",1,"YES"
"1.3.3","lang/java/src/java/org/apache/avro/ipc/DatagramServer.java",45,0,0,0,0,0,0,0.000000,0,0,0.000000,792,434,88.000000,426,393.528807,19,2,3,"1",1,"NO"
"1.3.3","lang/java/src/java/org/apache/avro/ipc/ByteBufferOutputStream.java",55,0,0,0,0,0,0,0.000000,0,0,0.000000,738,434,123.000000,426,421.553114,25,1,4,"3",2,"NO"
"1.3.3","lang/java/src/java/org/apache/avro/ipc/AvroRemoteException.java",15,0,0,0,0,0,0,0.000000,0,0,0.000000,745,434,124.166667,426,423.445255,18,1,1,"1",1,"NO"
"1.3.3","lang/java/src/java/org/apache/avro/ipc/SocketTransceiver.java",66,0,0,0,0,0,0,0.000000,0,0,0.000000,769,434,85.444444,426,407.779661,22,2,6,"2",1,"NO"
"1.3.3","lang/java/src/java/org/apache/avro/ipc/HttpTransceiver.java",80,0,0,0,0,0,0,0.000000,0,0,0.000000,481,434,80.166667,252,244.525926,22,3,6,"1",1,"NO"
"1.3.3","lang/java/src/java/org/apache/avro/ipc/stats/FloatHistogram.java",27,0,0,1,0,0,0,0.000000,0,0,0.000000,481,434,96.200000,295,226.281250,22,1,2,"0",0,"NO"
"1.3.3","lang/java/src/java/org/apache/avro/ipc/stats/StatsServlet.java",68,0,0,0,0,0,0,0.000000,0,0,0.000000,446,434,223.000000,152,152.000000,25,1,3,"0",0,"NO"
"1.3.3","lang/java/src/java/org/apache/avro/ipc/stats/Histogram.java",128,0,0,0,0,0,0,0.000000,0,0,0.000000,446,434,223.000000,152,152.000000,52,2,8,"6",4,"NO"
"1.3.3","lang/java/src/java/org/apache/avro/ipc/stats/StatsPlugin.java",75,0,0,0,0,0,0,0.000000,0,0,0.000000,446,434,223.000000,152,152.000000,35,1,2,"1",1,"NO"
"1.3.3","lang/java/src/java/org/apache/avro/ipc/stats/Stopwatch.java",38,0,0,0,0,0,0,0.000000,0,0,0.000000,446,434,223.000000,152,152.000000,28,2,4,"4",2,"NO"
"1.3.3","lang/java/src/java/org/apache/avro/ipc/Transceiver.java",17,0,0,0,0,0,0,0.000000,0,0,0.000000,748,434,106.857143,426,415.746154,18,0,0,"2",2,"NO"
"1.3.3","lang/java/src/java/org/apache/avro/ipc/DatagramTransceiver.java",54,0,0,0,0,0,0,0.000000,0,0,0.000000,456,434,152.000000,259,254.379310,22,2,3,"2",1,"NO"
"1.3.3","lang/java/src/java/org/apache/avro/ipc/LocalTransceiver.java",27,0,0,0,0,0,0,0.000000,0,0,0.000000,751,434,93.875000,426,359.198795,18,0,0,"0",0,"NO"
"1.3.3","lang/java/src/java/org/apache/avro/ipc/SocketServer.java",74,0,0,0,0,0,0,0.000000,0,0,0.000000,795,434,79.500000,426,412.705189,19,2,6,"6",4,"YES"
"1.3.3","lang/java/src/java/org/apache/avro/Protocol.java",279,0,0,2,0,0,0,0.000000,0,0,0.000000,951,434,43.227273,426,402.622278,62,3,35,"30",4,"YES"
"1.3.3","lang/java/src/java/org/apache/avro/specific/ProtocolTask.java",46,0,0,0,0,0,0,0.000000,0,0,0.000000,750,434,107.142857,426,407.070988,22,2,6,"7",5,"NO"
"1.3.3","lang/java/src/java/org/apache/avro/specific/SpecificRequestor.java",72,0,0,2,0,0,0,0.000000,0,0,0.000000,888,434,59.200000,426,349.644599,21,1,2,"3",2,"YES"
"1.3.3","lang/java/src/java/org/apache/avro/specific/SchemaTask.java",8,0,0,0,0,0,0,0.000000,0,0,0.000000,750,434,107.142857,426,417.410526,18,0,0,"0",0,"NO"
"1.3.3","lang/java/src/java/org/apache/avro/specific/SpecificExceptionBase.java",18,0,0,2,0,0,0,0.000000,0,0,0.000000,771,434,85.666667,426,392.553846,21,1,3,"6",3,"NO"
"1.3.3","lang/java/src/java/org/apache/avro/specific/SpecificRecordBase.java",27,0,0,3,0,0,0,0.000000,0,0,0.000000,554,434,79.142857,372,294.207692,21,1,3,"4",2,"NO"
"1.3.3","lang/java/src/java/org/apache/avro/specific/SpecificCompiler.java",336,0,0,5,0,0,0,0.000000,0,0,0.000000,1022,434,30.969697,426,315.374493,52,4,75,"12",2,"NO"
"1.3.3","lang/java/src/java/org/apache/avro/specific/SpecificDatumReader.java",57,0,0,3,0,0,0,0.000000,0,0,0.000000,909,434,50.500000,426,395.336463,19,1,4,"2",2,"NO"
"1.3.3","lang/java/src/java/org/apache/avro/specific/FixedSize.java",12,0,0,1,0,0,0,0.000000,0,0,0.000000,767,434,95.875000,426,402.829060,22,0,0,"0",0,"NO"
"1.3.3","lang/java/src/java/org/apache/avro/specific/SpecificData.java",168,0,0,4,0,0,0,0.000000,0,0,0.000000,578,434,44.461538,280,216.675000,28,12,42,"21",7,"NO"
"1.3.3","lang/java/src/java/org/apache/avro/specific/SpecificFixed.java",7,0,0,0,0,0,0,0.000000,0,0,0.000000,761,434,95.125000,426,417.615385,18,0,0,"0",0,"NO"
"1.3.3","lang/java/src/java/org/apache/avro/specific/SpecificResponder.java",70,0,0,3,0,0,0,0.000000,0,0,0.000000,862,434,66.307692,426,326.564202,18,1,5,"5",3,"NO"
"1.3.3","lang/java/src/java/org/apache/avro/specific/SpecificRecord.java",4,0,0,1,0,0,0,0.000000,0,0,0.000000,784,434,98.000000,426,399.519231,19,0,0,"0",0,"NO"
"1.3.3","lang/java/src/java/org/apache/avro/specific/SpecificDatumWriter.java",29,0,0,1,0,0,0,0.000000,0,0,0.000000,840,434,70.000000,426,384.192708,18,0,0,"1",1,"NO"
"1.3.3","lang/java/src/java/org/apache/avro/Schema.java",836,0,0,6,0,0,0,0.000000,0,0,0.000000,1056,434,26.400000,426,342.776154,179,9,115,"157",17,"YES"
"1.3.3","lang/java/src/java/org/apache/avro/util/Utf8.java",62,0,0,1,0,0,0,0.000000,0,0,0.000000,759,434,94.875000,426,409.231061,18,2,9,"12",4,"NO"
"1.4.0","lang/java/src/java/org/apache/avro/SchemaParseException.java",5,0,0,0,0,0,0,0.000000,0,0,0.000000,723,434,120.500000,517,513.040541,18,0,0,"0",0,"NO"
"1.4.0","lang/java/src/java/org/apache/avro/AvroRuntimeException.java",8,0,0,0,0,0,0,0.000000,0,0,0.000000,732,434,104.571429,517,504.233766,18,0,0,"0",0,"NO"
"1.4.0","lang/java/src/java/org/apache/avro/Schema.java",1034,314,4,8,1,269,193,67.250000,224,187,56.000000,1069,434,24.295455,517,395.364812,195,9,165,"157",17,"YES"
"1.4.0","lang/java/src/java/org/apache/avro/ipc/stats/StatsServlet.java",191,739,3,0,2,449,206,149.666667,487,164,162.333333,478,434,95.600000,243,71.526005,42,1,7,"0",0,"NO"
"1.4.0","lang/java/src/java/org/apache/avro/ipc/stats/FloatHistogram.java",27,0,0,1,0,0,0,0.000000,0,0,0.000000,481,434,96.200000,386,317.281250,22,1,2,"0",0,"NO"
"1.4.0","lang/java/src/java/org/apache/avro/ipc/stats/Histogram.java",165,72,1,0,1,67,67,67.000000,62,62,62.000000,450,434,150.000000,243,199.592058,70,2,11,"6",4,"NO"
"1.4.0","lang/java/src/java/org/apache/avro/ipc/stats/StatsServer.java",20,54,1,0,1,54,54,54.000000,54,54,54.000000,18,18,18.000000,42,42.000000,28,0,0,"0",0,"NO"
"1.4.0","lang/java/src/java/org/apache/avro/ipc/stats/StaticServlet.java",19,46,2,0,1,46,28,23.000000,46,28,23.000000,43,25,21.500000,42,31.826087,22,1,2,"0",0,"NO"
"1.4.0","lang/java/src/java/org/apache/avro/ipc/stats/StatsPlugin.java",161,387,3,0,2,246,117,82.000000,315,105,105.000000,478,434,95.600000,243,93.431102,41,1,8,"1",1,"NO"
"1.4.0","lang/java/src/java/org/apache/avro/ipc/stats/IntegerHistogram.java",28,17,1,1,1,9,9,9.000000,1,1,1.000000,485,434,80.833333,386,280.982301,22,1,2,"0",0,"NO"
"1.4.0","lang/java/src/java/org/apache/avro/ipc/stats/Stopwatch.java",38,0,0,0,0,0,0,0.000000,0,0,0.000000,446,434,223.000000,243,243.000000,28,2,4,"4",2,"NO"
"1.4.0","lang/java/src/java/org/apache/avro/ipc/ByteBufferOutputStream.java",68,32,2,0,1,23,18,11.500000,18,16,9.000000,783,434,97.875000,517,467.039344,25,1,6,"3",2,"NO"
"1.4.0","lang/java/src/java/org/apache/avro/ipc/RPCContext.java",84,84,3,2,1,61,41,20.333333,40,39,13.333333,522,434,65.250000,404,283.250883,87,1,4,"2",1,"NO"
"1.4.0","lang/java/src/java/org/apache/avro/ipc/Server.java",7,6,1,0,1,6,6,6.000000,6,6,6.000000,783,434,97.875000,517,467.869159,22,0,0,"0",0,"NO"
"1.4.0","lang/java/src/java/org/apache/avro/ipc/AvroRemoteException.java",15,0,0,0,0,0,0,0.000000,0,0,0.000000,745,434,124.166667,517,514.445255,18,1,1,"1",1,"NO"
"1.4.0","lang/java/src/java/org/apache/avro/ipc/Transceiver.java",23,30,1,0,1,29,29,29.000000,28,28,28.000000,771,434,96.375000,517,433.856250,36,0,0,"2",2,"NO"
"1.4.0","lang/java/src/java/org/apache/avro/ipc/HttpTransceiver.java",75,21,1,0,1,7,7,7.000000,7,7,7.000000,504,434,72.000000,343,306.243590,21,3,6,"1",1,"NO"
"1.4.0","lang/java/src/java/org/apache/avro/ipc/NettyServer.java",109,199,3,1,1,175,148,58.333333,153,148,51.000000,35,23,11.666667,69,64.135678,24,1,2,"0",0,"NO"
"1.4.0","lang/java/src/java/org/apache/avro/ipc/DatagramServer.java",45,2,1,0,1,1,1,1.000000,0,0,0.000000,815,434,81.500000,517,482.752049,19,2,3,"1",1,"NO"
"1.4.0","lang/java/src/java/org/apache/avro/ipc/RPCPlugin.java",10,10,1,0,1,6,6,6.000000,2,2,2.000000,470,434,117.500000,404,363.543478,55,0,0,"7",1,"NO"
"1.4.0","lang/java/src/java/org/apache/avro/ipc/trace/Trace.java",126,253,3,0,2,248,245,82.666667,247,245,82.333333,70,28,23.333333,34,33.636364,100,5,20,"0",0,"NO"
"1.4.0","lang/java/src/java/org/apache/avro/ipc/trace/TraceClientServlet.java",190,277,2,0,1,265,198,132.500000,253,186,126.500000,42,25,21.000000,34,20.353791,41,3,20,"0",0,"NO"
"1.4.0","lang/java/src/java/org/apache/avro/ipc/trace/TracePlugin.java",248,402,5,0,2,373,322,74.600000,374,322,74.800000,92,28,18.400000,34,30.942786,66,3,25,"0",0,"NO"
"1.4.0","lang/java/src/java/org/apache/avro/ipc/trace/StaticServlet.java",22,50,1,0,1,50,50,50.000000,50,50,50.000000,25,25,25.000000,16,16.000000,22,1,3,"0",0,"NO"
"1.4.0","lang/java/src/java/org/apache/avro/ipc/trace/SpanStorage.java",11,50,2,1,1,35,24,17.500000,20,11,10.000000,795,434,79.500000,517,355.628743,39,0,0,"0",0,"NO"
"1.4.0","lang/java/src/java/org/apache/avro/ipc/trace/Util.java",139,250,4,0,1,236,169,59.000000,222,169,55.500000,62,25,15.500000,34,28.696000,61,4,24,"0",0,"NO"
"1.4.0","lang/java/src/java/org/apache/avro/ipc/trace/TraceCollection.java",198,356,2,0,1,331,281,165.500000,306,281,153.000000,34,25,17.000000,16,15.157303,77,3,14,"0",0,"NO"
"1.4.0","lang/java/src/java/org/apache/avro/ipc/trace/SpanAggregator.java",107,185,3,1,2,183,155,61.000000,181,155,60.333333,49,25,16.333333,34,31.016216,55,6,15,"0",0,"NO"
"1.4.0","lang/java/src/java/org/apache/avro/ipc/trace/TraceNode.java",65,153,2,0,1,146,94,73.000000,139,94,69.500000,42,25,21.000000,34,27.058824,58,2,2,"0",0,"NO"
"1.4.0","lang/java/src/java/org/apache/avro/ipc/trace/FileSpanStorage.java",212,359,1,0,1,359,359,359.000000,359,359,359.000000,11,11,11.000000,26,26.000000,105,3,23,"0",0,"NO"
"1.4.0","lang/java/src/java/org/apache/avro/ipc/trace/TracePluginConfiguration.java",28,62,3,0,1,60,45,20.000000,58,45,19.333333,53,25,17.666667,34,30.677419,36,0,0,"0",0,"NO"
"1.4.0","lang/java/src/java/org/apache/avro/ipc/trace/InMemorySpanStorage.java",45,80,2,0,1,79,68,39.500000,78,68,39.000000,28,17,14.000000,34,32.800000,24,2,4,"0",0,"NO"
"1.4.0","lang/java/src/java/org/apache/avro/ipc/Responder.java",163,81,5,3,1,56,28,11.200000,33,21,6.600000,993,434,41.375000,517,423.823611,39,2,18,"5",1,"NO"
"1.4.0","lang/java/src/java/org/apache/avro/ipc/NettyTransceiver.java",191,264,1,0,1,264,264,264.000000,264,264,264.000000,9,9,9.000000,69,69.000000,36,1,7,"0",0,"NO"
"1.4.0","lang/java/src/java/org/apache/avro/ipc/Requestor.java",183,78,5,2,2,49,25,9.800000,22,13,4.400000,1010,434,45.909091,517,425.014771,38,2,22,"4",1,"YES"
"1.4.0","lang/java/src/java/org/apache/avro/ipc/LocalTransceiver.java",27,0,0,0,0,0,0,0.000000,0,0,0.000000,751,434,93.875000,517,450.198795,18,0,0,"0",0,"NO"
"1.4.0","lang/java/src/java/org/apache/avro/ipc/DatagramTransceiver.java",54,0,0,0,0,0,0,0.000000,0,0,0.000000,456,434,152.000000,350,345.379310,22,2,3,"2",1,"NO"
"1.4.0","lang/java/src/java/org/apache/avro/ipc/NettyTransportCodec.java",111,183,2,0,1,183,165,91.500000,183,165,91.500000,15,9,7.500000,69,63.491803,46,2,7,"0",0,"NO"
"1.4.0","lang/java/src/java/org/apache/avro/ipc/SocketTransceiver.java",77,18,2,0,1,17,16,8.500000,16,15,8.000000,800,434,72.727273,517,476.744409,23,2,8,"2",1,"NO"
"1.4.0","lang/java/src/java/org/apache/avro/ipc/ByteBufferInputStream.java",50,0,0,0,0,0,0,0.000000,0,0,0.000000,745,434,93.125000,517,515.080460,30,2,7,"6",2,"NO"
"1.4.0","lang/java/src/java/org/apache/avro/ipc/SocketServer.java",73,3,2,0,1,1,1,0.500000,1,1,0.500000,841,434,70.083333,517,500.838407,19,2,6,"6",4,"YES"
"1.4.0","lang/java/src/java/org/apache/avro/ipc/ResponderServlet.java",30,0,0,0,0,0,0,0.000000,0,0,0.000000,444,434,148.000000,343,339.700000,18,1,1,"0",0,"NO"
"1.4.0","lang/java/src/java/org/apache/avro/ipc/HttpServer.java",37,29,1,0,1,21,21,21.000000,13,13,13.000000,467,434,116.750000,343,280.264286,24,1,2,"0",0,"NO"
"1.4.0","lang/java/src/java/org/apache/avro/specific/SpecificDatumWriter.java",28,10,1,1,1,4,4,4.000000,2,2,2.000000,877,434,67.461538,517,454.094059,19,1,1,"1",1,"NO"
"1.4.0","lang/java/src/java/org/apache/avro/specific/FixedSize.java",12,0,0,1,0,0,0,0.000000,0,0,0.000000,767,434,95.875000,517,493.829060,22,0,0,"0",0,"NO"
"1.4.0","lang/java/src/java/org/apache/avro/specific/SpecificCompiler.java",352,48,6,5,1,32,11,5.333333,16,7,2.666667,1092,434,28.000000,517,397.242527,53,4,78,"12",2,"YES"
"1.4.0","lang/java/src/java/org/apache/avro/specific/SpecificExceptionBase.java",18,0,0,2,0,0,0,0.000000,0,0,0.000000,771,434,85.666667,517,483.553846,21,1,3,"6",3,"NO"
"1.4.0","lang/java/src/java/org/apache/avro/specific/SpecificRecordBase.java",27,0,0,3,0,0,0,0.000000,0,0,0.000000,554,434,79.142857,463,385.207692,21,1,3,"4",2,"NO"
"1.4.0","lang/java/src/java/org/apache/avro/specific/SchemaTask.java",8,0,0,0,0,0,0,0.000000,0,0,0.000000,750,434,107.142857,517,508.410526,18,0,0,"0",0,"NO"
"1.4.0","lang/java/src/java/org/apache/avro/specific/SpecificRecord.java",4,0,0,1,0,0,0,0.000000,0,0,0.000000,784,434,98.000000,517,490.519231,19,0,0,"0",0,"NO"
"1.4.0","lang/java/src/java/org/apache/avro/specific/ProtocolTask.java",46,0,0,0,0,0,0,0.000000,0,0,0.000000,750,434,107.142857,517,498.070988,22,2,6,"7",5,"NO"
"1.4.0","lang/java/src/java/org/apache/avro/specific/SpecificFixed.java",7,0,0,0,0,0,0,0.000000,0,0,0.000000,761,434,95.125000,517,508.615385,18,0,0,"0",0,"NO"
"1.4.0","lang/java/src/java/org/apache/avro/specific/SpecificRequestor.java",72,4,1,3,1,2,2,2.000000,0,0,0.000000,895,434,55.937500,517,435.164948,21,1,2,"3",2,"NO"
"1.4.0","lang/java/src/java/org/apache/avro/specific/SpecificData.java",153,58,4,4,1,18,7,4.500000,22,20,5.500000,655,434,38.529412,371,272.724891,29,12,43,"21",7,"NO"
"1.4.0","lang/java/src/java/org/apache/avro/specific/SpecificDatumReader.java",59,45,2,3,1,28,22,14.000000,11,6,5.500000,950,434,47.500000,517,457.450292,30,2,9,"2",2,"NO"
"1.4.0","lang/java/src/java/org/apache/avro/specific/SpecificResponder.java",71,1,1,3,1,1,1,1.000000,1,1,1.000000,899,434,64.214286,517,416.275194,18,1,5,"5",3,"NO"
"1.4.0","lang/java/src/java/org/apache/avro/mapred/HadoopReducer.java",31,60,1,0,1,60,60,60.000000,60,60,60.000000,37,37,37.000000,49,49.000000,19,0,0,"0",0,"NO"
"1.4.0","lang/java/src/java/org/apache/avro/mapred/tether/TetherReducer.java",53,82,1,0,1,82,82,82.000000,82,82,82.000000,37,37,37.000000,85,85.000000,20,1,6,"0",0,"NO"
"1.4.0","lang/java/src/java/org/apache/avro/mapred/tether/TetherPartitioner.java",30,59,2,0,1,59,59,29.500000,59,59,29.500000,38,37,19.000000,85,85.000000,18,1,2,"0",0,"NO"
"1.4.0","lang/java/src/java/org/apache/avro/mapred/tether/TetherKeyComparator.java",33,99,2,0,1,80,61,40.000000,61,61,30.500000,55,37,27.500000,160,131.212121,18,1,3,"0",0,"NO"
"1.4.0","lang/java/src/java/org/apache/avro/mapred/tether/TetherRecordReader.java",50,124,2,0,1,104,86,52.000000,88,86,44.000000,55,37,27.500000,160,137.016129,18,1,2,"0",0,"NO"
"1.4.0","lang/java/src/java/org/apache/avro/mapred/tether/TetherJob.java",104,160,2,0,1,158,154,79.000000,156,154,78.000000,74,37,37.000000,85,83.650000,28,1,5,"0",0,"YES"
"1.4.0","lang/java/src/java/org/apache/avro/mapred/tether/TetherOutputFormat.java",48,130,2,0,1,105,87,52.500000,94,87,47.000000,55,37,27.500000,160,135.192308,19,1,1,"0",0,"NO"
"1.4.0","lang/java/src/java/org/apache/avro/mapred/tether/TetherInputFormat.java",31,70,2,0,1,64,56,32.000000,58,56,29.000000,55,37,27.500000,160,145.000000,18,2,2,"0",0,"NO"
"1.4.0","lang/java/src/java/org/apache/avro/mapred/tether/TetherMapRunner.java",55,93,1,0,1,93,93,93.000000,93,93,93.000000,37,37,37.000000,85,85.000000,23,2,5,"0",0,"NO"
"1.4.0","lang/java/src/java/org/apache/avro/mapred/tether/TetherOutputService.java",66,111,2,0,1,106,103,53.000000,105,103,52.500000,65,37,32.500000,85,80.963964,17,1,3,"0",0,"NO"
"1.4.0","lang/java/src/java/org/apache/avro/mapred/tether/TetheredProcess.java",89,132,2,0,1,132,131,66.000000,132,131,66.000000,60,37,30.000000,85,84.742424,26,2,7,"0",0,"NO"
"1.4.0","lang/java/src/java/org/apache/avro/mapred/tether/TetherKeySerialization.java",53,91,1,0,1,91,91,91.000000,91,91,91.000000,37,37,37.000000,85,85.000000,18,1,1,"0",0,"NO"
"1.4.0","lang/java/src/java/org/apache/avro/mapred/tether/TetherData.java",12,44,1,0,1,17,17,17.000000,10,10,10.000000,788,434,87.555556,517,373.680952,23,0,0,"0",0,"NO"
"1.4.0","lang/java/src/java/org/apache/avro/mapred/AvroWrapper.java",25,55,2,2,1,29,27,14.500000,3,3,1.500000,548,434,68.500000,386,272.316667,21,2,7,"0",0,"NO"
"1.4.0","lang/java/src/java/org/apache/avro/mapred/AvroJob.java",86,283,4,0,1,216,104,54.000000,157,104,39.250000,97,37,24.250000,160,93.190813,40,1,4,"0",0,"YES"
"1.4.0","lang/java/src/java/org/apache/avro/mapred/AvroValue.java",4,12,1,0,1,5,5,5.000000,2,2,2.000000,781,434,111.571429,517,452.028571,19,0,0,"0",0,"NO"
"1.4.0","lang/java/src/java/org/apache/avro/mapred/AvroUtf8InputFormat.java",75,117,2,0,1,117,98,58.500000,117,98,58.500000,9,6,4.500000,85,73.307692,21,1,1,"0",0,"NO"
"1.4.0","lang/java/src/java/org/apache/avro/mapred/AvroSerialization.java",85,205,3,0,1,170,148,56.666667,161,148,53.666667,92,37,30.666667,160,131.595122,26,2,6,"0",0,"YES"
"1.4.0","lang/java/src/java/org/apache/avro/mapred/AvroInputFormat.java",30,56,1,0,1,56,56,56.000000,56,56,56.000000,18,18,18.000000,160,160.000000,18,2,2,"0",0,"NO"
"1.4.0","lang/java/src/java/org/apache/avro/mapred/AvroMapper.java",11,111,2,0,1,76,66,38.000000,91,66,45.500000,55,37,27.500000,160,115.000000,23,0,0,"0",0,"NO"
"1.4.0","lang/java/src/java/org/apache/avro/mapred/AvroRecordReader.java",47,96,2,0,1,89,86,44.500000,90,86,45.000000,55,37,27.500000,160,148.437500,19,1,2,"0",0,"YES"
"1.4.0","lang/java/src/java/org/apache/avro/mapred/AvroReducer.java",18,127,2,0,1,89,72,44.500000,93,72,46.500000,55,37,27.500000,160,111.929134,25,1,2,"0",0,"NO"
"1.4.0","lang/java/src/java/org/apache/avro/mapred/Pair.java",372,486,2,0,1,469,453,234.500000,454,453,227.000000,65,37,32.500000,49,47.641975,55,2,10,"0",0,"YES"
"1.4.0","lang/java/src/java/org/apache/avro/mapred/FsInput.java",30,60,1,0,1,60,60,60.000000,60,60,60.000000,18,18,18.000000,160,160.000000,19,0,0,"0",0,"NO"
"1.4.0","lang/java/src/java/org/apache/avro/mapred/AvroKeyComparator.java",23,82,3,0,1,66,61,22.000000,72,61,24.000000,92,37,30.666667,160,132.890244,18,1,1,"0",0,"YES"
"1.4.0","lang/java/src/java/org/apache/avro/mapred/HadoopCombiner.java",32,62,1,0,1,62,62,62.000000,62,62,62.000000,37,37,37.000000,49,49.000000,21,0,0,"0",0,"NO"
"1.4.0","lang/java/src/java/org/apache/avro/mapred/HadoopMapper.java",52,83,1,0,1,83,83,83.000000,83,83,83.000000,37,37,37.000000,49,49.000000,21,1,2,"0",0,"NO"
"1.4.0","lang/java/src/java/org/apache/avro/mapred/AvroKey.java",4,12,1,0,1,5,5,5.000000,2,2,2.000000,781,434,111.571429,517,452.028571,19,0,0,"0",0,"NO"
"1.4.0","lang/java/src/java/org/apache/avro/mapred/HadoopReducerBase.java",36,63,1,0,1,63,63,63.000000,63,63,63.000000,37,37,37.000000,49,49.000000,17,1,1,"0",0,"NO"
"1.4.0","lang/java/src/java/org/apache/avro/mapred/AvroCollector.java",6,15,1,0,1,8,8,8.000000,1,1,1.000000,781,434,111.571429,517,440.833333,18,0,0,"0",0,"NO"
"1.4.0","lang/java/src/java/org/apache/avro/mapred/AvroOutputFormat.java",61,127,4,0,1,114,87,28.500000,107,87,26.750000,97,37,24.250000,160,126.188976,23,2,5,"0",0,"YES"
"1.4.0","lang/java/src/java/org/apache/avro/io/ValidatingDecoder.java",185,6,1,1,1,6,6,6.000000,6,6,6.000000,596,434,59.600000,440,420.987805,22,2,10,"0",0,"NO"
"1.4.0","lang/java/src/java/org/apache/avro/io/BinaryEncoder.java",178,0,0,1,0,0,0,0.000000,0,0,0.000000,781,434,86.777778,517,470.852910,39,1,6,"22",3,"NO"
"1.4.0","lang/java/src/java/org/apache/avro/io/ValidatingEncoder.java",149,0,0,2,0,0,0,0.000000,0,0,0.000000,582,434,72.750000,440,424.009501,25,1,2,"0",0,"NO"
"1.4.0","lang/java/src/java/org/apache/avro/io/DirectBinaryDecoder.java",154,0,0,0,0,0,0,0.000000,0,0,0.000000,575,434,71.875000,442,340.834234,27,3,15,"0",0,"NO"
"1.4.0","lang/java/src/java/org/apache/avro/io/ParsingEncoder.java",36,0,0,0,0,0,0,0.000000,0,0,0.000000,524,434,131.000000,413,402.228571,24,1,3,"1",1,"NO"
"1.4.0","lang/java/src/java/org/apache/avro/io/BlockingBinaryEncoder.java",418,0,0,2,0,0,0,0.000000,0,0,0.000000,573,434,81.857143,460,450.615845,122,4,46,"19",5,"NO"
"1.4.0","lang/java/src/java/org/apache/avro/io/parsing/Parser.java",98,0,0,2,0,0,0,0.000000,0,0,0.000000,582,434,64.666667,413,310.761658,79,4,13,"3",1,"NO"
"1.4.0","lang/java/src/java/org/apache/avro/io/parsing/ValidatingGrammarGenerator.java",82,0,0,1,0,0,0,0.000000,0,0,0.000000,590,434,73.750000,413,390.403727,43,4,18,"6",5,"NO"
"1.4.0","lang/java/src/java/org/apache/avro/io/parsing/SkipParser.java",44,0,0,1,0,0,0,0.000000,0,0,0.000000,575,434,71.875000,413,381.891667,43,3,3,"2",2,"NO"
"1.4.0","lang/java/src/java/org/apache/avro/io/parsing/Symbol.java",358,0,0,2,0,0,0,0.000000,0,0,0.000000,601,434,46.230769,413,339.744615,123,3,16,"14",4,"NO"
"1.4.0","lang/java/src/java/org/apache/avro/io/parsing/ResolvingGrammarGenerator.java",352,21,2,4,2,19,18,9.500000,19,18,9.500000,619,434,41.266667,413,329.889876,84,5,92,"22",6,"NO"
"1.4.0","lang/java/src/java/org/apache/avro/io/parsing/JsonGrammarGenerator.java",58,0,0,2,0,0,0,0.000000,0,0,0.000000,589,434,73.625000,413,377.738462,35,4,16,"4",1,"NO"
"1.4.0","lang/java/src/java/org/apache/avro/io/DecoderFactory.java",76,0,0,0,0,0,0,0.000000,0,0,0.000000,24,24,24.000000,201,201.000000,143,3,8,"4",3,"NO"
"1.4.0","lang/java/src/java/org/apache/avro/io/JsonDecoder.java",363,0,0,2,0,0,0,0.000000,0,0,0.000000,617,434,56.090909,413,384.065385,21,5,39,"4",3,"NO"
"1.4.0","lang/java/src/java/org/apache/avro/io/Encoder.java",36,0,0,0,0,0,0,0.000000,0,0,0.000000,781,434,86.777778,517,470.742827,209,0,0,"0",0,"NO"
"1.4.0","lang/java/src/java/org/apache/avro/io/Decoder.java",32,0,0,0,0,0,0,0.000000,0,0,0.000000,836,434,69.666667,517,472.326429,226,0,0,"0",0,"NO"
"1.4.0","lang/java/src/java/org/apache/avro/io/DatumWriter.java",7,0,0,0,0,0,0,0.000000,0,0,0.000000,768,434,109.714286,517,512.172414,23,0,0,"0",0,"NO"
"1.4.0","lang/java/src/java/org/apache/avro/io/ResolvingDecoder.java",126,19,1,2,1,19,19,19.000000,19,19,19.000000,645,434,43.000000,440,356.061644,106,6,21,"0",0,"NO"
"1.4.0","lang/java/src/java/org/apache/avro/io/BinaryData.java",250,107,1,0,1,107,107,107.000000,107,107,107.000000,550,434,78.571429,373,295.295539,36,6,66,"17",5,"NO"
"1.4.0","lang/java/src/java/org/apache/avro/io/JsonEncoder.java",194,0,0,3,0,0,0,0.000000,0,0,0.000000,589,434,58.900000,413,393.038328,21,3,14,"0",0,"NO"
"1.4.0","lang/java/src/java/org/apache/avro/io/DatumReader.java",7,2,1,0,1,1,1,1.000000,0,0,0.000000,707,434,101.000000,517,505.793651,24,0,0,"0",0,"NO"
"1.4.0","lang/java/src/java/org/apache/avro/io/ParsingDecoder.java",47,0,0,0,0,0,0,0.000000,0,0,0.000000,522,434,174.000000,413,412.920000,19,12,13,"0",0,"NO"
"1.4.0","lang/java/src/java/org/apache/avro/io/BinaryDecoder.java",648,0,0,0,0,0,0,0.000000,0,0,0.000000,575,434,71.875000,442,259.483798,256,9,62,"50",9,"NO"
"1.4.0","lang/java/src/java/org/apache/avro/generic/GenericArray.java",6,18,2,0,1,7,4,3.500000,10,7,5.000000,786,434,87.333333,517,447.233083,22,0,0,"0",0,"NO"
"1.4.0","lang/java/src/java/org/apache/avro/generic/GenericDatumReader.java",269,113,7,6,2,77,30,11.000000,41,23,5.857143,1094,434,29.567568,517,421.474038,87,4,52,"8",3,"NO"
"1.4.0","lang/java/src/java/org/apache/avro/generic/GenericEnumSymbol.java",4,8,1,0,1,4,4,4.000000,0,0,0.000000,767,434,109.571429,517,473.226415,19,0,0,"0",0,"NO"
"1.4.0","lang/java/src/java/org/apache/avro/generic/IndexedRecord.java",5,8,1,1,1,6,6,6.000000,4,4,4.000000,803,434,89.222222,517,425.677419,24,0,0,"0",0,"NO"
"1.4.0","lang/java/src/java/org/apache/avro/generic/GenericFixed.java",4,0,0,0,0,0,0,0.000000,0,0,0.000000,739,434,123.166667,517,509.489796,19,0,0,"0",0,"NO"
"1.4.0","lang/java/src/java/org/apache/avro/generic/GenericRequestor.java",46,12,2,2,1,8,7,4.000000,6,5,3.000000,879,434,67.615385,517,459.165254,19,2,4,"4",2,"NO"
"1.4.0","lang/java/src/java/org/apache/avro/generic/GenericDatumWriter.java",142,75,3,4,1,46,37,15.333333,17,15,5.666667,941,434,44.809524,517,447.370575,46,2,21,"1",1,"NO"
"1.4.0","lang/java/src/java/org/apache/avro/generic/GenericResponder.java",29,0,0,1,0,0,0,0.000000,0,0,0.000000,792,434,88.000000,517,496.009950,18,1,1,"1",1,"NO"
"1.4.0","lang/java/src/java/org/apache/avro/generic/GenericContainer.java",5,0,0,0,0,0,0,0.000000,0,0,0.000000,744,434,124.000000,517,504.032258,19,0,0,"0",0,"NO"
"1.4.0","lang/java/src/java/org/apache/avro/generic/GenericRecord.java",5,0,0,1,0,0,0,0.000000,0,0,0.000000,766,434,95.750000,517,449.658120,21,0,0,"0",0,"NO"
"1.4.0","lang/java/src/java/org/apache/avro/generic/GenericData.java",438,76,5,6,1,56,22,11.200000,36,15,7.200000,1075,434,34.677419,517,423.805104,58,12,117,"76",9,"YES"
"1.4.0","lang/java/src/java/org/apache/avro/AvroTypeException.java",7,0,0,0,0,0,0,0.000000,0,0,0.000000,754,434,107.714286,517,506.230769,18,0,0,"0",0,"NO"
"1.4.0","lang/java/src/java/org/apache/avro/tool/JsonToBinaryFragmentTool.java",53,1,1,1,1,1,1,1.000000,1,1,1.000000,450,434,150.000000,252,249.141026,18,1,3,"2",2,"NO"
"1.4.0","lang/java/src/java/org/apache/avro/tool/DataFileReadTool.java",49,0,0,0,0,0,0,0.000000,0,0,0.000000,459,434,153.000000,252,251.963415,21,1,2,"0",0,"NO"
"1.4.0","lang/java/src/java/org/apache/avro/tool/RpcSendTool.java",91,0,0,0,0,0,0,0.000000,0,0,0.000000,457,434,152.333333,251,239.020134,20,2,4,"1",1,"NO"
"1.4.0","lang/java/src/java/org/apache/avro/tool/Tool.java",9,0,0,0,0,0,0,0.000000,0,0,0.000000,757,434,68.818182,517,424.064000,38,0,0,"0",0,"NO"
"1.4.0","lang/java/src/java/org/apache/avro/tool/RpcReceiveTool.java",136,1,1,0,1,1,1,1.000000,1,1,1.000000,480,434,120.000000,251,240.035533,23,2,9,"3",3,"NO"
"1.4.0","lang/java/src/java/org/apache/avro/tool/ToTextTool.java",56,88,1,0,1,88,88,88.000000,88,88,88.000000,6,6,6.000000,82,82.000000,18,1,3,"0",0,"NO"
"1.4.0","lang/java/src/java/org/apache/avro/tool/DataFileGetSchemaTool.java",30,0,0,0,0,0,0,0.000000,0,0,0.000000,761,434,69.181818,517,374.363636,18,1,1,"0",0,"NO"
"1.4.0","lang/java/src/java/org/apache/avro/tool/Main.java",65,10,3,0,1,7,3,2.333333,4,2,1.333333,577,434,44.384615,316,271.503704,24,2,6,"1",1,"YES"
"1.4.0","lang/java/src/java/org/apache/avro/tool/Util.java",77,60,1,0,1,54,54,54.000000,48,48,48.000000,792,434,72.000000,517,316.630332,35,3,6,"3",3,"NO"
"1.4.0","lang/java/src/java/org/apache/avro/tool/BinaryFragmentToJsonTool.java",62,0,0,0,0,0,0,0.000000,0,0,0.000000,471,434,157.000000,252,249.134831,18,1,3,"2",2,"NO"
"1.4.0","lang/java/src/java/org/apache/avro/tool/IdlTool.java",47,25,2,0,1,13,7,6.500000,1,1,0.500000,494,434,98.800000,251,204.123810,21,1,3,"0",0,"NO"
"1.4.0","lang/java/src/java/org/apache/avro/tool/DataFileWriteTool.java",69,0,0,0,0,0,0,0.000000,0,0,0.000000,475,434,118.750000,252,246.625000,18,2,4,"2",2,"NO"
"1.4.0","lang/java/src/java/org/apache/avro/tool/FromTextTool.java",62,87,1,0,1,44,44,44.000000,1,1,1.000000,481,434,96.200000,252,174.653266,22,1,3,"0",0,"NO"
"1.4.0","lang/java/src/java/org/apache/avro/util/Utf8.java",74,56,2,1,1,43,41,21.500000,30,30,15.000000,824,434,82.400000,517,418.465625,31,2,10,"12",4,"NO"
"1.4.0","lang/java/src/java/org/apache/avro/util/WeakIdentityHashMap.java",119,169,1,0,1,169,169,169.000000,169,169,169.000000,5,5,5.000000,29,29.000000,33,1,5,"0",0,"NO"
"1.4.0","lang/java/src/java/org/apache/avro/file/LengthLimitedInputStream.java",53,0,0,0,0,0,0,0.000000,0,0,0.000000,16,16,16.000000,229,229.000000,22,2,5,"0",0,"NO"
"1.4.0","lang/java/src/java/org/apache/avro/file/Codec.java",16,0,0,0,0,0,0,0.000000,0,0,0.000000,783,434,78.300000,517,388.494253,32,0,0,"0",0,"NO"
"1.4.0","lang/java/src/java/org/apache/avro/file/DeflateCodec.java",97,96,1,1,1,48,48,48.000000,0,0,0.000000,72,24,12.000000,229,156.147335,31,1,6,"6",4,"NO"
"1.4.0","lang/java/src/java/org/apache/avro/file/DataFileWriter.java",248,56,3,4,2,26,12,8.666667,28,13,9.333333,912,434,43.428571,517,375.424479,86,2,18,"8",3,"YES"
"1.4.0","lang/java/src/java/org/apache/avro/file/SeekableFileInput.java",13,0,0,0,0,0,0,0.000000,0,0,0.000000,724,434,120.666667,517,507.543689,18,0,0,"0",0,"NO"
"1.4.0","lang/java/src/java/org/apache/avro/file/CodecFactory.java",36,0,0,0,0,0,0,0.000000,0,0,0.000000,25,16,12.500000,229,226.789474,28,1,1,"2",1,"NO"
"1.4.0","lang/java/src/java/org/apache/avro/file/DataFileConstants.java",14,0,0,1,0,0,0,0.000000,0,0,0.000000,749,434,83.222222,517,450.604167,20,0,0,"0",0,"NO"
"1.4.0","lang/java/src/java/org/apache/avro/file/SeekableInput.java",8,0,0,1,0,0,0,0.000000,0,0,0.000000,729,434,121.500000,517,506.075630,22,0,0,"0",0,"NO"
"1.4.0","lang/java/src/java/org/apache/avro/file/NullCodec.java",35,0,0,0,0,0,0,0.000000,0,0,0.000000,818,434,62.923077,517,361.175373,19,1,1,"3",3,"NO"
"1.4.0","lang/java/src/java/org/apache/avro/file/DataFileReader.java",121,7,1,2,1,7,7,7.000000,7,7,7.000000,872,434,58.133333,517,415.478178,35,3,9,"10",8,"NO"
"1.4.0","lang/java/src/java/org/apache/avro/file/DataFileStream.java",235,88,2,2,1,73,55,36.500000,58,41,29.000000,551,434,55.100000,251,191.370526,61,3,27,"13",4,"NO"
"1.4.0","lang/java/src/java/org/apache/avro/reflect/InduceSchemaTool.java",49,0,0,0,0,0,0,0.000000,0,0,0.000000,461,434,76.833333,292,286.861702,20,3,5,"1",1,"NO"
"1.4.0","lang/java/src/java/org/apache/avro/reflect/ReflectData.java",351,28,4,7,1,16,7,4.000000,14,5,3.500000,1080,434,31.764706,517,382.235499,69,12,74,"47",11,"YES"
"1.4.0","lang/java/src/java/org/apache/avro/reflect/ReflectRequestor.java",43,0,0,0,0,0,0,0.000000,0,0,0.000000,869,434,66.846154,517,466.402235,21,0,0,"0",0,"NO"
"1.4.0","lang/java/src/java/org/apache/avro/reflect/Union.java",12,0,0,1,0,0,0,0.000000,0,0,0.000000,781,434,78.100000,517,456.666667,25,0,0,"0",0,"NO"
"1.4.0","lang/java/src/java/org/apache/avro/reflect/ReflectResponder.java",31,18,2,2,1,15,14,7.500000,14,13,7.000000,979,434,54.388889,517,454.449814,19,1,1,"0",0,"NO"
"1.4.0","lang/java/src/java/org/apache/avro/reflect/Stringable.java",10,0,0,2,0,0,0,0.000000,0,0,0.000000,776,434,86.222222,517,471.846154,22,0,0,"0",0,"NO"
"1.4.0","lang/java/src/java/org/apache/avro/reflect/Nullable.java",10,0,0,2,0,0,0,0.000000,0,0,0.000000,781,434,78.100000,517,449.780142,21,0,0,"0",0,"NO"
"1.4.0","lang/java/src/java/org/apache/avro/reflect/ReflectDatumReader.java",116,11,2,4,1,9,8,4.500000,7,7,3.500000,1007,434,40.280000,517,429.202920,23,2,15,"11",4,"NO"
"1.4.0","lang/java/src/java/org/apache/avro/reflect/ReflectDatumWriter.java",85,9,2,5,1,3,3,1.500000,9,6,4.500000,1039,434,39.961538,517,422.735294,24,1,7,"8",3,"YES"
"1.4.0","lang/java/src/java/org/apache/avro/Protocol.java",320,128,1,2,1,95,95,95.000000,62,62,62.000000,974,434,42.347826,517,457.253404,71,3,42,"30",4,"YES"
"1.4.1","lang/java/src/java/org/apache/avro/SchemaParseException.java",5,0,0,0,0,0,0,0.000000,0,0,0.000000,723,434,120.500000,553,549.040541,18,0,0,"0",0,"NO"
"1.4.1","lang/java/src/java/org/apache/avro/AvroRuntimeException.java",8,0,0,0,0,0,0,0.000000,0,0,0.000000,732,434,104.571429,553,540.233766,18,0,0,"0",0,"NO"
"1.4.1","lang/java/src/java/org/apache/avro/Schema.java",1047,19,1,8,1,16,16,16.000000,13,13,13.000000,1075,434,23.888889,553,429.090012,195,9,168,"213",20,"YES"
"1.4.1","lang/java/src/java/org/apache/avro/ipc/stats/StatsServlet.java",191,0,0,0,0,0,0,0.000000,0,0,0.000000,478,434,95.600000,279,107.526005,42,1,7,"21",5,"NO"
"1.4.1","lang/java/src/java/org/apache/avro/ipc/stats/FloatHistogram.java",27,0,0,1,0,0,0,0.000000,0,0,0.000000,481,434,96.200000,422,353.281250,22,1,2,"0",0,"NO"
"1.4.1","lang/java/src/java/org/apache/avro/ipc/stats/Histogram.java",165,0,0,0,0,0,0,0.000000,0,0,0.000000,450,434,150.000000,279,235.592058,70,2,11,"11",6,"NO"
"1.4.1","lang/java/src/java/org/apache/avro/ipc/stats/StatsServer.java",20,0,0,0,0,0,0,0.000000,0,0,0.000000,18,18,18.000000,78,78.000000,28,0,0,"1",1,"NO"
"1.4.1","lang/java/src/java/org/apache/avro/ipc/stats/StaticServlet.java",19,0,0,0,0,0,0,0.000000,0,0,0.000000,43,25,21.500000,78,67.826087,22,1,2,"0",0,"NO"
"1.4.1","lang/java/src/java/org/apache/avro/ipc/stats/StatsPlugin.java",161,0,0,0,0,0,0,0.000000,0,0,0.000000,478,434,95.600000,279,129.431102,41,1,8,"1",1,"NO"
"1.4.1","lang/java/src/java/org/apache/avro/ipc/stats/IntegerHistogram.java",28,0,0,1,0,0,0,0.000000,0,0,0.000000,485,434,80.833333,422,316.982301,22,1,2,"0",0,"NO"
"1.4.1","lang/java/src/java/org/apache/avro/ipc/stats/Stopwatch.java",38,0,0,0,0,0,0,0.000000,0,0,0.000000,446,434,223.000000,279,279.000000,28,2,4,"4",2,"NO"
"1.4.1","lang/java/src/java/org/apache/avro/ipc/ByteBufferOutputStream.java",68,0,0,0,0,0,0,0.000000,0,0,0.000000,783,434,97.875000,553,503.039344,25,1,6,"3",2,"NO"
"1.4.1","lang/java/src/java/org/apache/avro/ipc/RPCContext.java",84,0,0,2,0,0,0,0.000000,0,0,0.000000,522,434,65.250000,440,319.250883,87,1,4,"2",1,"YES"
"1.4.1","lang/java/src/java/org/apache/avro/ipc/Server.java",7,0,0,0,0,0,0,0.000000,0,0,0.000000,783,434,97.875000,553,503.869159,22,0,0,"0",0,"NO"
"1.4.1","lang/java/src/java/org/apache/avro/ipc/AvroRemoteException.java",15,0,0,0,0,0,0,0.000000,0,0,0.000000,745,434,124.166667,553,550.445255,18,1,1,"1",1,"NO"
"1.4.1","lang/java/src/java/org/apache/avro/ipc/Transceiver.java",23,0,0,0,0,0,0,0.000000,0,0,0.000000,771,434,96.375000,553,469.856250,36,0,0,"3",2,"NO"
"1.4.1","lang/java/src/java/org/apache/avro/ipc/SaslSocketServer.java",68,102,1,0,1,102,102,102.000000,102,102,102.000000,8,8,8.000000,27,27.000000,22,1,1,"0",0,"NO"
"1.4.1","lang/java/src/java/org/apache/avro/ipc/SaslSocketTransceiver.java",311,389,1,0,1,389,389,389.000000,389,389,389.000000,8,8,8.000000,27,27.000000,36,4,38,"0",0,"YES"
"1.4.1","lang/java/src/java/org/apache/avro/ipc/HttpTransceiver.java",75,0,0,0,0,0,0,0.000000,0,0,0.000000,504,434,72.000000,379,342.243590,21,3,6,"1",1,"NO"
"1.4.1","lang/java/src/java/org/apache/avro/ipc/NettyServer.java",109,0,0,1,0,0,0,0.000000,0,0,0.000000,35,23,11.666667,105,100.135678,24,1,2,"2",1,"NO"
"1.4.1","lang/java/src/java/org/apache/avro/ipc/DatagramServer.java",45,0,0,0,0,0,0,0.000000,0,0,0.000000,815,434,81.500000,553,518.752049,19,2,3,"1",1,"NO"
"1.4.1","lang/java/src/java/org/apache/avro/ipc/RPCPlugin.java",10,0,0,0,0,0,0,0.000000,0,0,0.000000,470,434,117.500000,440,399.543478,55,0,0,"7",1,"NO"
"1.4.1","lang/java/src/java/org/apache/avro/ipc/trace/Trace.java",126,0,0,0,0,0,0,0.000000,0,0,0.000000,70,28,23.333333,70,69.636364,100,5,20,"9",3,"NO"
"1.4.1","lang/java/src/java/org/apache/avro/ipc/trace/TraceClientServlet.java",190,0,0,0,0,0,0,0.000000,0,0,0.000000,42,25,21.000000,70,56.353791,41,3,20,"12",7,"NO"
"1.4.1","lang/java/src/java/org/apache/avro/ipc/trace/TracePlugin.java",248,0,0,0,0,0,0,0.000000,0,0,0.000000,92,28,18.400000,70,66.942786,66,3,25,"11",8,"NO"
"1.4.1","lang/java/src/java/org/apache/avro/ipc/trace/StaticServlet.java",22,0,0,0,0,0,0,0.000000,0,0,0.000000,25,25,25.000000,52,52.000000,22,1,3,"0",0,"NO"
"1.4.1","lang/java/src/java/org/apache/avro/ipc/trace/SpanStorage.java",11,0,0,1,0,0,0,0.000000,0,0,0.000000,795,434,79.500000,553,391.628743,39,0,0,"0",0,"NO"
"1.4.1","lang/java/src/java/org/apache/avro/ipc/trace/Util.java",139,0,0,0,0,0,0,0.000000,0,0,0.000000,62,25,15.500000,70,64.696000,61,4,24,"10",6,"NO"
"1.4.1","lang/java/src/java/org/apache/avro/ipc/trace/TraceCollection.java",198,0,0,0,0,0,0,0.000000,0,0,0.000000,34,25,17.000000,52,51.157303,77,3,14,"8",5,"NO"
"1.4.1","lang/java/src/java/org/apache/avro/ipc/trace/SpanAggregator.java",107,0,0,1,0,0,0,0.000000,0,0,0.000000,49,25,16.333333,70,67.016216,55,6,15,"6",3,"NO"
"1.4.1","lang/java/src/java/org/apache/avro/ipc/trace/TraceNode.java",65,0,0,0,0,0,0,0.000000,0,0,0.000000,42,25,21.000000,70,63.058824,58,2,2,"0",0,"NO"
"1.4.1","lang/java/src/java/org/apache/avro/ipc/trace/FileSpanStorage.java",212,0,0,0,0,0,0,0.000000,0,0,0.000000,11,11,11.000000,62,62.000000,105,3,23,"18",7,"NO"
"1.4.1","lang/java/src/java/org/apache/avro/ipc/trace/TracePluginConfiguration.java",28,0,0,0,0,0,0,0.000000,0,0,0.000000,53,25,17.666667,70,66.677419,36,0,0,"0",0,"NO"
"1.4.1","lang/java/src/java/org/apache/avro/ipc/trace/InMemorySpanStorage.java",45,0,0,0,0,0,0,0.000000,0,0,0.000000,28,17,14.000000,70,68.800000,24,2,4,"1",1,"NO"
"1.4.1","lang/java/src/java/org/apache/avro/ipc/Responder.java",163,0,0,3,0,0,0,0.000000,0,0,0.000000,993,434,41.375000,553,459.823611,39,2,18,"10",2,"YES"
"1.4.1","lang/java/src/java/org/apache/avro/ipc/NettyTransceiver.java",191,0,0,0,0,0,0,0.000000,0,0,0.000000,9,9,9.000000,105,105.000000,36,1,7,"5",3,"NO"
"1.4.1","lang/java/src/java/org/apache/avro/ipc/Requestor.java",183,0,0,2,0,0,0,0.000000,0,0,0.000000,1010,434,45.909091,553,461.014771,38,2,22,"9",1,"YES"
"1.4.1","lang/java/src/java/org/apache/avro/ipc/LocalTransceiver.java",27,0,0,0,0,0,0,0.000000,0,0,0.000000,751,434,93.875000,553,486.198795,18,0,0,"0",0,"NO"
"1.4.1","lang/java/src/java/org/apache/avro/ipc/DatagramTransceiver.java",54,0,0,0,0,0,0,0.000000,0,0,0.000000,456,434,152.000000,386,381.379310,22,2,3,"2",1,"NO"
"1.4.1","lang/java/src/java/org/apache/avro/ipc/NettyTransportCodec.java",111,0,0,0,0,0,0,0.000000,0,0,0.000000,15,9,7.500000,105,99.491803,46,2,7,"6",3,"NO"
"1.4.1","lang/java/src/java/org/apache/avro/ipc/SocketTransceiver.java",77,0,0,0,0,0,0,0.000000,0,0,0.000000,800,434,72.727273,553,512.744409,23,2,8,"4",2,"YES"
"1.4.1","lang/java/src/java/org/apache/avro/ipc/ByteBufferInputStream.java",50,0,0,0,0,0,0,0.000000,0,0,0.000000,745,434,93.125000,553,551.080460,30,2,7,"6",2,"NO"
"1.4.1","lang/java/src/java/org/apache/avro/ipc/SocketServer.java",89,44,1,0,1,32,32,32.000000,20,20,20.000000,849,434,65.307692,553,489.210191,21,2,8,"6",4,"YES"
"1.4.1","lang/java/src/java/org/apache/avro/ipc/ResponderServlet.java",30,0,0,0,0,0,0,0.000000,0,0,0.000000,444,434,148.000000,379,375.700000,18,1,1,"0",0,"NO"
"1.4.1","lang/java/src/java/org/apache/avro/ipc/HttpServer.java",37,0,0,0,0,0,0,0.000000,0,0,0.000000,467,434,116.750000,379,316.264286,24,1,2,"0",0,"YES"
"1.4.1","lang/java/src/java/org/apache/avro/specific/SpecificDatumWriter.java",28,0,0,1,0,0,0,0.000000,0,0,0.000000,877,434,67.461538,553,490.094059,19,1,1,"3",2,"YES"
"1.4.1","lang/java/src/java/org/apache/avro/specific/FixedSize.java",12,0,0,1,0,0,0,0.000000,0,0,0.000000,767,434,95.875000,553,529.829060,22,0,0,"0",0,"NO"
"1.4.1","lang/java/src/java/org/apache/avro/specific/SpecificCompiler.java",352,0,0,5,0,0,0,0.000000,0,0,0.000000,1092,434,28.000000,553,433.242527,53,4,78,"14",3,"YES"
"1.4.1","lang/java/src/java/org/apache/avro/specific/SpecificExceptionBase.java",18,0,0,2,0,0,0,0.000000,0,0,0.000000,771,434,85.666667,553,519.553846,21,1,3,"6",3,"NO"
"1.4.1","lang/java/src/java/org/apache/avro/specific/SpecificRecordBase.java",27,0,0,3,0,0,0,0.000000,0,0,0.000000,554,434,79.142857,499,421.207692,21,1,3,"4",2,"NO"
"1.4.1","lang/java/src/java/org/apache/avro/specific/SchemaTask.java",8,0,0,0,0,0,0,0.000000,0,0,0.000000,750,434,107.142857,553,544.410526,18,0,0,"0",0,"NO"
"1.4.1","lang/java/src/java/org/apache/avro/specific/SpecificRecord.java",4,0,0,1,0,0,0,0.000000,0,0,0.000000,784,434,98.000000,553,526.519231,19,0,0,"0",0,"NO"
"1.4.1","lang/java/src/java/org/apache/avro/specific/ProtocolTask.java",46,0,0,0,0,0,0,0.000000,0,0,0.000000,750,434,107.142857,553,534.070988,22,2,6,"7",5,"NO"
"1.4.1","lang/java/src/java/org/apache/avro/specific/SpecificFixed.java",7,0,0,0,0,0,0,0.000000,0,0,0.000000,761,434,95.125000,553,544.615385,18,0,0,"0",0,"NO"
"1.4.1","lang/java/src/java/org/apache/avro/specific/SpecificRequestor.java",72,0,0,3,0,0,0,0.000000,0,0,0.000000,895,434,55.937500,553,471.164948,21,1,2,"3",2,"NO"
"1.4.1","lang/java/src/java/org/apache/avro/specific/SpecificData.java",153,0,0,4,0,0,0,0.000000,0,0,0.000000,655,434,38.529412,407,308.724891,29,12,43,"23",8,"YES"
"1.4.1","lang/java/src/java/org/apache/avro/specific/SpecificDatumReader.java",59,0,0,3,0,0,0,0.000000,0,0,0.000000,950,434,47.500000,553,493.450292,30,2,9,"5",3,"NO"
"1.4.1","lang/java/src/java/org/apache/avro/specific/SpecificResponder.java",71,0,0,3,0,0,0,0.000000,0,0,0.000000,899,434,64.214286,553,452.275194,18,1,5,"6",4,"NO"
"1.4.1","lang/java/src/java/org/apache/avro/mapred/SequenceFileReader.java",193,247,1,0,1,247,247,247.000000,247,247,247.000000,10,10,10.000000,27,27.000000,22,1,9,"0",0,"NO"
"1.4.1","lang/java/src/java/org/apache/avro/mapred/HadoopReducer.java",31,0,0,0,0,0,0,0.000000,0,0,0.000000,37,37,37.000000,85,85.000000,19,0,0,"1",1,"NO"
"1.4.1","lang/java/src/java/org/apache/avro/mapred/tether/TetherReducer.java",53,0,0,0,0,0,0,0.000000,0,0,0.000000,37,37,37.000000,121,121.000000,20,1,6,"3",1,"NO"
"1.4.1","lang/java/src/java/org/apache/avro/mapred/tether/TetherPartitioner.java",30,0,0,0,0,0,0,0.000000,0,0,0.000000,38,37,19.000000,121,121.000000,18,1,2,"2",1,"NO"
"1.4.1","lang/java/src/java/org/apache/avro/mapred/tether/TetherKeyComparator.java",33,0,0,0,0,0,0,0.000000,0,0,0.000000,55,37,27.500000,196,167.212121,18,1,3,"2",2,"NO"
"1.4.1","lang/java/src/java/org/apache/avro/mapred/tether/TetherRecordReader.java",50,0,0,0,0,0,0,0.000000,0,0,0.000000,55,37,27.500000,196,173.016129,18,1,2,"1",1,"NO"
"1.4.1","lang/java/src/java/org/apache/avro/mapred/tether/TetherJob.java",104,0,0,0,0,0,0,0.000000,0,0,0.000000,74,37,37.000000,121,119.650000,28,1,5,"3",2,"YES"
"1.4.1","lang/java/src/java/org/apache/avro/mapred/tether/TetherOutputFormat.java",48,0,0,0,0,0,0,0.000000,0,0,0.000000,55,37,27.500000,196,171.192308,19,1,1,"0",0,"NO"
"1.4.1","lang/java/src/java/org/apache/avro/mapred/tether/TetherInputFormat.java",31,0,0,0,0,0,0,0.000000,0,0,0.000000,55,37,27.500000,196,181.000000,18,2,2,"2",1,"NO"
"1.4.1","lang/java/src/java/org/apache/avro/mapred/tether/TetherMapRunner.java",55,0,0,0,0,0,0,0.000000,0,0,0.000000,37,37,37.000000,121,121.000000,23,2,5,"4",2,"NO"
"1.4.1","lang/java/src/java/org/apache/avro/mapred/tether/TetherOutputService.java",66,0,0,0,0,0,0,0.000000,0,0,0.000000,65,37,32.500000,121,116.963964,17,1,3,"7",4,"NO"
"1.4.1","lang/java/src/java/org/apache/avro/mapred/tether/TetheredProcess.java",89,0,0,0,0,0,0,0.000000,0,0,0.000000,60,37,30.000000,121,120.742424,26,2,7,"6",3,"NO"
"1.4.1","lang/java/src/java/org/apache/avro/mapred/tether/TetherKeySerialization.java",53,0,0,0,0,0,0,0.000000,0,0,0.000000,37,37,37.000000,121,121.000000,18,1,1,"3",2,"NO"
"1.4.1","lang/java/src/java/org/apache/avro/mapred/tether/TetherData.java",12,0,0,0,0,0,0,0.000000,0,0,0.000000,788,434,87.555556,553,409.680952,23,0,0,"1",1,"NO"
"1.4.1","lang/java/src/java/org/apache/avro/mapred/AvroWrapper.java",25,0,0,2,0,0,0,0.000000,0,0,0.000000,548,434,68.500000,422,308.316667,21,2,7,"7",2,"NO"
"1.4.1","lang/java/src/java/org/apache/avro/mapred/AvroJob.java",89,5,1,0,1,5,5,5.000000,5,5,5.000000,107,37,21.400000,196,127.416667,41,1,4,"3",2,"YES"
"1.4.1","lang/java/src/java/org/apache/avro/mapred/AvroValue.java",4,0,0,0,0,0,0,0.000000,0,0,0.000000,781,434,111.571429,553,488.028571,19,0,0,"0",0,"NO"
"1.4.1","lang/java/src/java/org/apache/avro/mapred/AvroUtf8InputFormat.java",75,0,0,0,0,0,0,0.000000,0,0,0.000000,9,6,4.500000,121,109.307692,21,1,1,"0",0,"NO"
"1.4.1","lang/java/src/java/org/apache/avro/mapred/AvroSerialization.java",85,0,0,0,0,0,0,0.000000,0,0,0.000000,92,37,30.666667,196,167.595122,26,2,6,"1",1,"YES"
"1.4.1","lang/java/src/java/org/apache/avro/mapred/AvroInputFormat.java",30,0,0,0,0,0,0,0.000000,0,0,0.000000,18,18,18.000000,196,196.000000,18,2,2,"2",1,"NO"
"1.4.1","lang/java/src/java/org/apache/avro/mapred/AvroMapper.java",11,0,0,0,0,0,0,0.000000,0,0,0.000000,55,37,27.500000,196,151.000000,23,0,0,"2",1,"NO"
"1.4.1","lang/java/src/java/org/apache/avro/mapred/AvroRecordReader.java",51,23,1,0,1,13,13,13.000000,3,3,3.000000,65,37,21.666667,196,154.008403,19,1,2,"1",1,"YES"
"1.4.1","lang/java/src/java/org/apache/avro/mapred/AvroReducer.java",18,0,0,0,0,0,0,0.000000,0,0,0.000000,55,37,27.500000,196,147.929134,25,1,2,"2",2,"NO"
"1.4.1","lang/java/src/java/org/apache/avro/mapred/Pair.java",372,0,0,0,0,0,0,0.000000,0,0,0.000000,65,37,32.500000,85,83.641975,55,2,10,"5",2,"YES"
"1.4.1","lang/java/src/java/org/apache/avro/mapred/FsInput.java",30,0,0,0,0,0,0,0.000000,0,0,0.000000,18,18,18.000000,196,196.000000,19,0,0,"1",1,"NO"
"1.4.1","lang/java/src/java/org/apache/avro/mapred/AvroKeyComparator.java",23,0,0,0,0,0,0,0.000000,0,0,0.000000,92,37,30.666667,196,168.890244,18,1,1,"1",1,"YES"
"1.4.1","lang/java/src/java/org/apache/avro/mapred/SequenceFileInputFormat.java",19,25,1,0,1,6,6,6.000000,13,13,13.000000,28,18,14.000000,196,143.839506,18,0,0,"0",0,"NO"
"1.4.1","lang/java/src/java/org/apache/avro/mapred/SequenceFileRecordReader.java",11,16,1,0,1,12,12,12.000000,8,8,8.000000,791,434,98.875000,553,418.790323,18,0,0,"0",0,"NO"
"1.4.1","lang/java/src/java/org/apache/avro/mapred/HadoopCombiner.java",32,0,0,0,0,0,0,0.000000,0,0,0.000000,37,37,37.000000,85,85.000000,21,0,0,"0",0,"NO"
"1.4.1","lang/java/src/java/org/apache/avro/mapred/HadoopMapper.java",52,0,0,0,0,0,0,0.000000,0,0,0.000000,37,37,37.000000,85,85.000000,21,1,2,"5",2,"NO"
"1.4.1","lang/java/src/java/org/apache/avro/mapred/AvroKey.java",4,0,0,0,0,0,0,0.000000,0,0,0.000000,781,434,111.571429,553,488.028571,19,0,0,"0",0,"NO"
"1.4.1","lang/java/src/java/org/apache/avro/mapred/HadoopReducerBase.java",36,0,0,0,0,0,0,0.000000,0,0,0.000000,37,37,37.000000,85,85.000000,17,1,1,"8",3,"NO"
"1.4.1","lang/java/src/java/org/apache/avro/mapred/AvroCollector.java",6,0,0,0,0,0,0,0.000000,0,0,0.000000,781,434,111.571429,553,476.833333,18,0,0,"0",0,"NO"
"1.4.1","lang/java/src/java/org/apache/avro/mapred/AvroOutputFormat.java",61,0,0,0,0,0,0,0.000000,0,0,0.000000,97,37,24.250000,196,162.188976,23,2,5,"2",1,"YES"
"1.4.1","lang/java/src/java/org/apache/avro/io/ValidatingDecoder.java",185,0,0,1,0,0,0,0.000000,0,0,0.000000,596,434,59.600000,476,456.987805,22,2,10,"0",0,"NO"
"1.4.1","lang/java/src/java/org/apache/avro/io/BinaryEncoder.java",186,16,1,1,1,13,13,13.000000,10,10,10.000000,793,434,79.300000,553,498.797086,39,1,6,"22",3,"NO"
"1.4.1","lang/java/src/java/org/apache/avro/io/ValidatingEncoder.java",159,12,1,2,1,12,12,12.000000,12,12,12.000000,594,434,66.000000,476,447.898383,25,1,2,"0",0,"NO"
"1.4.1","lang/java/src/java/org/apache/avro/io/DirectBinaryDecoder.java",154,0,0,0,0,0,0,0.000000,0,0,0.000000,575,434,71.875000,478,376.834234,27,3,15,"0",0,"YES"
"1.4.1","lang/java/src/java/org/apache/avro/io/ParsingEncoder.java",36,0,0,0,0,0,0,0.000000,0,0,0.000000,524,434,131.000000,449,438.228571,24,1,3,"1",1,"NO"
"1.4.1","lang/java/src/java/org/apache/avro/io/BlockingBinaryEncoder.java",422,14,1,2,1,10,10,10.000000,6,6,6.000000,585,434,73.125000,496,477.112738,124,4,46,"19",5,"NO"
"1.4.1","lang/java/src/java/org/apache/avro/io/parsing/Parser.java",98,0,0,2,0,0,0,0.000000,0,0,0.000000,582,434,64.666667,449,346.761658,79,4,13,"3",1,"NO"
"1.4.1","lang/java/src/java/org/apache/avro/io/parsing/ValidatingGrammarGenerator.java",82,0,0,1,0,0,0,0.000000,0,0,0.000000,590,434,73.750000,449,426.403727,43,4,18,"6",5,"NO"
"1.4.1","lang/java/src/java/org/apache/avro/io/parsing/SkipParser.java",44,0,0,1,0,0,0,0.000000,0,0,0.000000,575,434,71.875000,449,417.891667,43,3,3,"2",2,"NO"
"1.4.1","lang/java/src/java/org/apache/avro/io/parsing/Symbol.java",358,0,0,2,0,0,0,0.000000,0,0,0.000000,601,434,46.230769,449,375.744615,123,3,16,"14",4,"NO"
"1.4.1","lang/java/src/java/org/apache/avro/io/parsing/ResolvingGrammarGenerator.java",352,0,0,4,0,0,0,0.000000,0,0,0.000000,619,434,41.266667,449,365.889876,84,5,92,"31",6,"YES"
"1.4.1","lang/java/src/java/org/apache/avro/io/parsing/JsonGrammarGenerator.java",58,0,0,2,0,0,0,0.000000,0,0,0.000000,589,434,73.625000,449,413.738462,35,4,16,"4",1,"NO"
"1.4.1","lang/java/src/java/org/apache/avro/io/DecoderFactory.java",76,0,0,0,0,0,0,0.000000,0,0,0.000000,24,24,24.000000,237,237.000000,143,3,8,"4",3,"NO"
"1.4.1","lang/java/src/java/org/apache/avro/io/JsonDecoder.java",363,0,0,2,0,0,0,0.000000,0,0,0.000000,617,434,56.090909,449,420.065385,21,5,39,"4",3,"NO"
"1.4.1","lang/java/src/java/org/apache/avro/io/Encoder.java",42,18,1,0,1,17,17,17.000000,16,16,16.000000,793,434,79.300000,553,497.663191,218,1,1,"0",0,"NO"
"1.4.1","lang/java/src/java/org/apache/avro/io/Decoder.java",32,0,0,0,0,0,0,0.000000,0,0,0.000000,836,434,69.666667,553,508.326429,226,0,0,"0",0,"NO"
"1.4.1","lang/java/src/java/org/apache/avro/io/DatumWriter.java",7,0,0,0,0,0,0,0.000000,0,0,0.000000,768,434,109.714286,553,548.172414,23,0,0,"0",0,"NO"
"1.4.1","lang/java/src/java/org/apache/avro/io/ResolvingDecoder.java",126,0,0,2,0,0,0,0.000000,0,0,0.000000,645,434,43.000000,476,392.061644,106,6,21,"0",0,"YES"
"1.4.1","lang/java/src/java/org/apache/avro/io/BinaryData.java",250,0,0,0,0,0,0,0.000000,0,0,0.000000,550,434,78.571429,409,331.295539,36,6,66,"27",7,"NO"
"1.4.1","lang/java/src/java/org/apache/avro/io/JsonEncoder.java",198,9,1,3,1,7,7,7.000000,5,5,5.000000,601,434,54.636364,449,416.692568,21,3,14,"0",0,"NO"
"1.4.1","lang/java/src/java/org/apache/avro/io/DatumReader.java",7,0,0,0,0,0,0,0.000000,0,0,0.000000,707,434,101.000000,553,541.793651,24,0,0,"0",0,"NO"
"1.4.1","lang/java/src/java/org/apache/avro/io/ParsingDecoder.java",47,0,0,0,0,0,0,0.000000,0,0,0.000000,522,434,174.000000,449,448.920000,19,12,13,"0",0,"NO"
"1.4.1","lang/java/src/java/org/apache/avro/io/BinaryDecoder.java",648,0,0,0,0,0,0,0.000000,0,0,0.000000,575,434,71.875000,478,295.483798,256,9,62,"50",9,"NO"
"1.4.1","lang/java/src/java/org/apache/avro/generic/GenericArray.java",6,0,0,0,0,0,0,0.000000,0,0,0.000000,786,434,87.333333,553,483.233083,22,0,0,"0",0,"NO"
"1.4.1","lang/java/src/java/org/apache/avro/generic/GenericDatumReader.java",269,0,0,6,0,0,0,0.000000,0,0,0.000000,1094,434,29.567568,553,457.474038,87,4,52,"10",4,"YES"
"1.4.1","lang/java/src/java/org/apache/avro/generic/GenericEnumSymbol.java",4,0,0,0,0,0,0,0.000000,0,0,0.000000,767,434,109.571429,553,509.226415,19,0,0,"1",1,"NO"
"1.4.1","lang/java/src/java/org/apache/avro/generic/IndexedRecord.java",5,0,0,1,0,0,0,0.000000,0,0,0.000000,803,434,89.222222,553,461.677419,24,0,0,"0",0,"NO"
"1.4.1","lang/java/src/java/org/apache/avro/generic/GenericFixed.java",4,0,0,0,0,0,0,0.000000,0,0,0.000000,739,434,123.166667,553,545.489796,19,0,0,"0",0,"NO"
"1.4.1","lang/java/src/java/org/apache/avro/generic/GenericRequestor.java",46,0,0,2,0,0,0,0.000000,0,0,0.000000,879,434,67.615385,553,495.165254,19,2,4,"5",2,"NO"
"1.4.1","lang/java/src/java/org/apache/avro/generic/GenericDatumWriter.java",138,6,1,4,1,1,1,1.000000,4,4,4.000000,953,434,43.318182,553,480.335165,46,2,20,"1",1,"NO"
"1.4.1","lang/java/src/java/org/apache/avro/generic/GenericResponder.java",29,0,0,1,0,0,0,0.000000,0,0,0.000000,792,434,88.000000,553,532.009950,18,1,1,"1",1,"NO"
"1.4.1","lang/java/src/java/org/apache/avro/generic/GenericContainer.java",5,0,0,0,0,0,0,0.000000,0,0,0.000000,744,434,124.000000,553,540.032258,19,0,0,"0",0,"NO"
"1.4.1","lang/java/src/java/org/apache/avro/generic/GenericRecord.java",5,0,0,1,0,0,0,0.000000,0,0,0.000000,766,434,95.750000,553,485.658120,21,0,0,"0",0,"NO"
"1.4.1","lang/java/src/java/org/apache/avro/generic/GenericData.java",454,40,1,6,1,28,28,28.000000,16,16,16.000000,1087,434,33.968750,553,446.697674,58,12,122,"81",9,"YES"
"1.4.1","lang/java/src/java/org/apache/avro/AvroTypeException.java",7,0,0,0,0,0,0,0.000000,0,0,0.000000,754,434,107.714286,553,542.230769,18,0,0,"0",0,"NO"
"1.4.1","lang/java/src/java/org/apache/avro/tool/JsonToBinaryFragmentTool.java",53,0,0,1,0,0,0,0.000000,0,0,0.000000,450,434,150.000000,288,285.141026,18,1,3,"2",2,"NO"
"1.4.1","lang/java/src/java/org/apache/avro/tool/DataFileReadTool.java",50,3,1,0,1,2,2,2.000000,1,1,1.000000,469,434,117.250000,288,278.752941,21,1,2,"0",0,"NO"
"1.4.1","lang/java/src/java/org/apache/avro/tool/RpcSendTool.java",91,0,0,0,0,0,0,0.000000,0,0,0.000000,457,434,152.333333,287,275.020134,20,2,4,"1",1,"NO"
"1.4.1","lang/java/src/java/org/apache/avro/tool/Tool.java",9,0,0,0,0,0,0,0.000000,0,0,0.000000,757,434,68.818182,553,460.064000,38,0,0,"0",0,"NO"
"1.4.1","lang/java/src/java/org/apache/avro/tool/RpcReceiveTool.java",136,0,0,0,0,0,0,0.000000,0,0,0.000000,480,434,120.000000,287,276.035533,23,2,9,"3",3,"NO"
"1.4.1","lang/java/src/java/org/apache/avro/tool/ToTextTool.java",56,0,0,0,0,0,0,0.000000,0,0,0.000000,6,6,6.000000,118,118.000000,18,1,3,"0",0,"NO"
"1.4.1","lang/java/src/java/org/apache/avro/tool/DataFileGetSchemaTool.java",30,0,0,0,0,0,0,0.000000,0,0,0.000000,761,434,69.181818,553,410.363636,18,1,1,"0",0,"NO"
"1.4.1","lang/java/src/java/org/apache/avro/tool/Main.java",65,0,0,0,0,0,0,0.000000,0,0,0.000000,577,434,44.384615,352,307.503704,24,2,6,"1",1,"YES"
"1.4.1","lang/java/src/java/org/apache/avro/tool/Util.java",77,0,0,0,0,0,0,0.000000,0,0,0.000000,792,434,72.000000,553,352.630332,35,3,6,"6",3,"NO"
"1.4.1","lang/java/src/java/org/apache/avro/tool/BinaryFragmentToJsonTool.java",62,0,0,0,0,0,0,0.000000,0,0,0.000000,471,434,157.000000,288,285.134831,18,1,3,"2",2,"YES"
"1.4.1","lang/java/src/java/org/apache/avro/tool/IdlTool.java",47,0,0,0,0,0,0,0.000000,0,0,0.000000,494,434,98.800000,287,240.123810,21,1,3,"4",3,"NO"
"1.4.1","lang/java/src/java/org/apache/avro/tool/DataFileWriteTool.java",69,0,0,0,0,0,0,0.000000,0,0,0.000000,475,434,118.750000,288,282.625000,18,2,4,"2",2,"NO"
"1.4.1","lang/java/src/java/org/apache/avro/tool/FromTextTool.java",62,0,0,0,0,0,0,0.000000,0,0,0.000000,481,434,96.200000,288,210.653266,22,1,3,"1",1,"NO"
"1.4.1","lang/java/src/java/org/apache/avro/util/Utf8.java",81,18,1,1,1,13,13,13.000000,8,8,8.000000,836,434,76.000000,553,431.488166,32,2,9,"13",4,"NO"
"1.4.1","lang/java/src/java/org/apache/avro/util/WeakIdentityHashMap.java",119,0,0,0,0,0,0,0.000000,0,0,0.000000,5,5,5.000000,65,65.000000,33,1,5,"21",4,"NO"
"1.4.1","lang/java/src/java/org/apache/avro/file/LengthLimitedInputStream.java",53,0,0,0,0,0,0,0.000000,0,0,0.000000,16,16,16.000000,265,265.000000,22,2,5,"0",0,"NO"
"1.4.1","lang/java/src/java/org/apache/avro/file/Codec.java",16,0,0,0,0,0,0,0.000000,0,0,0.000000,783,434,78.300000,553,424.494253,32,0,0,"0",0,"NO"
"1.4.1","lang/java/src/java/org/apache/avro/file/DeflateCodec.java",97,0,0,1,0,0,0,0.000000,0,0,0.000000,72,24,12.000000,265,192.147335,31,1,6,"5",3,"NO"
"1.4.1","lang/java/src/java/org/apache/avro/file/DataFileWriter.java",248,0,0,4,0,0,0,0.000000,0,0,0.000000,912,434,43.428571,553,411.424479,86,2,18,"9",3,"YES"
"1.4.1","lang/java/src/java/org/apache/avro/file/FileReader.java",12,49,1,0,1,49,49,49.000000,49,49,49.000000,10,10,10.000000,27,27.000000,29,0,0,"0",0,"NO"
"1.4.1","lang/java/src/java/org/apache/avro/file/SeekableFileInput.java",13,0,0,0,0,0,0,0.000000,0,0,0.000000,724,434,120.666667,553,543.543689,18,0,0,"0",0,"NO"
"1.4.1","lang/java/src/java/org/apache/avro/file/CodecFactory.java",36,0,0,0,0,0,0,0.000000,0,0,0.000000,25,16,12.500000,265,262.789474,28,1,1,"2",1,"NO"
"1.4.1","lang/java/src/java/org/apache/avro/file/DataFileConstants.java",14,0,0,1,0,0,0,0.000000,0,0,0.000000,749,434,83.222222,553,486.604167,20,0,0,"0",0,"NO"
"1.4.1","lang/java/src/java/org/apache/avro/file/SeekableInput.java",8,0,0,1,0,0,0,0.000000,0,0,0.000000,729,434,121.500000,553,542.075630,22,0,0,"0",0,"NO"
"1.4.1","lang/java/src/java/org/apache/avro/file/NullCodec.java",35,0,0,0,0,0,0,0.000000,0,0,0.000000,818,434,62.923077,553,397.175373,19,1,1,"3",3,"NO"
"1.4.1","lang/java/src/java/org/apache/avro/file/DataFileReader.java",123,5,1,2,1,4,4,4.000000,3,3,3.000000,882,434,55.125000,553,449.474032,35,3,9,"10",8,"NO"
"1.4.1","lang/java/src/java/org/apache/avro/file/DataFileStream.java",235,0,0,2,0,0,0,0.000000,0,0,0.000000,551,434,55.100000,287,227.370526,61,3,27,"15",4,"NO"
"1.4.1","lang/java/src/java/org/apache/avro/reflect/InduceSchemaTool.java",49,0,0,0,0,0,0,0.000000,0,0,0.000000,461,434,76.833333,328,322.861702,20,3,5,"1",1,"NO"
"1.4.1","lang/java/src/java/org/apache/avro/reflect/ReflectData.java",351,0,0,7,0,0,0,0.000000,0,0,0.000000,1080,434,31.764706,553,418.235499,69,12,74,"47",11,"YES"
"1.4.1","lang/java/src/java/org/apache/avro/reflect/ReflectRequestor.java",43,0,0,0,0,0,0,0.000000,0,0,0.000000,869,434,66.846154,553,502.402235,21,0,0,"0",0,"NO"
"1.4.1","lang/java/src/java/org/apache/avro/reflect/Union.java",12,0,0,1,0,0,0,0.000000,0,0,0.000000,781,434,78.100000,553,492.666667,25,0,0,"0",0,"NO"
"1.4.1","lang/java/src/java/org/apache/avro/reflect/ReflectResponder.java",31,0,0,2,0,0,0,0.000000,0,0,0.000000,979,434,54.388889,553,490.449814,19,1,1,"1",1,"NO"
"1.4.1","lang/java/src/java/org/apache/avro/reflect/Stringable.java",10,0,0,2,0,0,0,0.000000,0,0,0.000000,776,434,86.222222,553,507.846154,22,0,0,"0",0,"NO"
"1.4.1","lang/java/src/java/org/apache/avro/reflect/Nullable.java",10,0,0,2,0,0,0,0.000000,0,0,0.000000,781,434,78.100000,553,485.780142,21,0,0,"0",0,"NO"
"1.4.1","lang/java/src/java/org/apache/avro/reflect/ReflectDatumReader.java",116,0,0,4,0,0,0,0.000000,0,0,0.000000,1007,434,40.280000,553,465.202920,23,2,15,"12",4,"NO"
"1.4.1","lang/java/src/java/org/apache/avro/reflect/ReflectDatumWriter.java",85,0,0,5,0,0,0,0.000000,0,0,0.000000,1039,434,39.961538,553,458.735294,24,1,7,"9",3,"YES"
"1.4.1","lang/java/src/java/org/apache/avro/Protocol.java",320,0,0,2,0,0,0,0.000000,0,0,0.000000,974,434,42.347826,553,493.253404,71,3,42,"35",4,"YES"
"1.5.0","lang/java/mapred/src/main/java/org/apache/avro/mapred/AvroReducer.java",18,0,1,0,1,0,0,0.000000,0,0,0.000000,378,323,126.000000,345,296.929134,25,1,2,"2",2,"NO"
"1.5.0","lang/java/mapred/src/main/java/org/apache/avro/mapred/SequenceFileInputFormat.java",19,25,2,0,2,6,6,3.000000,13,13,6.500000,351,323,117.000000,345,292.839506,18,0,0,"0",0,"NO"
"1.5.0","lang/java/mapred/src/main/java/org/apache/avro/mapred/SequenceFileReader.java",193,247,2,0,2,247,247,123.500000,247,247,123.500000,333,323,166.500000,176,176.000000,22,1,9,"22",6,"NO"
"1.5.0","lang/java/mapred/src/main/java/org/apache/avro/mapred/AvroValue.java",5,3,2,0,2,3,3,1.500000,3,3,1.500000,1108,434,123.111111,702,619.777778,20,0,0,"0",0,"NO"
"1.5.0","lang/java/mapred/src/main/java/org/apache/avro/mapred/AvroKey.java",5,3,2,0,2,3,3,1.500000,3,3,1.500000,1108,434,123.111111,702,619.777778,20,0,0,"0",0,"NO"
"1.5.0","lang/java/mapred/src/main/java/org/apache/avro/mapred/AvroOutputFormat.java",68,16,3,1,2,14,12,4.666667,12,12,4.000000,435,323,62.142857,345,283.783217,25,2,5,"2",1,"NO"
"1.5.0","lang/java/mapred/src/main/java/org/apache/avro/mapred/AvroRecordReader.java",54,30,4,1,3,18,13,4.500000,6,3,1.500000,406,323,67.666667,345,290.547619,19,1,3,"1",1,"NO"
"1.5.0","lang/java/mapred/src/main/java/org/apache/avro/mapred/AvroSerialization.java",91,25,4,1,2,17,8,4.250000,11,6,2.750000,509,323,72.714286,345,286.839130,29,2,7,"1",1,"NO"
"1.5.0","lang/java/mapred/src/main/java/org/apache/avro/mapred/AvroCollector.java",6,0,1,0,1,0,0,0.000000,0,0,0.000000,1104,434,138.000000,702,625.833333,18,0,0,"0",0,"NO"
"1.5.0","lang/java/mapred/src/main/java/org/apache/avro/mapred/HadoopMapper.java",52,0,1,0,1,0,0,0.000000,0,0,0.000000,360,323,180.000000,234,234.000000,21,1,2,"5",2,"NO"
"1.5.0","lang/java/mapred/src/main/java/org/apache/avro/mapred/FsInput.java",30,0,1,0,1,0,0,0.000000,0,0,0.000000,341,323,170.500000,345,345.000000,19,0,0,"1",1,"NO"
"1.5.0","lang/java/mapred/src/main/java/org/apache/avro/mapred/AvroKeyComparator.java",23,6,3,1,2,3,2,1.000000,0,0,0.000000,431,323,71.833333,345,300.079545,18,1,1,"1",1,"NO"
"1.5.0","lang/java/mapred/src/main/java/org/apache/avro/mapred/AvroMapper.java",11,0,1,0,1,0,0,0.000000,0,0,0.000000,378,323,126.000000,345,300.000000,23,0,0,"2",1,"NO"
"1.5.0","lang/java/mapred/src/main/java/org/apache/avro/mapred/AvroUtf8InputFormat.java",75,0,1,0,1,0,0,0.000000,0,0,0.000000,332,323,110.666667,270,258.307692,21,1,1,"0",0,"NO"
"1.5.0","lang/java/mapred/src/main/java/org/apache/avro/mapred/AvroWrapper.java",26,3,2,2,2,3,3,1.500000,3,3,1.500000,875,434,87.500000,571,446.552846,22,2,7,"7",2,"NO"
"1.5.0","lang/java/mapred/src/main/java/org/apache/avro/mapred/HadoopReducerBase.java",36,0,1,0,1,0,0,0.000000,0,0,0.000000,360,323,180.000000,234,234.000000,17,1,1,"8",3,"NO"
"1.5.0","lang/java/mapred/src/main/java/org/apache/avro/mapred/AvroInputFormat.java",30,0,1,0,1,0,0,0.000000,0,0,0.000000,341,323,170.500000,345,345.000000,18,2,2,"2",1,"NO"
"1.5.0","lang/java/mapred/src/main/java/org/apache/avro/mapred/tether/TetherKeySerialization.java",54,9,3,0,2,5,3,1.666667,3,2,1.000000,443,323,110.750000,270,247.050000,18,1,1,"3",2,"NO"
"1.5.0","lang/java/mapred/src/main/java/org/apache/avro/mapred/tether/TetheredProcess.java",89,6,3,0,2,3,2,1.000000,0,0,0.000000,471,323,94.200000,270,261.246377,26,2,7,"6",3,"NO"
"1.5.0","lang/java/mapred/src/main/java/org/apache/avro/mapred/tether/TetherMapRunner.java",55,0,1,0,1,0,0,0.000000,0,0,0.000000,360,323,180.000000,270,270.000000,23,2,5,"4",2,"NO"
"1.5.0","lang/java/mapred/src/main/java/org/apache/avro/mapred/tether/TetherOutputService.java",66,0,1,0,1,0,0,0.000000,0,0,0.000000,388,323,129.333333,270,265.963964,17,1,3,"7",4,"NO"
"1.5.0","lang/java/mapred/src/main/java/org/apache/avro/mapred/tether/TetherRecordReader.java",50,0,1,0,1,0,0,0.000000,0,0,0.000000,378,323,126.000000,345,322.016129,18,1,2,"1",1,"NO"
"1.5.0","lang/java/mapred/src/main/java/org/apache/avro/mapred/tether/TetherReducer.java",53,0,1,0,1,0,0,0.000000,0,0,0.000000,360,323,180.000000,270,270.000000,20,1,6,"3",1,"NO"
"1.5.0","lang/java/mapred/src/main/java/org/apache/avro/mapred/tether/TetherInputFormat.java",31,0,1,0,1,0,0,0.000000,0,0,0.000000,378,323,126.000000,345,330.000000,18,2,2,"2",1,"NO"
"1.5.0","lang/java/mapred/src/main/java/org/apache/avro/mapred/tether/TetherOutputFormat.java",48,0,1,0,1,0,0,0.000000,0,0,0.000000,378,323,126.000000,345,320.192308,19,1,1,"0",0,"NO"
"1.5.0","lang/java/mapred/src/main/java/org/apache/avro/mapred/tether/TetherData.java",12,0,1,0,1,0,0,0.000000,0,0,0.000000,1111,434,111.100000,702,558.680952,23,0,0,"1",1,"NO"
"1.5.0","lang/java/mapred/src/main/java/org/apache/avro/mapred/tether/TetherKeyComparator.java",33,4,2,0,1,2,2,1.000000,0,0,0.000000,383,323,95.750000,345,304.864078,18,1,3,"2",2,"NO"
"1.5.0","lang/java/mapred/src/main/java/org/apache/avro/mapred/tether/TetherJob.java",50,73,2,1,1,4,4,2.000000,65,65,32.500000,403,323,100.750000,270,202.339056,27,1,2,"3",2,"NO"
"1.5.0","lang/java/mapred/src/main/java/org/apache/avro/mapred/tether/TetherPartitioner.java",30,0,1,0,1,0,0,0.000000,0,0,0.000000,361,323,120.333333,270,270.000000,18,1,2,"2",1,"NO"
"1.5.0","lang/java/mapred/src/main/java/org/apache/avro/mapred/HadoopCombiner.java",32,0,1,0,1,0,0,0.000000,0,0,0.000000,360,323,180.000000,234,234.000000,21,0,0,"0",0,"NO"
"1.5.0","lang/java/mapred/src/main/java/org/apache/avro/mapred/HadoopReducer.java",31,0,1,0,1,0,0,0.000000,0,0,0.000000,360,323,180.000000,234,234.000000,19,0,0,"1",1,"NO"
"1.5.0","lang/java/mapred/src/main/java/org/apache/avro/mapred/Pair.java",441,70,2,1,2,70,70,35.000000,70,70,35.000000,399,323,99.750000,234,212.543165,56,2,10,"5",2,"NO"
"1.5.0","lang/java/mapred/src/main/java/org/apache/avro/mapred/SequenceFileRecordReader.java",11,16,2,0,2,12,12,6.000000,8,8,4.000000,1114,434,123.777778,702,567.790323,18,0,0,"0",0,"NO"
"1.5.0","lang/java/mapred/src/main/java/org/apache/avro/mapred/AvroJob.java",111,54,4,1,3,46,21,11.500000,38,20,9.500000,447,323,55.875000,345,249.937685,46,1,6,"3",2,"NO"
"1.5.0","lang/java/avro/src/main/java/org/apache/avro/Protocol.java",320,0,1,2,1,0,0,0.000000,0,0,0.000000,1297,434,54.041667,702,642.253404,71,3,42,"35",4,"YES"
"1.5.0","lang/java/avro/src/main/java/org/apache/avro/specific/SpecificDatumWriter.java",30,4,2,2,2,3,3,1.500000,2,2,1.000000,1205,434,80.333333,702,627.985437,19,1,1,"3",2,"NO"
"1.5.0","lang/java/avro/src/main/java/org/apache/avro/specific/SpecificData.java",160,18,6,5,3,13,7,2.166667,8,7,1.333333,1015,434,48.333333,556,448.826923,28,12,45,"23",8,"YES"
"1.5.0","lang/java/avro/src/main/java/org/apache/avro/specific/SpecificDatumReader.java",65,13,2,3,2,10,10,5.000000,7,7,3.500000,1283,434,58.318182,702,633.097561,30,2,9,"5",3,"NO"
"1.5.0","lang/java/avro/src/main/java/org/apache/avro/specific/FixedSize.java",12,0,1,1,1,0,0,0.000000,0,0,0.000000,1090,434,121.111111,702,678.829060,22,0,0,"0",0,"NO"
"1.5.0","lang/java/avro/src/main/java/org/apache/avro/specific/SpecificRecord.java",4,0,1,1,1,0,0,0.000000,0,0,0.000000,1107,434,123.000000,702,675.519231,19,0,0,"0",0,"NO"
"1.5.0","lang/java/avro/src/main/java/org/apache/avro/specific/SpecificExceptionBase.java",18,2,2,2,1,1,1,0.500000,0,0,0.000000,1167,434,106.090909,702,659.075758,21,1,3,"6",3,"NO"
"1.5.0","lang/java/avro/src/main/java/org/apache/avro/specific/SpecificFixed.java",7,2,2,0,2,1,1,0.500000,0,0,0.000000,1105,434,110.500000,702,680.830189,18,0,0,"0",0,"NO"
"1.5.0","lang/java/avro/src/main/java/org/apache/avro/specific/SpecificRecordBase.java",27,0,1,3,1,0,0,0.000000,0,0,0.000000,877,434,109.625000,648,570.207692,21,1,3,"4",2,"NO"
"1.5.0","lang/java/avro/src/main/java/org/apache/avro/UnresolvedUnionException.java",16,36,2,1,2,14,14,7.000000,8,8,4.000000,800,434,133.333333,571,359.344828,18,0,0,"0",0,"NO"
"1.5.0","lang/java/avro/src/main/java/org/apache/avro/AvroRemoteException.java",15,2,2,0,1,1,1,0.500000,0,0,0.000000,1141,434,142.625000,702,690.000000,18,1,1,"0",0,"YES"
"1.5.0","lang/java/avro/src/main/java/org/apache/avro/Schema.java",1073,65,8,12,3,53,19,6.625000,41,15,5.125000,1476,434,28.384615,702,571.712094,198,9,175,"215",20,"NO"
"1.5.0","lang/java/avro/src/main/java/org/apache/avro/reflect/Nullable.java",10,0,1,2,1,0,0,0.000000,0,0,0.000000,1104,434,100.363636,702,634.780142,21,0,0,"0",0,"NO"
"1.5.0","lang/java/avro/src/main/java/org/apache/avro/reflect/ReflectDatumWriter.java",76,21,4,6,3,5,4,1.250000,15,13,3.750000,1404,434,46.800000,702,585.144708,24,1,6,"9",3,"YES"
"1.5.0","lang/java/avro/src/main/java/org/apache/avro/reflect/Stringable.java",10,0,1,2,1,0,0,0.000000,0,0,0.000000,1099,434,109.900000,702,656.846154,22,0,0,"0",0,"NO"
"1.5.0","lang/java/avro/src/main/java/org/apache/avro/reflect/ReflectDatumReader.java",101,33,2,4,2,10,10,5.000000,13,13,6.500000,1340,434,49.629630,702,592.454039,25,2,11,"12",4,"NO"
"1.5.0","lang/java/avro/src/main/java/org/apache/avro/reflect/ReflectData.java",397,54,4,8,3,51,49,12.750000,48,47,12.000000,1497,434,39.394737,702,554.141732,69,12,85,"47",11,"YES"
"1.5.0","lang/java/avro/src/main/java/org/apache/avro/reflect/Union.java",12,0,1,1,1,0,0,0.000000,0,0,0.000000,1104,434,100.363636,702,641.666667,25,0,0,"0",0,"NO"
"1.5.0","lang/java/avro/src/main/java/org/apache/avro/io/ParsingEncoder.java",36,0,1,0,1,0,0,0.000000,0,0,0.000000,847,434,169.400000,598,587.228571,24,1,3,"1",1,"NO"
"1.5.0","lang/java/avro/src/main/java/org/apache/avro/io/EncoderFactory.java",84,370,3,0,2,353,334,117.666667,336,334,112.000000,92,45,30.666667,15,14.913514,234,1,7,"0",0,"NO"
"1.5.0","lang/java/avro/src/main/java/org/apache/avro/io/Decoder.java",30,26,4,0,2,8,4,2.000000,12,11,3.000000,1251,434,78.187500,702,643.765612,219,0,0,"0",0,"NO"
"1.5.0","lang/java/avro/src/main/java/org/apache/avro/io/parsing/ResolvingGrammarGenerator.java",363,40,5,5,4,26,10,5.200000,12,5,2.400000,1015,434,50.750000,598,484.474295,84,5,92,"31",6,"NO"
"1.5.0","lang/java/avro/src/main/java/org/apache/avro/io/parsing/ValidatingGrammarGenerator.java",82,2,2,1,2,1,1,0.500000,0,0,0.000000,934,434,93.400000,598,568.539877,43,4,18,"6",5,"NO"
"1.5.0","lang/java/avro/src/main/java/org/apache/avro/io/parsing/SkipParser.java",44,0,1,1,1,0,0,0.000000,0,0,0.000000,898,434,99.777778,598,566.891667,43,3,3,"2",2,"NO"
"1.5.0","lang/java/avro/src/main/java/org/apache/avro/io/parsing/Symbol.java",358,0,1,2,1,0,0,0.000000,0,0,0.000000,924,434,66.000000,598,524.744615,123,3,16,"14",4,"YES"
"1.5.0","lang/java/avro/src/main/java/org/apache/avro/io/parsing/JsonGrammarGenerator.java",58,0,1,2,1,0,0,0.000000,0,0,0.000000,912,434,101.333333,598,562.738462,35,4,16,"4",1,"NO"
"1.5.0","lang/java/avro/src/main/java/org/apache/avro/io/parsing/Parser.java",98,0,1,2,1,0,0,0.000000,0,0,0.000000,905,434,90.500000,598,495.761658,79,4,13,"3",1,"NO"
"1.5.0","lang/java/avro/src/main/java/org/apache/avro/io/DirectBinaryDecoder.java",154,17,4,1,2,9,4,2.250000,1,1,0.250000,1012,434,84.333333,627,511.875874,27,3,15,"0",0,"NO"
"1.5.0","lang/java/avro/src/main/java/org/apache/avro/io/JsonEncoder.java",207,84,4,3,3,67,56,16.750000,50,43,12.500000,1003,434,71.642857,598,454.366577,56,3,16,"0",0,"NO"
"1.5.0","lang/java/avro/src/main/java/org/apache/avro/io/ValidatingEncoder.java",152,59,5,2,3,37,20,7.400000,15,12,3.000000,1005,434,77.307692,625,539.879167,35,1,2,"0",0,"NO"
"1.5.0","lang/java/avro/src/main/java/org/apache/avro/io/ValidatingDecoder.java",188,34,3,1,2,22,15,7.333333,10,7,3.333333,966,434,74.307692,625,576.826087,29,2,11,"0",0,"NO"
"1.5.0","lang/java/avro/src/main/java/org/apache/avro/io/DatumReader.java",7,0,1,0,1,0,0,0.000000,0,0,0.000000,1030,434,128.750000,702,690.793651,24,0,0,"0",0,"NO"
"1.5.0","lang/java/avro/src/main/java/org/apache/avro/io/DatumWriter.java",7,0,1,0,1,0,0,0.000000,0,0,0.000000,1091,434,136.375000,702,697.172414,23,0,0,"0",0,"NO"
"1.5.0","lang/java/avro/src/main/java/org/apache/avro/io/BlockingBinaryEncoder.java",363,241,4,2,3,91,80,22.750000,71,65,17.750000,987,434,89.727273,645,473.670330,134,4,35,"18",4,"NO"
"1.5.0","lang/java/avro/src/main/java/org/apache/avro/io/ParsingDecoder.java",49,4,2,0,2,3,3,1.500000,2,2,1.000000,883,434,176.600000,598,568.405063,19,12,13,"0",0,"NO"
"1.5.0","lang/java/avro/src/main/java/org/apache/avro/io/DirectBinaryEncoder.java",75,133,1,0,1,133,133,133.000000,133,133,133.000000,45,45,45.000000,15,15.000000,45,2,6,"0",0,"NO"
"1.5.0","lang/java/avro/src/main/java/org/apache/avro/io/BinaryDecoder.java",647,133,3,0,2,61,53,20.333333,31,21,10.333333,938,434,85.272727,627,406.082877,247,6,63,"50",9,"NO"
"1.5.0","lang/java/avro/src/main/java/org/apache/avro/io/BinaryData.java",346,142,4,0,2,138,125,34.500000,134,125,33.500000,961,434,87.363636,558,383.276471,68,9,80,"27",7,"NO"
"1.5.0","lang/java/avro/src/main/java/org/apache/avro/io/BinaryEncoder.java",68,257,4,1,2,64,50,16.000000,149,139,37.250000,1230,434,94.615385,702,520.968386,36,1,3,"22",3,"NO"
"1.5.0","lang/java/avro/src/main/java/org/apache/avro/io/Encoder.java",40,31,4,0,3,23,17,5.750000,23,16,5.750000,1166,434,89.692308,702,638.177984,220,1,1,"2",1,"NO"
"1.5.0","lang/java/avro/src/main/java/org/apache/avro/io/ResolvingDecoder.java",144,35,3,3,3,27,14,9.000000,19,13,6.333333,1010,434,56.111111,625,513.080775,106,6,25,"0",0,"NO"
"1.5.0","lang/java/avro/src/main/java/org/apache/avro/io/BufferedBinaryEncoder.java",126,207,2,0,2,206,205,103.000000,205,205,102.500000,83,45,41.500000,15,15.000000,60,3,11,"0",0,"NO"
"1.5.0","lang/java/avro/src/main/java/org/apache/avro/io/DecoderFactory.java",94,280,4,0,2,182,177,45.500000,84,84,21.000000,439,323,87.800000,386,183.046875,200,1,6,"4",3,"NO"
"1.5.0","lang/java/avro/src/main/java/org/apache/avro/io/JsonDecoder.java",375,89,3,2,2,64,58,21.333333,39,34,13.000000,987,434,70.500000,598,488.047619,47,5,42,"4",3,"NO"
"1.5.0","lang/java/avro/src/main/java/org/apache/avro/SchemaParseException.java",5,0,1,0,1,0,0,0.000000,0,0,0.000000,1046,434,149.428571,702,698.040541,18,0,0,"0",0,"NO"
"1.5.0","lang/java/avro/src/main/java/org/apache/avro/generic/GenericRecord.java",5,0,1,1,1,0,0,0.000000,0,0,0.000000,1089,434,121.000000,702,634.658120,21,0,0,"0",0,"NO"
"1.5.0","lang/java/avro/src/main/java/org/apache/avro/generic/GenericData.java",546,219,9,8,3,178,47,19.777778,137,45,15.222222,1448,434,37.128205,702,542.139676,71,12,138,"72",9,"YES"
"1.5.0","lang/java/avro/src/main/java/org/apache/avro/generic/GenericEnumSymbol.java",4,2,2,0,2,1,1,0.500000,0,0,0.000000,1111,434,123.444444,702,646.333333,19,0,0,"1",1,"NO"
"1.5.0","lang/java/avro/src/main/java/org/apache/avro/generic/GenericContainer.java",5,0,1,0,1,0,0,0.000000,0,0,0.000000,1067,434,152.428571,702,689.032258,19,0,0,"0",0,"NO"
"1.5.0","lang/java/avro/src/main/java/org/apache/avro/generic/GenericFixed.java",4,2,2,0,2,1,1,0.500000,0,0,0.000000,1083,434,135.375000,702,680.920000,19,0,0,"0",0,"NO"
"1.5.0","lang/java/avro/src/main/java/org/apache/avro/generic/GenericDatumReader.java",274,119,8,6,3,66,16,8.250000,41,14,5.125000,1490,434,34.651163,702,587.002156,84,4,53,"10",4,"YES"
"1.5.0","lang/java/avro/src/main/java/org/apache/avro/generic/GenericDatumWriter.java",136,33,6,4,3,13,5,2.166667,15,7,2.500000,1305,434,50.192308,702,619.229773,45,2,20,"0",0,"NO"
"1.5.0","lang/java/avro/src/main/java/org/apache/avro/generic/GenericArray.java",6,15,2,0,2,4,4,2.000000,7,7,3.500000,1108,434,110.800000,702,632.233083,22,0,0,"0",0,"NO"
"1.5.0","lang/java/avro/src/main/java/org/apache/avro/generic/IndexedRecord.java",5,0,1,1,1,0,0,0.000000,0,0,0.000000,1126,434,112.600000,702,610.677419,24,0,0,"0",0,"NO"
"1.5.0","lang/java/avro/src/main/java/org/apache/avro/file/DataFileWriter.java",254,41,5,5,2,23,18,4.600000,5,5,1.000000,1292,434,49.692308,702,542.226320,86,2,17,"9",3,"YES"
"1.5.0","lang/java/avro/src/main/java/org/apache/avro/file/DataFileStream.java",261,79,5,2,3,58,36,11.600000,37,17,7.400000,965,434,64.333333,436,329.709386,71,3,27,"15",4,"NO"
"1.5.0","lang/java/avro/src/main/java/org/apache/avro/file/NullCodec.java",35,0,1,0,1,0,0,0.000000,0,0,0.000000,1141,434,81.500000,702,546.175373,19,1,1,"3",3,"NO"
"1.5.0","lang/java/avro/src/main/java/org/apache/avro/file/SeekableFileInput.java",13,0,1,0,1,0,0,0.000000,0,0,0.000000,1047,434,149.571429,702,692.543689,18,0,0,"0",0,"NO"
"1.5.0","lang/java/avro/src/main/java/org/apache/avro/file/Codec.java",16,0,1,0,1,0,0,0.000000,0,0,0.000000,1106,434,100.545455,702,573.494253,32,0,0,"0",0,"NO"
"1.5.0","lang/java/avro/src/main/java/org/apache/avro/file/DeflateCodec.java",97,0,1,1,1,0,0,0.000000,0,0,0.000000,395,323,56.428571,414,341.147335,31,1,6,"5",3,"NO"
"1.5.0","lang/java/avro/src/main/java/org/apache/avro/file/CodecFactory.java",36,0,1,0,1,0,0,0.000000,0,0,0.000000,348,323,116.000000,414,411.789474,28,1,1,"2",1,"NO"
"1.5.0","lang/java/avro/src/main/java/org/apache/avro/file/FileReader.java",12,49,2,0,2,49,49,24.500000,49,49,24.500000,333,323,166.500000,176,176.000000,29,0,0,"0",0,"NO"
"1.5.0","lang/java/avro/src/main/java/org/apache/avro/file/DataFileReader.java",169,93,7,2,3,85,33,12.142857,77,30,11.000000,1258,434,59.904762,702,559.648246,50,3,14,"10",8,"NO"
"1.5.0","lang/java/avro/src/main/java/org/apache/avro/file/DataFileConstants.java",15,4,2,1,2,3,3,1.500000,2,2,1.000000,1076,434,97.818182,702,620.155405,21,0,0,"0",0,"NO"
"1.5.0","lang/java/avro/src/main/java/org/apache/avro/file/LengthLimitedInputStream.java",53,0,1,0,1,0,0,0.000000,0,0,0.000000,339,323,169.500000,414,414.000000,22,2,5,"0",0,"NO"
"1.5.0","lang/java/avro/src/main/java/org/apache/avro/file/SeekableInput.java",9,3,2,1,2,2,2,1.000000,1,1,0.500000,1055,434,131.875000,702,674.180328,22,0,0,"0",0,"NO"
"1.5.0","lang/java/avro/src/main/java/org/apache/avro/file/DataFileReader12.java",168,229,3,0,2,228,221,76.000000,227,221,75.666667,368,323,122.666667,93,90.275109,40,3,19,"0",0,"NO"
"1.5.0","lang/java/avro/src/main/java/org/apache/avro/util/Utf8.java",81,34,3,1,2,21,13,7.000000,8,8,2.666667,1200,434,92.307692,702,554.929379,32,2,10,"11",5,"NO"
"1.5.0","lang/java/avro/src/main/java/org/apache/avro/util/WeakIdentityHashMap.java",119,0,1,0,1,0,0,0.000000,0,0,0.000000,328,323,164.000000,214,214.000000,33,1,5,"21",4,"NO"
"1.5.0","lang/java/avro/src/main/java/org/apache/avro/util/ByteBufferInputStream.java",52,4,2,0,1,3,3,1.500000,2,2,1.000000,1141,434,114.100000,702,690.162264,30,2,7,"0",0,"YES"
"1.5.0","lang/java/avro/src/main/java/org/apache/avro/util/ByteBufferOutputStream.java",70,4,2,0,1,3,3,1.500000,2,2,1.000000,1179,434,117.900000,702,644.155340,25,1,6,"0",0,"NO"
"1.5.0","lang/java/avro/src/main/java/org/apache/avro/AvroRuntimeException.java",8,0,1,0,1,0,0,0.000000,0,0,0.000000,1055,434,131.875000,702,689.233766,18,0,0,"0",0,"NO"
"1.5.0","lang/java/avro/src/main/java/org/apache/avro/AvroTypeException.java",7,0,1,0,1,0,0,0.000000,0,0,0.000000,1077,434,134.625000,702,691.230769,18,0,0,"0",0,"NO"
"1.5.0","lang/java/ipc/src/main/java/org/apache/avro/ipc/RPCContext.java",95,42,2,3,2,31,31,15.500000,20,20,10.000000,851,434,85.100000,589,408.255385,91,1,4,"2",1,"NO"
"1.5.0","lang/java/ipc/src/main/java/org/apache/avro/ipc/NettyTransportCodec.java",111,0,1,0,1,0,0,0.000000,0,0,0.000000,338,323,112.666667,254,248.491803,46,2,7,"6",3,"NO"
"1.5.0","lang/java/ipc/src/main/java/org/apache/avro/ipc/SaslSocketTransceiver.java",312,390,3,0,2,390,389,130.000000,390,389,130.000000,404,323,134.666667,176,175.658974,36,4,38,"48",11,"YES"
"1.5.0","lang/java/ipc/src/main/java/org/apache/avro/ipc/specific/SpecificResponder.java",68,45,5,4,2,20,15,4.000000,13,8,2.600000,1311,434,69.000000,702,515.468647,18,1,4,"0",0,"YES"
"1.5.0","lang/java/ipc/src/main/java/org/apache/avro/ipc/specific/SpecificRequestor.java",80,26,4,3,3,19,8,4.750000,12,7,3.000000,1311,434,65.550000,702,577.971609,22,1,2,"0",0,"YES"
"1.5.0","lang/java/ipc/src/main/java/org/apache/avro/ipc/SocketTransceiver.java",80,11,3,1,2,8,5,2.666667,5,3,1.666667,1132,434,80.857143,702,642.413580,25,3,10,"4",2,"NO"
"1.5.0","lang/java/ipc/src/main/java/org/apache/avro/ipc/Transceiver.java",23,0,1,0,1,0,0,0.000000,0,0,0.000000,1094,434,121.555556,702,618.856250,36,0,0,"3",2,"NO"
"1.5.0","lang/java/ipc/src/main/java/org/apache/avro/ipc/Server.java",7,0,1,0,1,0,0,0.000000,0,0,0.000000,1106,434,122.888889,702,652.869159,22,0,0,"0",0,"NO"
"1.5.0","lang/java/ipc/src/main/java/org/apache/avro/ipc/reflect/ReflectRequestor.java",48,21,3,0,2,13,8,4.333333,5,3,1.666667,1280,434,80.000000,702,621.163588,21,0,0,"0",0,"YES"
"1.5.0","lang/java/ipc/src/main/java/org/apache/avro/ipc/reflect/ReflectResponder.java",34,11,3,3,2,7,5,2.333333,3,3,1.000000,1382,434,65.809524,702,627.324226,19,1,1,"0",0,"NO"
"1.5.0","lang/java/ipc/src/main/java/org/apache/avro/ipc/RPCPlugin.java",10,0,1,0,1,0,0,0.000000,0,0,0.000000,793,434,158.600000,589,548.543478,55,0,0,"7",1,"NO"
"1.5.0","lang/java/ipc/src/main/java/org/apache/avro/ipc/NettyServer.java",112,8,2,1,2,6,6,3.000000,4,4,2.000000,367,323,73.400000,254,241.980676,24,1,3,"2",1,"NO"
"1.5.0","lang/java/ipc/src/main/java/org/apache/avro/ipc/stats/Histogram.java",165,0,1,0,1,0,0,0.000000,0,0,0.000000,773,434,193.250000,428,384.592058,70,2,11,"11",6,"NO"
"1.5.0","lang/java/ipc/src/main/java/org/apache/avro/ipc/stats/IntegerHistogram.java",28,0,1,1,1,0,0,0.000000,0,0,0.000000,808,434,115.428571,571,465.982301,22,1,2,"0",0,"NO"
"1.5.0","lang/java/ipc/src/main/java/org/apache/avro/ipc/stats/Stopwatch.java",38,0,1,0,1,0,0,0.000000,0,0,0.000000,769,434,256.333333,428,428.000000,28,2,4,"4",2,"NO"
"1.5.0","lang/java/ipc/src/main/java/org/apache/avro/ipc/stats/StatsServer.java",20,0,1,0,1,0,0,0.000000,0,0,0.000000,341,323,170.500000,227,227.000000,28,0,0,"1",1,"NO"
"1.5.0","lang/java/ipc/src/main/java/org/apache/avro/ipc/stats/StatsPlugin.java",161,0,1,0,1,0,0,0.000000,0,0,0.000000,801,434,133.500000,428,278.431102,41,1,8,"1",1,"NO"
"1.5.0","lang/java/ipc/src/main/java/org/apache/avro/ipc/stats/FloatHistogram.java",27,0,1,1,1,0,0,0.000000,0,0,0.000000,804,434,134.000000,571,502.281250,22,1,2,"0",0,"NO"
"1.5.0","lang/java/ipc/src/main/java/org/apache/avro/ipc/stats/StaticServlet.java",19,0,1,0,1,0,0,0.000000,0,0,0.000000,366,323,122.000000,227,216.826087,22,1,2,"0",0,"NO"
"1.5.0","lang/java/ipc/src/main/java/org/apache/avro/ipc/stats/StatsServlet.java",194,4,1,0,1,4,4,4.000000,4,4,4.000000,801,434,133.500000,428,255.728235,42,1,7,"21",5,"NO"
"1.5.0","lang/java/ipc/src/main/java/org/apache/avro/ipc/DatagramServer.java",45,0,1,0,1,0,0,0.000000,0,0,0.000000,1138,434,103.454545,702,667.752049,19,2,3,"1",1,"NO"
"1.5.0","lang/java/ipc/src/main/java/org/apache/avro/ipc/DatagramTransceiver.java",54,0,1,0,1,0,0,0.000000,0,0,0.000000,779,434,194.750000,535,530.379310,22,2,3,"2",1,"NO"
"1.5.0","lang/java/ipc/src/main/java/org/apache/avro/ipc/NettyTransceiver.java",195,10,3,0,2,8,6,2.666667,6,4,2.000000,343,323,85.750000,254,245.664234,36,1,7,"5",3,"NO"
"1.5.0","lang/java/ipc/src/main/java/org/apache/avro/ipc/HttpServer.java",66,42,2,2,2,40,40,20.000000,38,38,19.000000,795,434,132.500000,528,361.587912,28,1,3,"0",0,"NO"
"1.5.0","lang/java/ipc/src/main/java/org/apache/avro/ipc/LocalTransceiver.java",27,0,1,0,1,0,0,0.000000,0,0,0.000000,1074,434,119.333333,702,635.198795,18,0,0,"0",0,"NO"
"1.5.0","lang/java/ipc/src/main/java/org/apache/avro/ipc/Responder.java",183,59,9,6,2,40,11,4.444444,25,11,2.777778,1502,434,45.515152,702,565.478819,43,2,20,"10",2,"NO"
"1.5.0","lang/java/ipc/src/main/java/org/apache/avro/ipc/generic/GenericResponder.java",40,25,3,2,2,19,15,6.333333,13,11,4.333333,1195,434,99.583333,702,608.415929,18,1,1,"0",0,"NO"
"1.5.0","lang/java/ipc/src/main/java/org/apache/avro/ipc/generic/GenericRequestor.java",48,6,2,2,1,4,4,2.000000,2,2,1.000000,1275,434,85.000000,702,629.260331,19,2,4,"0",0,"YES"
"1.5.0","lang/java/ipc/src/main/java/org/apache/avro/ipc/HttpTransceiver.java",79,6,2,0,2,6,6,3.000000,6,6,3.000000,830,434,92.222222,528,476.493827,22,3,6,"1",1,"NO"
"1.5.0","lang/java/ipc/src/main/java/org/apache/avro/ipc/SocketServer.java",100,69,5,1,3,51,32,10.200000,33,20,6.600000,1254,434,73.764706,702,610.489919,23,2,8,"10",7,"YES"
"1.5.0","lang/java/ipc/src/main/java/org/apache/avro/ipc/ResponderServlet.java",30,0,1,0,1,0,0,0.000000,0,0,0.000000,767,434,191.750000,528,524.700000,18,1,1,"0",0,"NO"
"1.5.0","lang/java/ipc/src/main/java/org/apache/avro/ipc/trace/TraceNode.java",65,0,1,0,1,0,0,0.000000,0,0,0.000000,365,323,121.666667,219,212.058824,58,2,2,"0",0,"NO"
"1.5.0","lang/java/ipc/src/main/java/org/apache/avro/ipc/trace/InMemorySpanStorage.java",45,0,1,0,1,0,0,0.000000,0,0,0.000000,351,323,117.000000,219,217.800000,24,2,4,"1",1,"NO"
"1.5.0","lang/java/ipc/src/main/java/org/apache/avro/ipc/trace/FileSpanStorage.java",212,0,1,0,1,0,0,0.000000,0,0,0.000000,334,323,167.000000,211,211.000000,105,3,23,"18",7,"NO"
"1.5.0","lang/java/ipc/src/main/java/org/apache/avro/ipc/trace/Trace.java",126,0,1,0,1,0,0,0.000000,0,0,0.000000,393,323,98.250000,219,218.636364,100,5,20,"9",3,"NO"
"1.5.0","lang/java/ipc/src/main/java/org/apache/avro/ipc/trace/TraceCollection.java",198,0,1,0,1,0,0,0.000000,0,0,0.000000,357,323,119.000000,201,200.157303,77,3,14,"8",5,"NO"
"1.5.0","lang/java/ipc/src/main/java/org/apache/avro/ipc/trace/TraceClientServlet.java",191,7,2,0,1,4,4,2.000000,1,1,0.500000,438,323,109.500000,219,201.352113,41,3,20,"12",7,"NO"
"1.5.0","lang/java/ipc/src/main/java/org/apache/avro/ipc/trace/SpanStorage.java",11,0,1,1,1,0,0,0.000000,0,0,0.000000,1118,434,101.636364,702,540.628743,39,0,0,"0",0,"NO"
"1.5.0","lang/java/ipc/src/main/java/org/apache/avro/ipc/trace/TracePlugin.java",268,66,4,0,3,41,33,10.250000,46,31,11.500000,495,323,61.875000,219,212.103837,77,3,27,"11",8,"NO"
"1.5.0","lang/java/ipc/src/main/java/org/apache/avro/ipc/trace/StaticServlet.java",22,0,1,0,1,0,0,0.000000,0,0,0.000000,348,323,174.000000,201,201.000000,22,1,3,"0",0,"NO"
"1.5.0","lang/java/ipc/src/main/java/org/apache/avro/ipc/trace/TracePluginConfiguration.java",44,19,2,0,2,18,18,9.000000,17,17,8.500000,384,323,76.800000,219,211.296296,36,1,1,"0",0,"NO"
"1.5.0","lang/java/ipc/src/main/java/org/apache/avro/ipc/trace/Util.java",139,0,1,0,1,0,0,0.000000,0,0,0.000000,385,323,77.000000,219,213.696000,61,4,24,"10",6,"NO"
"1.5.0","lang/java/ipc/src/main/java/org/apache/avro/ipc/trace/SpanAggregator.java",107,3,1,1,1,1,1,1.000000,1,1,1.000000,372,323,93.000000,219,213.957447,55,6,15,"6",3,"NO"
"1.5.0","lang/java/ipc/src/main/java/org/apache/avro/ipc/SaslSocketServer.java",68,102,2,0,2,102,102,51.000000,102,102,51.000000,331,323,165.500000,176,176.000000,22,1,1,"15",6,"NO"
"1.5.0","lang/java/ipc/src/main/java/org/apache/avro/ipc/Ipc.java",26,53,2,0,2,53,53,26.500000,53,53,26.500000,329,323,164.500000,93,93.000000,22,2,4,"0",0,"NO"
"1.5.0","lang/java/ipc/src/main/java/org/apache/avro/ipc/Requestor.java",209,71,9,4,2,53,23,5.888889,35,21,3.888889,1508,434,48.645161,702,557.064171,46,2,23,"9",1,"YES"
"1.5.0","lang/java/tools/src/main/java/org/apache/avro/tool/DataFileGetSchemaTool.java",30,0,1,0,1,0,0,0.000000,0,0,0.000000,1084,434,90.333333,702,559.363636,18,1,1,"0",0,"NO"
"1.5.0","lang/java/tools/src/main/java/org/apache/avro/tool/ToTextTool.java",56,0,1,0,1,0,0,0.000000,0,0,0.000000,329,323,164.500000,267,267.000000,18,1,3,"0",0,"NO"
"1.5.0","lang/java/tools/src/main/java/org/apache/avro/tool/TetherTool.java",66,95,2,1,1,95,78,47.500000,95,78,47.500000,18,12,9.000000,57,53.778947,17,1,3,"0",0,"NO"
"1.5.0","lang/java/tools/src/main/java/org/apache/avro/tool/DataFileWriteTool.java",107,57,3,0,3,48,46,16.000000,39,39,13.000000,840,434,120.000000,437,340.656805,18,2,8,"2",2,"NO"
"1.5.0","lang/java/tools/src/main/java/org/apache/avro/tool/Tool.java",9,0,2,0,1,0,0,0.000000,0,0,0.000000,1153,434,88.692308,702,609.064000,38,0,0,"0",0,"NO"
"1.5.0","lang/java/tools/src/main/java/org/apache/avro/tool/DataFileReadTool.java",49,13,4,0,3,6,3,1.500000,3,2,0.750000,844,434,120.571429,437,385.947368,21,1,2,"0",0,"NO"
"1.5.0","lang/java/tools/src/main/java/org/apache/avro/tool/JsonToBinaryFragmentTool.java",56,13,3,1,2,8,5,2.666667,3,2,1.000000,856,434,142.666667,437,374.263736,18,1,3,"2",2,"NO"
"1.5.0","lang/java/tools/src/main/java/org/apache/avro/tool/RpcSendTool.java",85,19,4,0,2,7,4,1.750000,5,5,1.250000,904,434,129.142857,436,384.130952,20,2,4,"1",1,"NO"
"1.5.0","lang/java/tools/src/main/java/org/apache/avro/tool/RpcReceiveTool.java",139,17,4,0,2,10,5,2.500000,3,1,0.750000,927,434,115.875000,436,396.397196,23,2,9,"3",3,"NO"
"1.5.0","lang/java/tools/src/main/java/org/apache/avro/tool/BinaryFragmentToJsonTool.java",62,6,3,0,2,3,2,1.000000,0,0,0.000000,877,434,146.166667,437,407.663158,18,1,3,"2",2,"YES"
"1.5.0","lang/java/tools/src/main/java/org/apache/avro/tool/Main.java",63,7,4,1,2,2,1,0.500000,5,3,1.250000,984,434,57.882353,501,436.887324,24,2,6,"1",1,"NO"
"1.5.0","lang/java/tools/src/main/java/org/apache/avro/tool/SpecificCompilerTool.java",37,64,2,0,1,64,47,32.000000,64,47,32.000000,85,73,42.500000,43,41.937500,21,2,3,"0",0,"NO"
"1.5.0","lang/java/tools/src/main/java/org/apache/avro/tool/FromTextTool.java",62,0,1,0,1,0,0,0.000000,0,0,0.000000,804,434,134.000000,437,359.653266,22,1,3,"1",1,"NO"
"1.5.0","lang/java/tools/src/main/java/org/apache/avro/tool/RecodecTool.java",86,115,2,0,2,115,115,57.500000,115,115,57.500000,328,323,164.000000,110,110.000000,18,2,8,"0",0,"NO"
"1.5.0","lang/java/tools/src/main/java/org/apache/avro/tool/InduceSchemaTool.java",49,4,2,0,1,2,2,1.000000,0,0,0.000000,857,434,107.125000,477,454.357143,20,3,5,"0",0,"NO"
"1.5.0","lang/java/tools/src/main/java/org/apache/avro/tool/Util.java",78,11,2,0,2,6,6,3.000000,1,1,0.500000,1153,434,88.692308,702,477.518018,35,3,6,"6",3,"NO"
"1.5.0","lang/java/tools/src/main/java/org/apache/avro/tool/IdlTool.java",47,2,2,0,1,1,1,0.500000,0,0,0.000000,890,434,127.142857,436,382.654206,21,1,3,"4",3,"NO"
"1.5.0","lang/java/compiler/src/main/java/org/apache/avro/compiler/specific/SchemaTask.java",9,3,2,0,1,2,2,1.000000,1,1,0.500000,1146,434,127.333333,702,673.500000,18,0,0,"0",0,"NO"
"1.5.0","lang/java/compiler/src/main/java/org/apache/avro/compiler/specific/SpecificCompiler.java",338,398,5,6,3,195,102,39.000000,180,84,36.000000,1500,434,34.883721,702,496.202858,56,4,71,"0",0,"NO"
"1.5.0","lang/java/compiler/src/main/java/org/apache/avro/compiler/specific/ProtocolTask.java",47,3,2,0,1,2,2,1.000000,1,1,0.500000,1146,434,127.333333,702,677.198777,22,2,6,"0",0,"NO"
"1.5.0","lang/java/maven-plugin/src/main/java/org/apache/avro/mojo/ProtocolMojo.java",21,68,2,0,1,67,66,33.500000,66,66,33.000000,396,323,198.000000,87,85.705882,37,0,0,"0",0,"NO"
"1.5.0","lang/java/maven-plugin/src/main/java/org/apache/avro/mojo/AbstractAvroMojo.java",69,143,1,0,1,143,143,143.000000,143,143,143.000000,323,323,323.000000,87,87.000000,57,2,7,"0",0,"NO"
"1.5.0","lang/java/maven-plugin/src/main/java/org/apache/avro/mojo/SchemaMojo.java",21,68,2,0,1,67,66,33.500000,66,66,33.000000,396,323,198.000000,87,85.705882,37,0,0,"0",0,"NO"
"1.5.0","lang/java/maven-plugin/src/main/java/org/apache/avro/mojo/IDLProtocolMojo.java",32,84,2,0,1,81,78,40.500000,78,78,39.000000,396,323,198.000000,87,83.857143,37,1,1,"0",0,"NO"
"1.5.1","lang/java/mapred/src/main/java/org/apache/avro/mapred/AvroReducer.java",18,44,2,0,1,22,18,11.000000,28,14,14.000000,452,323,90.400000,400,263.432749,25,1,2,"2",2,"NO"
"1.5.1","lang/java/mapred/src/main/java/org/apache/avro/mapred/SequenceFileInputFormat.java",19,0,0,0,0,0,0,0.000000,0,0,0.000000,351,323,117.000000,400,347.839506,18,0,0,"0",0,"NO"
"1.5.1","lang/java/mapred/src/main/java/org/apache/avro/mapred/SequenceFileReader.java",193,0,0,0,0,0,0,0.000000,0,0,0.000000,333,323,166.500000,231,231.000000,22,1,9,"22",6,"NO"
"1.5.1","lang/java/mapred/src/main/java/org/apache/avro/mapred/AvroValue.java",5,0,0,0,0,0,0,0.000000,0,0,0.000000,1108,434,123.111111,757,674.777778,20,0,0,"0",0,"NO"
"1.5.1","lang/java/mapred/src/main/java/org/apache/avro/mapred/AvroKey.java",5,0,0,0,0,0,0,0.000000,0,0,0.000000,1108,434,123.111111,757,674.777778,20,0,0,"0",0,"NO"
"1.5.1","lang/java/mapred/src/main/java/org/apache/avro/mapred/AvroOutputFormat.java",68,14,2,1,1,7,6,3.500000,10,5,5.000000,505,323,56.111111,400,309.910828,25,2,5,"2",1,"NO"
"1.5.1","lang/java/mapred/src/main/java/org/apache/avro/mapred/AvroRecordReader.java",54,0,0,1,0,0,0,0.000000,0,0,0.000000,406,323,67.666667,400,345.547619,19,1,3,"1",1,"NO"
"1.5.1","lang/java/mapred/src/main/java/org/apache/avro/mapred/AvroSerialization.java",91,0,0,1,0,0,0,0.000000,0,0,0.000000,509,323,72.714286,400,341.839130,29,2,7,"1",1,"NO"
"1.5.1","lang/java/mapred/src/main/java/org/apache/avro/mapred/AvroCollector.java",6,0,0,0,0,0,0,0.000000,0,0,0.000000,1104,434,138.000000,757,680.833333,18,0,0,"0",0,"NO"
"1.5.1","lang/java/mapred/src/main/java/org/apache/avro/mapred/HadoopMapper.java",52,20,2,0,1,10,8,5.000000,12,6,6.000000,434,323,108.500000,289,234.436893,21,1,2,"5",2,"NO"
"1.5.1","lang/java/mapred/src/main/java/org/apache/avro/mapred/FsInput.java",30,0,0,0,0,0,0,0.000000,0,0,0.000000,341,323,170.500000,400,400.000000,19,0,0,"1",1,"NO"
"1.5.1","lang/java/mapred/src/main/java/org/apache/avro/mapred/AvroKeyComparator.java",23,0,0,1,0,0,0,0.000000,0,0,0.000000,431,323,71.833333,400,355.079545,18,1,1,"1",1,"NO"
"1.5.1","lang/java/mapred/src/main/java/org/apache/avro/mapred/AvroMapper.java",11,40,2,0,1,20,17,10.000000,28,14,14.000000,452,323,90.400000,400,263.079470,23,0,0,"2",1,"NO"
"1.5.1","lang/java/mapred/src/main/java/org/apache/avro/mapred/AvroUtf8InputFormat.java",75,0,0,0,0,0,0,0.000000,0,0,0.000000,332,323,110.666667,325,313.307692,21,1,1,"0",0,"NO"
"1.5.1","lang/java/mapred/src/main/java/org/apache/avro/mapred/AvroWrapper.java",26,0,0,2,0,0,0,0.000000,0,0,0.000000,875,434,87.500000,626,501.552846,22,2,7,"7",2,"NO"
"1.5.1","lang/java/mapred/src/main/java/org/apache/avro/mapred/HadoopReducerBase.java",36,10,2,0,1,5,5,2.500000,10,5,5.000000,434,323,108.500000,289,250.506849,17,1,1,"8",3,"NO"
"1.5.1","lang/java/mapred/src/main/java/org/apache/avro/mapred/AvroInputFormat.java",30,0,0,0,0,0,0,0.000000,0,0,0.000000,341,323,170.500000,400,400.000000,18,2,2,"2",1,"NO"
"1.5.1","lang/java/mapred/src/main/java/org/apache/avro/mapred/tether/TetherKeySerialization.java",54,0,0,0,0,0,0,0.000000,0,0,0.000000,443,323,110.750000,325,302.050000,18,1,1,"3",2,"NO"
"1.5.1","lang/java/mapred/src/main/java/org/apache/avro/mapred/tether/TetheredProcess.java",89,0,0,0,0,0,0,0.000000,0,0,0.000000,471,323,94.200000,325,316.246377,26,2,7,"6",3,"NO"
"1.5.1","lang/java/mapred/src/main/java/org/apache/avro/mapred/tether/TetherMapRunner.java",55,0,0,0,0,0,0,0.000000,0,0,0.000000,360,323,180.000000,325,325.000000,23,2,5,"4",2,"NO"
"1.5.1","lang/java/mapred/src/main/java/org/apache/avro/mapred/tether/TetherOutputService.java",66,0,0,0,0,0,0,0.000000,0,0,0.000000,388,323,129.333333,325,320.963964,17,1,3,"7",4,"NO"
"1.5.1","lang/java/mapred/src/main/java/org/apache/avro/mapred/tether/TetherRecordReader.java",50,0,0,0,0,0,0,0.000000,0,0,0.000000,378,323,126.000000,400,377.016129,18,1,2,"1",1,"NO"
"1.5.1","lang/java/mapred/src/main/java/org/apache/avro/mapred/tether/TetherReducer.java",53,0,0,0,0,0,0,0.000000,0,0,0.000000,360,323,180.000000,325,325.000000,20,1,6,"3",1,"NO"
"1.5.1","lang/java/mapred/src/main/java/org/apache/avro/mapred/tether/TetherInputFormat.java",31,0,0,0,0,0,0,0.000000,0,0,0.000000,378,323,126.000000,400,385.000000,18,2,2,"2",1,"NO"
"1.5.1","lang/java/mapred/src/main/java/org/apache/avro/mapred/tether/TetherOutputFormat.java",48,0,0,0,0,0,0,0.000000,0,0,0.000000,378,323,126.000000,400,375.192308,19,1,1,"0",0,"NO"
"1.5.1","lang/java/mapred/src/main/java/org/apache/avro/mapred/tether/TetherData.java",12,0,0,0,0,0,0,0.000000,0,0,0.000000,1111,434,111.100000,757,613.680952,23,0,0,"1",1,"NO"
"1.5.1","lang/java/mapred/src/main/java/org/apache/avro/mapred/tether/TetherKeyComparator.java",33,0,0,0,0,0,0,0.000000,0,0,0.000000,383,323,95.750000,400,359.864078,18,1,3,"2",2,"NO"
"1.5.1","lang/java/mapred/src/main/java/org/apache/avro/mapred/tether/TetherJob.java",50,0,0,1,0,0,0,0.000000,0,0,0.000000,403,323,100.750000,325,257.339056,27,1,2,"0",0,"NO"
"1.5.1","lang/java/mapred/src/main/java/org/apache/avro/mapred/tether/TetherPartitioner.java",30,0,0,0,0,0,0,0.000000,0,0,0.000000,361,323,120.333333,325,325.000000,18,1,2,"2",1,"NO"
"1.5.1","lang/java/mapred/src/main/java/org/apache/avro/mapred/HadoopCombiner.java",32,0,0,0,0,0,0,0.000000,0,0,0.000000,360,323,180.000000,289,289.000000,21,0,0,"0",0,"NO"
"1.5.1","lang/java/mapred/src/main/java/org/apache/avro/mapred/HadoopReducer.java",31,0,0,0,0,0,0,0.000000,0,0,0.000000,360,323,180.000000,289,289.000000,19,0,0,"1",1,"NO"
"1.5.1","lang/java/mapred/src/main/java/org/apache/avro/mapred/Pair.java",441,0,0,1,0,0,0,0.000000,0,0,0.000000,399,323,99.750000,289,267.543165,56,2,10,"5",2,"NO"
"1.5.1","lang/java/mapred/src/main/java/org/apache/avro/mapred/SequenceFileRecordReader.java",11,0,0,0,0,0,0,0.000000,0,0,0.000000,1114,434,123.777778,757,622.790323,18,0,0,"0",0,"NO"
"1.5.1","lang/java/mapred/src/main/java/org/apache/avro/mapred/AvroJob.java",111,14,2,1,1,7,7,3.500000,14,7,7.000000,517,323,51.700000,400,293.373219,46,1,6,"5",2,"NO"
"1.5.1","lang/java/avro/src/main/java/org/apache/avro/Protocol.java",320,0,0,2,0,0,0,0.000000,0,0,0.000000,1297,434,54.041667,757,697.253404,71,3,42,"35",4,"YES"
"1.5.1","lang/java/avro/src/main/java/org/apache/avro/specific/SpecificDatumWriter.java",30,0,0,2,0,0,0,0.000000,0,0,0.000000,1205,434,80.333333,757,682.985437,19,1,1,"2",1,"NO"
"1.5.1","lang/java/avro/src/main/java/org/apache/avro/specific/SpecificData.java",160,8,2,6,1,4,2,2.000000,0,0,0.000000,1079,434,46.913043,611,495.678571,28,12,45,"24",8,"YES"
"1.5.1","lang/java/avro/src/main/java/org/apache/avro/specific/SpecificDatumReader.java",65,0,0,3,0,0,0,0.000000,0,0,0.000000,1283,434,58.318182,757,688.097561,30,2,9,"4",2,"NO"
"1.5.1","lang/java/avro/src/main/java/org/apache/avro/specific/FixedSize.java",12,0,0,1,0,0,0,0.000000,0,0,0.000000,1090,434,121.111111,757,733.829060,22,0,0,"0",0,"NO"
"1.5.1","lang/java/avro/src/main/java/org/apache/avro/specific/SpecificRecord.java",4,0,0,1,0,0,0,0.000000,0,0,0.000000,1107,434,123.000000,757,730.519231,19,0,0,"0",0,"NO"
"1.5.1","lang/java/avro/src/main/java/org/apache/avro/specific/SpecificExceptionBase.java",18,0,0,2,0,0,0,0.000000,0,0,0.000000,1167,434,106.090909,757,714.075758,21,1,3,"6",3,"NO"
"1.5.1","lang/java/avro/src/main/java/org/apache/avro/specific/SpecificFixed.java",7,0,0,0,0,0,0,0.000000,0,0,0.000000,1105,434,110.500000,757,735.830189,18,0,0,"0",0,"NO"
"1.5.1","lang/java/avro/src/main/java/org/apache/avro/specific/SpecificRecordBase.java",27,0,0,3,0,0,0,0.000000,0,0,0.000000,877,434,109.625000,703,625.207692,21,1,3,"4",2,"NO"
"1.5.1","lang/java/avro/src/main/java/org/apache/avro/UnresolvedUnionException.java",16,0,0,1,0,0,0,0.000000,0,0,0.000000,800,434,133.333333,626,414.344828,18,0,0,"0",0,"NO"
"1.5.1","lang/java/avro/src/main/java/org/apache/avro/AvroRemoteException.java",15,0,0,0,0,0,0,0.000000,0,0,0.000000,1141,434,142.625000,757,745.000000,18,1,1,"1",1,"YES"
"1.5.1","lang/java/avro/src/main/java/org/apache/avro/Schema.java",1073,12,2,12,1,6,6,3.000000,12,6,6.000000,1541,434,28.537037,757,624.564962,198,9,175,"221",20,"NO"
"1.5.1","lang/java/avro/src/main/java/org/apache/avro/reflect/Nullable.java",10,0,0,2,0,0,0,0.000000,0,0,0.000000,1104,434,100.363636,757,689.780142,21,0,0,"0",0,"NO"
"1.5.1","lang/java/avro/src/main/java/org/apache/avro/reflect/ReflectDatumWriter.java",76,4,2,7,1,2,1,1.000000,0,0,0.000000,1467,434,45.843750,757,634.820128,24,1,6,"10",3,"NO"
"1.5.1","lang/java/avro/src/main/java/org/apache/avro/reflect/Stringable.java",10,0,0,2,0,0,0,0.000000,0,0,0.000000,1099,434,109.900000,757,711.846154,22,0,0,"0",0,"NO"
"1.5.1","lang/java/avro/src/main/java/org/apache/avro/reflect/ReflectDatumReader.java",101,0,0,4,0,0,0,0.000000,0,0,0.000000,1340,434,49.629630,757,647.454039,25,2,11,"10",3,"NO"
"1.5.1","lang/java/avro/src/main/java/org/apache/avro/reflect/ReflectData.java",397,14,3,10,1,7,3,2.333333,2,1,0.666667,1565,434,38.170732,757,604.530692,69,12,85,"53",12,"YES"
"1.5.1","lang/java/avro/src/main/java/org/apache/avro/reflect/Union.java",12,0,0,1,0,0,0,0.000000,0,0,0.000000,1104,434,100.363636,757,696.666667,25,0,0,"0",0,"NO"
"1.5.1","lang/java/avro/src/main/java/org/apache/avro/io/ParsingEncoder.java",36,0,0,0,0,0,0,0.000000,0,0,0.000000,847,434,169.400000,653,642.228571,24,1,3,"1",1,"NO"
"1.5.1","lang/java/avro/src/main/java/org/apache/avro/io/EncoderFactory.java",84,0,0,0,0,0,0,0.000000,0,0,0.000000,92,45,30.666667,70,69.913514,234,1,7,"5",2,"NO"
"1.5.1","lang/java/avro/src/main/java/org/apache/avro/io/Decoder.java",30,0,0,0,0,0,0,0.000000,0,0,0.000000,1251,434,78.187500,757,698.765612,219,0,0,"0",0,"NO"
"1.5.1","lang/java/avro/src/main/java/org/apache/avro/io/parsing/ResolvingGrammarGenerator.java",363,0,0,5,0,0,0,0.000000,0,0,0.000000,1015,434,50.750000,653,539.474295,84,5,92,"34",8,"NO"
"1.5.1","lang/java/avro/src/main/java/org/apache/avro/io/parsing/ValidatingGrammarGenerator.java",82,0,0,1,0,0,0,0.000000,0,0,0.000000,934,434,93.400000,653,623.539877,43,4,18,"6",5,"NO"
"1.5.1","lang/java/avro/src/main/java/org/apache/avro/io/parsing/SkipParser.java",44,0,0,1,0,0,0,0.000000,0,0,0.000000,898,434,99.777778,653,621.891667,43,3,3,"2",2,"NO"
"1.5.1","lang/java/avro/src/main/java/org/apache/avro/io/parsing/Symbol.java",358,2,2,3,1,1,1,0.500000,2,1,1.000000,986,434,61.625000,653,577.976994,123,3,16,"14",4,"NO"
"1.5.1","lang/java/avro/src/main/java/org/apache/avro/io/parsing/JsonGrammarGenerator.java",58,0,0,2,0,0,0,0.000000,0,0,0.000000,912,434,101.333333,653,617.738462,35,4,16,"4",1,"NO"
"1.5.1","lang/java/avro/src/main/java/org/apache/avro/io/parsing/Parser.java",98,0,0,2,0,0,0,0.000000,0,0,0.000000,905,434,90.500000,653,550.761658,79,4,13,"3",1,"NO"
"1.5.1","lang/java/avro/src/main/java/org/apache/avro/io/DirectBinaryDecoder.java",154,0,0,1,0,0,0,0.000000,0,0,0.000000,1012,434,84.333333,682,566.875874,27,3,15,"0",0,"NO"
"1.5.1","lang/java/avro/src/main/java/org/apache/avro/io/JsonEncoder.java",207,0,0,3,0,0,0,0.000000,0,0,0.000000,1003,434,71.642857,653,509.366577,56,3,16,"2",1,"NO"
"1.5.1","lang/java/avro/src/main/java/org/apache/avro/io/ValidatingEncoder.java",152,0,0,2,0,0,0,0.000000,0,0,0.000000,1005,434,77.307692,680,594.879167,35,1,2,"0",0,"NO"
"1.5.1","lang/java/avro/src/main/java/org/apache/avro/io/ValidatingDecoder.java",188,0,0,1,0,0,0,0.000000,0,0,0.000000,966,434,74.307692,680,631.826087,29,2,11,"0",0,"NO"
"1.5.1","lang/java/avro/src/main/java/org/apache/avro/io/DatumReader.java",7,0,0,0,0,0,0,0.000000,0,0,0.000000,1030,434,128.750000,757,745.793651,24,0,0,"0",0,"NO"
"1.5.1","lang/java/avro/src/main/java/org/apache/avro/io/DatumWriter.java",7,0,0,0,0,0,0,0.000000,0,0,0.000000,1091,434,136.375000,757,752.172414,23,0,0,"0",0,"NO"
"1.5.1","lang/java/avro/src/main/java/org/apache/avro/io/BlockingBinaryEncoder.java",363,0,0,2,0,0,0,0.000000,0,0,0.000000,987,434,89.727273,700,528.670330,134,4,35,"16",4,"NO"
"1.5.1","lang/java/avro/src/main/java/org/apache/avro/io/ParsingDecoder.java",49,0,0,0,0,0,0,0.000000,0,0,0.000000,883,434,176.600000,653,623.405063,19,12,13,"0",0,"NO"
"1.5.1","lang/java/avro/src/main/java/org/apache/avro/io/DirectBinaryEncoder.java",75,0,0,0,0,0,0,0.000000,0,0,0.000000,45,45,45.000000,70,70.000000,45,2,6,"1",1,"NO"
"1.5.1","lang/java/avro/src/main/java/org/apache/avro/io/BinaryDecoder.java",647,0,0,0,0,0,0,0.000000,0,0,0.000000,938,434,85.272727,682,461.082877,247,6,63,"50",9,"NO"
"1.5.1","lang/java/avro/src/main/java/org/apache/avro/io/BinaryData.java",346,0,0,0,0,0,0,0.000000,0,0,0.000000,961,434,87.363636,613,438.276471,68,9,80,"48",7,"NO"
"1.5.1","lang/java/avro/src/main/java/org/apache/avro/io/BinaryEncoder.java",68,0,0,1,0,0,0,0.000000,0,0,0.000000,1230,434,94.615385,757,575.968386,36,1,3,"4",1,"NO"
"1.5.1","lang/java/avro/src/main/java/org/apache/avro/io/Encoder.java",40,0,0,0,0,0,0,0.000000,0,0,0.000000,1166,434,89.692308,757,693.177984,220,1,1,"2",1,"NO"
"1.5.1","lang/java/avro/src/main/java/org/apache/avro/io/ResolvingDecoder.java",144,0,0,3,0,0,0,0.000000,0,0,0.000000,1010,434,56.111111,680,568.080775,106,6,25,"0",0,"NO"
"1.5.1","lang/java/avro/src/main/java/org/apache/avro/io/BufferedBinaryEncoder.java",126,0,0,0,0,0,0,0.000000,0,0,0.000000,83,45,41.500000,70,70.000000,60,3,11,"4",4,"NO"
"1.5.1","lang/java/avro/src/main/java/org/apache/avro/io/DecoderFactory.java",94,0,0,0,0,0,0,0.000000,0,0,0.000000,439,323,87.800000,441,238.046875,200,1,6,"4",3,"NO"
"1.5.1","lang/java/avro/src/main/java/org/apache/avro/io/JsonDecoder.java",375,0,0,2,0,0,0,0.000000,0,0,0.000000,987,434,70.500000,653,543.047619,47,5,42,"3",2,"NO"
"1.5.1","lang/java/avro/src/main/java/org/apache/avro/SchemaParseException.java",5,0,0,0,0,0,0,0.000000,0,0,0.000000,1046,434,149.428571,757,753.040541,18,0,0,"0",0,"NO"
"1.5.1","lang/java/avro/src/main/java/org/apache/avro/generic/GenericRecord.java",5,0,0,1,0,0,0,0.000000,0,0,0.000000,1089,434,121.000000,757,689.658120,21,0,0,"0",0,"NO"
"1.5.1","lang/java/avro/src/main/java/org/apache/avro/generic/GenericData.java",546,38,2,9,1,19,14,9.500000,18,9,9.000000,1512,434,36.878049,757,582.686184,71,12,138,"82",11,"YES"
"1.5.1","lang/java/avro/src/main/java/org/apache/avro/generic/GenericEnumSymbol.java",4,0,0,0,0,0,0,0.000000,0,0,0.000000,1111,434,123.444444,757,701.333333,19,0,0,"1",1,"NO"
"1.5.1","lang/java/avro/src/main/java/org/apache/avro/generic/GenericContainer.java",5,0,0,0,0,0,0,0.000000,0,0,0.000000,1067,434,152.428571,757,744.032258,19,0,0,"0",0,"NO"
"1.5.1","lang/java/avro/src/main/java/org/apache/avro/generic/GenericFixed.java",4,0,0,0,0,0,0,0.000000,0,0,0.000000,1083,434,135.375000,757,735.920000,19,0,0,"0",0,"NO"
"1.5.1","lang/java/avro/src/main/java/org/apache/avro/generic/GenericDatumReader.java",274,4,2,6,1,2,1,1.000000,0,0,0.000000,1564,434,34.755556,757,640.910461,84,4,53,"10",4,"NO"
"1.5.1","lang/java/avro/src/main/java/org/apache/avro/generic/GenericDatumWriter.java",136,0,0,4,0,0,0,0.000000,0,0,0.000000,1305,434,50.192308,757,674.229773,45,2,20,"0",0,"YES"
"1.5.1","lang/java/avro/src/main/java/org/apache/avro/generic/GenericArray.java",6,0,0,0,0,0,0,0.000000,0,0,0.000000,1108,434,110.800000,757,687.233083,22,0,0,"0",0,"NO"
"1.5.1","lang/java/avro/src/main/java/org/apache/avro/generic/IndexedRecord.java",5,0,0,1,0,0,0,0.000000,0,0,0.000000,1126,434,112.600000,757,665.677419,24,0,0,"0",0,"NO"
"1.5.1","lang/java/avro/src/main/java/org/apache/avro/file/DataFileWriter.java",254,0,0,5,0,0,0,0.000000,0,0,0.000000,1292,434,49.692308,757,597.226320,86,2,17,"5",2,"YES"
"1.5.1","lang/java/avro/src/main/java/org/apache/avro/file/DataFileStream.java",261,0,0,2,0,0,0,0.000000,0,0,0.000000,965,434,64.333333,491,384.709386,71,3,27,"10",3,"NO"
"1.5.1","lang/java/avro/src/main/java/org/apache/avro/file/NullCodec.java",35,0,0,0,0,0,0,0.000000,0,0,0.000000,1141,434,81.500000,757,601.175373,19,1,1,"3",3,"NO"
"1.5.1","lang/java/avro/src/main/java/org/apache/avro/file/SeekableFileInput.java",13,0,0,0,0,0,0,0.000000,0,0,0.000000,1047,434,149.571429,757,747.543689,18,0,0,"0",0,"NO"
"1.5.1","lang/java/avro/src/main/java/org/apache/avro/file/Codec.java",16,0,0,0,0,0,0,0.000000,0,0,0.000000,1106,434,100.545455,757,628.494253,32,0,0,"0",0,"NO"
"1.5.1","lang/java/avro/src/main/java/org/apache/avro/file/DeflateCodec.java",97,0,0,1,0,0,0,0.000000,0,0,0.000000,395,323,56.428571,469,396.147335,31,1,6,"5",3,"NO"
"1.5.1","lang/java/avro/src/main/java/org/apache/avro/file/CodecFactory.java",36,12,2,0,1,6,6,3.000000,12,6,6.000000,418,323,83.600000,469,405.181818,28,1,1,"2",1,"NO"
"1.5.1","lang/java/avro/src/main/java/org/apache/avro/file/FileReader.java",12,0,0,0,0,0,0,0.000000,0,0,0.000000,333,323,166.500000,231,231.000000,29,0,0,"0",0,"NO"
"1.5.1","lang/java/avro/src/main/java/org/apache/avro/file/DataFileReader.java",169,0,0,2,0,0,0,0.000000,0,0,0.000000,1258,434,59.904762,757,614.648246,50,3,14,"15",8,"NO"
"1.5.1","lang/java/avro/src/main/java/org/apache/avro/file/DataFileConstants.java",15,2,2,1,1,1,1,0.500000,2,1,1.000000,1146,434,88.153846,757,666.353333,21,0,0,"1",1,"NO"
"1.5.1","lang/java/avro/src/main/java/org/apache/avro/file/LengthLimitedInputStream.java",53,0,0,0,0,0,0,0.000000,0,0,0.000000,339,323,169.500000,469,469.000000,22,2,5,"0",0,"NO"
"1.5.1","lang/java/avro/src/main/java/org/apache/avro/file/SeekableInput.java",9,0,0,1,0,0,0,0.000000,0,0,0.000000,1055,434,131.875000,757,729.180328,22,0,0,"0",0,"NO"
"1.5.1","lang/java/avro/src/main/java/org/apache/avro/file/DataFileReader12.java",168,0,0,0,0,0,0,0.000000,0,0,0.000000,368,323,122.666667,148,145.275109,40,3,19,"10",5,"NO"
"1.5.1","lang/java/avro/src/main/java/org/apache/avro/util/Utf8.java",81,0,0,1,0,0,0,0.000000,0,0,0.000000,1200,434,92.307692,757,609.929379,32,2,10,"9",3,"NO"
"1.5.1","lang/java/avro/src/main/java/org/apache/avro/util/WeakIdentityHashMap.java",119,0,0,0,0,0,0,0.000000,0,0,0.000000,328,323,164.000000,269,269.000000,33,1,5,"21",4,"NO"
"1.5.1","lang/java/avro/src/main/java/org/apache/avro/util/ByteBufferInputStream.java",52,0,0,0,0,0,0,0.000000,0,0,0.000000,1141,434,114.100000,757,745.162264,30,2,7,"4",1,"YES"
"1.5.1","lang/java/avro/src/main/java/org/apache/avro/util/ByteBufferOutputStream.java",70,0,0,0,0,0,0,0.000000,0,0,0.000000,1179,434,117.900000,757,699.155340,25,1,6,"1",1,"NO"
"1.5.1","lang/java/avro/src/main/java/org/apache/avro/AvroRuntimeException.java",8,0,0,0,0,0,0,0.000000,0,0,0.000000,1055,434,131.875000,757,744.233766,18,0,0,"0",0,"NO"
"1.5.1","lang/java/avro/src/main/java/org/apache/avro/AvroTypeException.java",7,0,0,0,0,0,0,0.000000,0,0,0.000000,1077,434,134.625000,757,746.230769,18,0,0,"0",0,"NO"
"1.5.1","lang/java/ipc/src/main/java/org/apache/avro/ipc/RPCContext.java",95,0,0,3,0,0,0,0.000000,0,0,0.000000,851,434,85.100000,644,463.255385,91,1,4,"3",2,"NO"
"1.5.1","lang/java/ipc/src/main/java/org/apache/avro/ipc/NettyTransportCodec.java",111,0,0,0,0,0,0,0.000000,0,0,0.000000,338,323,112.666667,309,303.491803,46,2,7,"6",3,"NO"
"1.5.1","lang/java/ipc/src/main/java/org/apache/avro/ipc/SaslSocketTransceiver.java",312,38,2,1,1,19,16,9.500000,26,13,13.000000,466,323,93.200000,231,210.890187,36,4,38,"48",11,"NO"
"1.5.1","lang/java/ipc/src/main/java/org/apache/avro/ipc/specific/SpecificResponder.java",68,0,0,4,0,0,0,0.000000,0,0,0.000000,1311,434,69.000000,757,570.468647,18,1,4,"2",2,"YES"
"1.5.1","lang/java/ipc/src/main/java/org/apache/avro/ipc/specific/SpecificRequestor.java",80,0,0,3,0,0,0,0.000000,0,0,0.000000,1311,434,65.550000,757,632.971609,22,1,2,"3",2,"YES"
"1.5.1","lang/java/ipc/src/main/java/org/apache/avro/ipc/SocketTransceiver.java",80,0,0,1,0,0,0,0.000000,0,0,0.000000,1132,434,80.857143,757,697.413580,25,3,10,"6",2,"NO"
"1.5.1","lang/java/ipc/src/main/java/org/apache/avro/ipc/Transceiver.java",23,0,0,0,0,0,0,0.000000,0,0,0.000000,1094,434,121.555556,757,673.856250,36,0,0,"3",2,"YES"
"1.5.1","lang/java/ipc/src/main/java/org/apache/avro/ipc/Server.java",7,0,0,0,0,0,0,0.000000,0,0,0.000000,1106,434,122.888889,757,707.869159,22,0,0,"0",0,"NO"
"1.5.1","lang/java/ipc/src/main/java/org/apache/avro/ipc/reflect/ReflectRequestor.java",48,0,0,0,0,0,0,0.000000,0,0,0.000000,1280,434,80.000000,757,676.163588,21,0,0,"0",0,"YES"
"1.5.1","lang/java/ipc/src/main/java/org/apache/avro/ipc/reflect/ReflectResponder.java",34,0,0,3,0,0,0,0.000000,0,0,0.000000,1382,434,65.809524,757,682.324226,19,1,1,"1",1,"NO"
"1.5.1","lang/java/ipc/src/main/java/org/apache/avro/ipc/RPCPlugin.java",10,0,0,0,0,0,0,0.000000,0,0,0.000000,793,434,158.600000,644,603.543478,55,0,0,"7",1,"NO"
"1.5.1","lang/java/ipc/src/main/java/org/apache/avro/ipc/NettyServer.java",112,0,0,1,0,0,0,0.000000,0,0,0.000000,367,323,73.400000,309,296.980676,24,1,3,"2",1,"YES"
"1.5.1","lang/java/ipc/src/main/java/org/apache/avro/ipc/stats/Histogram.java",165,0,0,0,0,0,0,0.000000,0,0,0.000000,773,434,193.250000,483,439.592058,70,2,11,"11",6,"NO"
"1.5.1","lang/java/ipc/src/main/java/org/apache/avro/ipc/stats/IntegerHistogram.java",28,0,0,1,0,0,0,0.000000,0,0,0.000000,808,434,115.428571,626,520.982301,22,1,2,"0",0,"NO"
"1.5.1","lang/java/ipc/src/main/java/org/apache/avro/ipc/stats/Stopwatch.java",38,0,0,0,0,0,0,0.000000,0,0,0.000000,769,434,256.333333,483,483.000000,28,2,4,"4",2,"NO"
"1.5.1","lang/java/ipc/src/main/java/org/apache/avro/ipc/stats/StatsServer.java",20,0,0,0,0,0,0,0.000000,0,0,0.000000,341,323,170.500000,282,282.000000,28,0,0,"1",1,"NO"
"1.5.1","lang/java/ipc/src/main/java/org/apache/avro/ipc/stats/StatsPlugin.java",161,0,0,0,0,0,0,0.000000,0,0,0.000000,801,434,133.500000,483,333.431102,41,1,8,"1",1,"NO"
"1.5.1","lang/java/ipc/src/main/java/org/apache/avro/ipc/stats/FloatHistogram.java",27,0,0,1,0,0,0,0.000000,0,0,0.000000,804,434,134.000000,626,557.281250,22,1,2,"0",0,"NO"
"1.5.1","lang/java/ipc/src/main/java/org/apache/avro/ipc/stats/StaticServlet.java",19,0,0,0,0,0,0,0.000000,0,0,0.000000,366,323,122.000000,282,271.826087,22,1,2,"0",0,"NO"
"1.5.1","lang/java/ipc/src/main/java/org/apache/avro/ipc/stats/StatsServlet.java",194,0,0,0,0,0,0,0.000000,0,0,0.000000,801,434,133.500000,483,310.728235,42,1,7,"21",5,"NO"
"1.5.1","lang/java/ipc/src/main/java/org/apache/avro/ipc/DatagramServer.java",45,0,0,0,0,0,0,0.000000,0,0,0.000000,1138,434,103.454545,757,722.752049,19,2,3,"1",1,"NO"
"1.5.1","lang/java/ipc/src/main/java/org/apache/avro/ipc/DatagramTransceiver.java",54,0,0,0,0,0,0,0.000000,0,0,0.000000,779,434,194.750000,590,585.379310,22,2,3,"2",1,"NO"
"1.5.1","lang/java/ipc/src/main/java/org/apache/avro/ipc/NettyTransceiver.java",195,0,0,0,0,0,0,0.000000,0,0,0.000000,343,323,85.750000,309,300.664234,36,1,7,"6",4,"YES"
"1.5.1","lang/java/ipc/src/main/java/org/apache/avro/ipc/HttpServer.java",66,0,0,2,0,0,0,0.000000,0,0,0.000000,795,434,132.500000,583,416.587912,28,1,3,"0",0,"NO"
"1.5.1","lang/java/ipc/src/main/java/org/apache/avro/ipc/LocalTransceiver.java",27,0,0,0,0,0,0,0.000000,0,0,0.000000,1074,434,119.333333,757,690.198795,18,0,0,"0",0,"NO"
"1.5.1","lang/java/ipc/src/main/java/org/apache/avro/ipc/Responder.java",183,0,0,6,0,0,0,0.000000,0,0,0.000000,1502,434,45.515152,757,620.478819,43,2,20,"11",3,"NO"
"1.5.1","lang/java/ipc/src/main/java/org/apache/avro/ipc/generic/GenericResponder.java",40,0,0,2,0,0,0,0.000000,0,0,0.000000,1195,434,99.583333,757,663.415929,18,1,1,"1",1,"NO"
"1.5.1","lang/java/ipc/src/main/java/org/apache/avro/ipc/generic/GenericRequestor.java",48,0,0,2,0,0,0,0.000000,0,0,0.000000,1275,434,85.000000,757,684.260331,19,2,4,"5",2,"YES"
"1.5.1","lang/java/ipc/src/main/java/org/apache/avro/ipc/HttpTransceiver.java",79,0,0,0,0,0,0,0.000000,0,0,0.000000,830,434,92.222222,583,531.493827,22,3,6,"1",1,"NO"
"1.5.1","lang/java/ipc/src/main/java/org/apache/avro/ipc/SocketServer.java",100,0,0,1,0,0,0,0.000000,0,0,0.000000,1254,434,73.764706,757,665.489919,23,2,8,"9",6,"YES"
"1.5.1","lang/java/ipc/src/main/java/org/apache/avro/ipc/ResponderServlet.java",30,0,0,0,0,0,0,0.000000,0,0,0.000000,767,434,191.750000,583,579.700000,18,1,1,"0",0,"NO"
"1.5.1","lang/java/ipc/src/main/java/org/apache/avro/ipc/trace/TraceNode.java",65,0,0,0,0,0,0,0.000000,0,0,0.000000,365,323,121.666667,274,267.058824,58,2,2,"0",0,"NO"
"1.5.1","lang/java/ipc/src/main/java/org/apache/avro/ipc/trace/InMemorySpanStorage.java",45,0,0,0,0,0,0,0.000000,0,0,0.000000,351,323,117.000000,274,272.800000,24,2,4,"1",1,"NO"
"1.5.1","lang/java/ipc/src/main/java/org/apache/avro/ipc/trace/FileSpanStorage.java",212,0,0,0,0,0,0,0.000000,0,0,0.000000,334,323,167.000000,266,266.000000,105,3,23,"18",7,"NO"
"1.5.1","lang/java/ipc/src/main/java/org/apache/avro/ipc/trace/Trace.java",126,0,0,0,0,0,0,0.000000,0,0,0.000000,393,323,98.250000,274,273.636364,100,5,20,"9",3,"NO"
"1.5.1","lang/java/ipc/src/main/java/org/apache/avro/ipc/trace/TraceCollection.java",198,0,0,0,0,0,0,0.000000,0,0,0.000000,357,323,119.000000,256,255.157303,77,3,14,"8",5,"NO"
"1.5.1","lang/java/ipc/src/main/java/org/apache/avro/ipc/trace/TraceClientServlet.java",191,0,0,0,0,0,0,0.000000,0,0,0.000000,438,323,109.500000,274,256.352113,41,3,20,"11",6,"NO"
"1.5.1","lang/java/ipc/src/main/java/org/apache/avro/ipc/trace/SpanStorage.java",11,0,0,1,0,0,0,0.000000,0,0,0.000000,1118,434,101.636364,757,595.628743,39,0,0,"0",0,"NO"
"1.5.1","lang/java/ipc/src/main/java/org/apache/avro/ipc/trace/TracePlugin.java",268,0,0,0,0,0,0,0.000000,0,0,0.000000,495,323,61.875000,274,267.103837,77,3,27,"11",7,"NO"
"1.5.1","lang/java/ipc/src/main/java/org/apache/avro/ipc/trace/StaticServlet.java",22,0,0,0,0,0,0,0.000000,0,0,0.000000,348,323,174.000000,256,256.000000,22,1,3,"0",0,"NO"
"1.5.1","lang/java/ipc/src/main/java/org/apache/avro/ipc/trace/TracePluginConfiguration.java",44,0,0,0,0,0,0,0.000000,0,0,0.000000,384,323,76.800000,274,266.296296,36,1,1,"3",3,"NO"
"1.5.1","lang/java/ipc/src/main/java/org/apache/avro/ipc/trace/Util.java",139,0,0,0,0,0,0,0.000000,0,0,0.000000,385,323,77.000000,274,268.696000,61,4,24,"10",6,"NO"
"1.5.1","lang/java/ipc/src/main/java/org/apache/avro/ipc/trace/SpanAggregator.java",107,0,0,1,0,0,0,0.000000,0,0,0.000000,372,323,93.000000,274,268.957447,55,6,15,"6",3,"NO"
"1.5.1","lang/java/ipc/src/main/java/org/apache/avro/ipc/SaslSocketServer.java",68,0,0,0,0,0,0,0.000000,0,0,0.000000,331,323,165.500000,231,231.000000,22,1,1,"15",6,"NO"
"1.5.1","lang/java/ipc/src/main/java/org/apache/avro/ipc/Ipc.java",26,0,0,0,0,0,0,0.000000,0,0,0.000000,329,323,164.500000,148,148.000000,22,2,4,"7",2,"NO"
"1.5.1","lang/java/ipc/src/main/java/org/apache/avro/ipc/Requestor.java",209,0,0,4,0,0,0,0.000000,0,0,0.000000,1508,434,48.645161,757,612.064171,46,2,23,"11",1,"YES"
"1.5.1","lang/java/tools/src/main/java/org/apache/avro/tool/DataFileGetSchemaTool.java",30,0,0,0,0,0,0,0.000000,0,0,0.000000,1084,434,90.333333,757,614.363636,18,1,1,"0",0,"NO"
"1.5.1","lang/java/tools/src/main/java/org/apache/avro/tool/ToTextTool.java",56,12,2,0,1,6,3,3.000000,0,0,0.000000,403,323,100.750000,322,284.320000,18,1,3,"0",0,"NO"
"1.5.1","lang/java/tools/src/main/java/org/apache/avro/tool/TetherTool.java",66,0,0,1,0,0,0,0.000000,0,0,0.000000,18,12,9.000000,112,108.778947,17,1,3,"2",1,"NO"
"1.5.1","lang/java/tools/src/main/java/org/apache/avro/tool/DataFileWriteTool.java",107,0,0,0,0,0,0,0.000000,0,0,0.000000,840,434,120.000000,492,395.656805,18,2,8,"3",3,"NO"
"1.5.1","lang/java/tools/src/main/java/org/apache/avro/tool/Tool.java",9,0,0,0,0,0,0,0.000000,0,0,0.000000,1153,434,88.692308,757,664.064000,38,0,0,"0",0,"NO"
"1.5.1","lang/java/tools/src/main/java/org/apache/avro/tool/DataFileReadTool.java",49,0,0,0,0,0,0,0.000000,0,0,0.000000,844,434,120.571429,492,440.947368,21,1,2,"0",0,"NO"
"1.5.1","lang/java/tools/src/main/java/org/apache/avro/tool/JsonToBinaryFragmentTool.java",56,0,0,1,0,0,0,0.000000,0,0,0.000000,856,434,142.666667,492,429.263736,18,1,3,"2",2,"NO"
"1.5.1","lang/java/tools/src/main/java/org/apache/avro/tool/RpcSendTool.java",85,0,0,0,0,0,0,0.000000,0,0,0.000000,904,434,129.142857,491,439.130952,20,2,4,"0",0,"NO"
"1.5.1","lang/java/tools/src/main/java/org/apache/avro/tool/RpcReceiveTool.java",139,0,0,0,0,0,0,0.000000,0,0,0.000000,927,434,115.875000,491,451.397196,23,2,9,"2",2,"NO"
"1.5.1","lang/java/tools/src/main/java/org/apache/avro/tool/BinaryFragmentToJsonTool.java",62,0,0,0,0,0,0,0.000000,0,0,0.000000,877,434,146.166667,492,462.663158,18,1,3,"2",2,"YES"
"1.5.1","lang/java/tools/src/main/java/org/apache/avro/tool/Main.java",63,0,0,1,0,0,0,0.000000,0,0,0.000000,984,434,57.882353,556,491.887324,24,2,6,"1",1,"NO"
"1.5.1","lang/java/tools/src/main/java/org/apache/avro/tool/SpecificCompilerTool.java",37,0,0,0,0,0,0,0.000000,0,0,0.000000,85,73,42.500000,98,96.937500,21,2,3,"0",0,"NO"
"1.5.1","lang/java/tools/src/main/java/org/apache/avro/tool/FromTextTool.java",62,118,2,0,1,59,45,29.500000,62,31,31.000000,878,434,109.750000,492,263.280757,22,1,3,"1",1,"NO"
"1.5.1","lang/java/tools/src/main/java/org/apache/avro/tool/RecodecTool.java",86,0,0,0,0,0,0,0.000000,0,0,0.000000,328,323,164.000000,165,165.000000,18,2,8,"6",3,"NO"
"1.5.1","lang/java/tools/src/main/java/org/apache/avro/tool/InduceSchemaTool.java",49,0,0,0,0,0,0,0.000000,0,0,0.000000,857,434,107.125000,532,509.357143,20,3,5,"1",1,"NO"
"1.5.1","lang/java/tools/src/main/java/org/apache/avro/tool/Util.java",78,0,0,0,0,0,0,0.000000,0,0,0.000000,1153,434,88.692308,757,532.518018,35,3,6,"6",3,"NO"
"1.5.1","lang/java/tools/src/main/java/org/apache/avro/tool/IdlTool.java",47,0,0,0,0,0,0,0.000000,0,0,0.000000,890,434,127.142857,491,437.654206,21,1,3,"4",3,"NO"
"1.5.1","lang/java/compiler/src/main/java/org/apache/avro/compiler/specific/SchemaTask.java",9,0,0,0,0,0,0,0.000000,0,0,0.000000,1146,434,127.333333,757,728.500000,18,0,0,"0",0,"NO"
"1.5.1","lang/java/compiler/src/main/java/org/apache/avro/compiler/specific/SpecificCompiler.java",338,0,0,6,0,0,0,0.000000,0,0,0.000000,1500,434,34.883721,757,551.202858,56,4,71,"8",2,"NO"
"1.5.1","lang/java/compiler/src/main/java/org/apache/avro/compiler/specific/ProtocolTask.java",47,0,0,0,0,0,0,0.000000,0,0,0.000000,1146,434,127.333333,757,732.198777,22,2,6,"7",5,"NO"
"1.5.1","lang/java/maven-plugin/src/main/java/org/apache/avro/mojo/ProtocolMojo.java",21,4,2,0,1,2,1,1.000000,0,0,0.000000,460,323,115.000000,142,133.083333,37,0,0,"0",0,"NO"
"1.5.1","lang/java/maven-plugin/src/main/java/org/apache/avro/mojo/AbstractAvroMojo.java",69,0,0,0,0,0,0,0.000000,0,0,0.000000,323,323,323.000000,142,142.000000,57,2,7,"0",0,"NO"
"1.5.1","lang/java/maven-plugin/src/main/java/org/apache/avro/mojo/SchemaMojo.java",21,4,2,0,1,2,1,1.000000,0,0,0.000000,460,323,115.000000,142,133.083333,37,0,0,"0",0,"NO"
"1.5.1","lang/java/maven-plugin/src/main/java/org/apache/avro/mojo/IDLProtocolMojo.java",32,4,2,0,1,2,1,1.000000,0,0,0.000000,460,323,115.000000,142,132.704545,37,1,1,"0",0,"NO"
"1.5.2","lang/java/mapred/src/main/java/org/apache/avro/mapred/AvroAsTextRecordReader.java",66,0,0,1,0,0,0,0.000000,0,0,0.000000,411,323,58.714286,498,337.777174,18,2,4,"0",0,"NO"
"1.5.2","lang/java/mapred/src/main/java/org/apache/avro/mapred/AvroReducer.java",27,0,0,0,0,0,0,0.000000,0,0,0.000000,393,323,98.250000,498,400.328859,29,1,2,"2",2,"NO"
"1.5.2","lang/java/mapred/src/main/java/org/apache/avro/mapred/AvroTextOutputFormat.java",94,134,1,0,1,134,134,134.000000,134,134,134.000000,6,6,6.000000,74,74.000000,19,3,6,"0",0,"NO"
"1.5.2","lang/java/mapred/src/main/java/org/apache/avro/mapred/SequenceFileInputFormat.java",19,0,0,0,0,0,0,0.000000,0,0,0.000000,351,323,117.000000,498,445.839506,18,0,0,"0",0,"NO"
"1.5.2","lang/java/mapred/src/main/java/org/apache/avro/mapred/SequenceFileReader.java",193,0,0,0,0,0,0,0.000000,0,0,0.000000,333,323,166.500000,329,329.000000,22,1,9,"22",6,"NO"
"1.5.2","lang/java/mapred/src/main/java/org/apache/avro/mapred/AvroValue.java",5,0,0,0,0,0,0,0.000000,0,0,0.000000,1108,434,123.111111,855,772.777778,20,0,0,"0",0,"NO"
"1.5.2","lang/java/mapred/src/main/java/org/apache/avro/mapred/AvroKey.java",5,0,0,0,0,0,0,0.000000,0,0,0.000000,1108,434,123.111111,855,772.777778,20,0,0,"0",0,"NO"
"1.5.2","lang/java/mapred/src/main/java/org/apache/avro/mapred/AvroOutputFormat.java",78,38,1,1,1,22,22,22.000000,6,6,6.000000,452,323,50.222222,498,351.957447,25,2,6,"2",1,"NO"
"1.5.2","lang/java/mapred/src/main/java/org/apache/avro/mapred/AvroRecordReader.java",54,0,0,1,0,0,0,0.000000,0,0,0.000000,406,323,67.666667,498,443.547619,19,1,3,"1",1,"NO"
"1.5.2","lang/java/mapred/src/main/java/org/apache/avro/mapred/AvroSerialization.java",91,0,0,1,0,0,0,0.000000,0,0,0.000000,509,323,72.714286,498,439.839130,29,2,7,"1",1,"NO"
"1.5.2","lang/java/mapred/src/main/java/org/apache/avro/mapred/AvroCollector.java",6,0,0,0,0,0,0,0.000000,0,0,0.000000,1104,434,138.000000,855,778.833333,18,0,0,"0",0,"NO"
"1.5.2","lang/java/mapred/src/main/java/org/apache/avro/mapred/HadoopMapper.java",57,0,0,0,0,0,0,0.000000,0,0,0.000000,375,323,125.000000,387,357.645161,21,1,2,"5",2,"NO"
"1.5.2","lang/java/mapred/src/main/java/org/apache/avro/mapred/FsInput.java",30,0,0,0,0,0,0,0.000000,0,0,0.000000,341,323,170.500000,498,498.000000,19,0,0,"1",1,"NO"
"1.5.2","lang/java/mapred/src/main/java/org/apache/avro/mapred/AvroKeyComparator.java",23,0,0,1,0,0,0,0.000000,0,0,0.000000,431,323,71.833333,498,453.079545,18,1,1,"1",1,"NO"
"1.5.2","lang/java/mapred/src/main/java/org/apache/avro/mapred/AvroMapper.java",20,0,0,0,0,0,0,0.000000,0,0,0.000000,393,323,98.250000,498,401.244275,27,0,0,"2",1,"NO"
"1.5.2","lang/java/mapred/src/main/java/org/apache/avro/mapred/AvroAsTextInputFormat.java",29,0,0,0,0,0,0,0.000000,0,0,0.000000,346,323,115.333333,498,364.941176,26,2,2,"0",0,"NO"
"1.5.2","lang/java/mapred/src/main/java/org/apache/avro/mapred/AvroUtf8InputFormat.java",75,0,0,0,0,0,0,0.000000,0,0,0.000000,332,323,110.666667,423,411.307692,21,1,1,"0",0,"NO"
"1.5.2","lang/java/mapred/src/main/java/org/apache/avro/mapred/AvroWrapper.java",26,0,0,2,0,0,0,0.000000,0,0,0.000000,875,434,87.500000,724,599.552846,22,2,7,"7",2,"NO"
"1.5.2","lang/java/mapred/src/main/java/org/apache/avro/mapred/HadoopReducerBase.java",41,0,0,0,0,0,0,0.000000,0,0,0.000000,375,323,125.000000,387,366.926471,17,1,1,"8",3,"NO"
"1.5.2","lang/java/mapred/src/main/java/org/apache/avro/mapred/AvroInputFormat.java",30,0,0,0,0,0,0,0.000000,0,0,0.000000,341,323,170.500000,498,498.000000,18,2,2,"2",1,"NO"
"1.5.2","lang/java/mapred/src/main/java/org/apache/avro/mapred/tether/TetherKeySerialization.java",54,0,0,0,0,0,0,0.000000,0,0,0.000000,443,323,110.750000,423,400.050000,18,1,1,"3",2,"NO"
"1.5.2","lang/java/mapred/src/main/java/org/apache/avro/mapred/tether/TetheredProcess.java",89,0,0,0,0,0,0,0.000000,0,0,0.000000,471,323,94.200000,423,414.246377,26,2,7,"6",3,"NO"
"1.5.2","lang/java/mapred/src/main/java/org/apache/avro/mapred/tether/TetherMapRunner.java",55,0,0,0,0,0,0,0.000000,0,0,0.000000,360,323,180.000000,423,423.000000,23,2,5,"4",2,"NO"
"1.5.2","lang/java/mapred/src/main/java/org/apache/avro/mapred/tether/TetherOutputService.java",66,0,0,0,0,0,0,0.000000,0,0,0.000000,388,323,129.333333,423,418.963964,17,1,3,"7",4,"NO"
"1.5.2","lang/java/mapred/src/main/java/org/apache/avro/mapred/tether/TetherRecordReader.java",50,0,0,0,0,0,0,0.000000,0,0,0.000000,378,323,126.000000,498,475.016129,18,1,2,"1",1,"NO"
"1.5.2","lang/java/mapred/src/main/java/org/apache/avro/mapred/tether/TetherReducer.java",53,0,0,0,0,0,0,0.000000,0,0,0.000000,360,323,180.000000,423,423.000000,20,1,6,"3",1,"NO"
"1.5.2","lang/java/mapred/src/main/java/org/apache/avro/mapred/tether/TetherInputFormat.java",31,0,0,0,0,0,0,0.000000,0,0,0.000000,378,323,126.000000,498,483.000000,18,2,2,"2",1,"NO"
"1.5.2","lang/java/mapred/src/main/java/org/apache/avro/mapred/tether/TetherOutputFormat.java",48,0,0,0,0,0,0,0.000000,0,0,0.000000,378,323,126.000000,498,473.192308,19,1,1,"0",0,"NO"
"1.5.2","lang/java/mapred/src/main/java/org/apache/avro/mapred/tether/TetherData.java",12,0,0,0,0,0,0,0.000000,0,0,0.000000,1111,434,111.100000,855,711.680952,23,0,0,"1",1,"NO"
"1.5.2","lang/java/mapred/src/main/java/org/apache/avro/mapred/tether/TetherKeyComparator.java",33,0,0,0,0,0,0,0.000000,0,0,0.000000,383,323,95.750000,498,457.864078,18,1,3,"2",2,"NO"
"1.5.2","lang/java/mapred/src/main/java/org/apache/avro/mapred/tether/TetherJob.java",50,0,0,1,0,0,0,0.000000,0,0,0.000000,403,323,100.750000,423,355.339056,27,1,2,"0",0,"NO"
"1.5.2","lang/java/mapred/src/main/java/org/apache/avro/mapred/tether/TetherPartitioner.java",30,0,0,0,0,0,0,0.000000,0,0,0.000000,361,323,120.333333,423,423.000000,18,1,2,"2",1,"NO"
"1.5.2","lang/java/mapred/src/main/java/org/apache/avro/mapred/HadoopCombiner.java",32,0,0,0,0,0,0,0.000000,0,0,0.000000,360,323,180.000000,387,387.000000,21,0,0,"0",0,"NO"
"1.5.2","lang/java/mapred/src/main/java/org/apache/avro/mapred/HadoopReducer.java",31,0,0,0,0,0,0,0.000000,0,0,0.000000,360,323,180.000000,387,387.000000,19,0,0,"1",1,"NO"
"1.5.2","lang/java/mapred/src/main/java/org/apache/avro/mapred/Pair.java",441,0,0,1,0,0,0,0.000000,0,0,0.000000,399,323,99.750000,387,365.543165,56,2,10,"5",2,"NO"
"1.5.2","lang/java/mapred/src/main/java/org/apache/avro/mapred/SequenceFileRecordReader.java",11,0,0,0,0,0,0,0.000000,0,0,0.000000,1114,434,123.777778,855,720.790323,18,0,0,"0",0,"NO"
"1.5.2","lang/java/mapred/src/main/java/org/apache/avro/mapred/AvroJob.java",115,0,0,1,0,0,0,0.000000,0,0,0.000000,458,323,50.888889,498,397.343023,48,1,6,"5",2,"NO"
"1.5.2","lang/java/avro/src/main/java/org/apache/avro/Protocol.java",320,0,0,2,0,0,0,0.000000,0,0,0.000000,1297,434,54.041667,855,795.253404,71,3,42,"35",4,"YES"
"1.5.2","lang/java/avro/src/main/java/org/apache/avro/specific/SpecificDatumWriter.java",30,0,0,2,0,0,0,0.000000,0,0,0.000000,1205,434,80.333333,855,780.985437,19,1,1,"2",1,"NO"
"1.5.2","lang/java/avro/src/main/java/org/apache/avro/specific/SpecificData.java",160,2,1,7,1,1,1,1.000000,0,0,0.000000,1023,434,44.478261,709,595.719409,28,12,45,"24",8,"NO"
"1.5.2","lang/java/avro/src/main/java/org/apache/avro/specific/SpecificDatumReader.java",65,0,0,3,0,0,0,0.000000,0,0,0.000000,1283,434,58.318182,855,786.097561,30,2,9,"4",2,"NO"
"1.5.2","lang/java/avro/src/main/java/org/apache/avro/specific/FixedSize.java",12,0,0,1,0,0,0,0.000000,0,0,0.000000,1090,434,121.111111,855,831.829060,22,0,0,"0",0,"NO"
"1.5.2","lang/java/avro/src/main/java/org/apache/avro/specific/SpecificRecord.java",4,0,0,1,0,0,0,0.000000,0,0,0.000000,1107,434,123.000000,855,828.519231,19,0,0,"0",0,"NO"
"1.5.2","lang/java/avro/src/main/java/org/apache/avro/specific/SpecificExceptionBase.java",18,0,0,2,0,0,0,0.000000,0,0,0.000000,1167,434,106.090909,855,812.075758,21,1,3,"6",3,"NO"
"1.5.2","lang/java/avro/src/main/java/org/apache/avro/specific/SpecificFixed.java",7,0,0,0,0,0,0,0.000000,0,0,0.000000,1105,434,110.500000,855,833.830189,18,0,0,"0",0,"NO"
"1.5.2","lang/java/avro/src/main/java/org/apache/avro/specific/SpecificRecordBase.java",27,0,0,3,0,0,0,0.000000,0,0,0.000000,877,434,109.625000,801,723.207692,21,1,3,"4",2,"NO"
"1.5.2","lang/java/avro/src/main/java/org/apache/avro/UnresolvedUnionException.java",16,0,0,1,0,0,0,0.000000,0,0,0.000000,800,434,133.333333,724,512.344828,18,0,0,"0",0,"NO"
"1.5.2","lang/java/avro/src/main/java/org/apache/avro/AvroRemoteException.java",15,0,0,0,0,0,0,0.000000,0,0,0.000000,1141,434,142.625000,855,843.000000,18,1,1,"1",1,"YES"
"1.5.2","lang/java/avro/src/main/java/org/apache/avro/Schema.java",1095,21,1,12,1,21,21,21.000000,21,21,21.000000,1486,434,27.518519,855,719.485221,202,9,179,"221",20,"NO"
"1.5.2","lang/java/avro/src/main/java/org/apache/avro/reflect/Nullable.java",10,0,0,2,0,0,0,0.000000,0,0,0.000000,1104,434,100.363636,855,787.780142,21,0,0,"0",0,"NO"
"1.5.2","lang/java/avro/src/main/java/org/apache/avro/reflect/ReflectDatumWriter.java",76,0,0,7,0,0,0,0.000000,0,0,0.000000,1408,434,45.419355,855,735.550538,24,2,7,"10",3,"NO"
"1.5.2","lang/java/avro/src/main/java/org/apache/avro/reflect/Stringable.java",10,0,0,2,0,0,0,0.000000,0,0,0.000000,1099,434,109.900000,855,809.846154,22,0,0,"0",0,"NO"
"1.5.2","lang/java/avro/src/main/java/org/apache/avro/reflect/ReflectDatumReader.java",101,0,0,4,0,0,0,0.000000,0,0,0.000000,1340,434,49.629630,855,745.454039,25,2,11,"10",3,"NO"
"1.5.2","lang/java/avro/src/main/java/org/apache/avro/reflect/ReflectData.java",402,4,1,11,1,4,4,4.000000,4,4,4.000000,1512,434,36.878049,855,703.358860,69,12,88,"53",12,"YES"
"1.5.2","lang/java/avro/src/main/java/org/apache/avro/reflect/Union.java",12,0,0,1,0,0,0,0.000000,0,0,0.000000,1104,434,100.363636,855,794.666667,25,0,0,"0",0,"NO"
"1.5.2","lang/java/avro/src/main/java/org/apache/avro/io/ParsingEncoder.java",36,0,0,0,0,0,0,0.000000,0,0,0.000000,847,434,169.400000,751,740.228571,24,1,3,"1",1,"NO"
"1.5.2","lang/java/avro/src/main/java/org/apache/avro/io/EncoderFactory.java",84,0,0,0,0,0,0,0.000000,0,0,0.000000,92,45,30.666667,168,167.913514,234,1,7,"5",2,"NO"
"1.5.2","lang/java/avro/src/main/java/org/apache/avro/io/Decoder.java",30,0,0,0,0,0,0,0.000000,0,0,0.000000,1251,434,78.187500,855,796.765612,219,0,0,"0",0,"NO"
"1.5.2","lang/java/avro/src/main/java/org/apache/avro/io/parsing/ResolvingGrammarGenerator.java",363,0,0,5,0,0,0,0.000000,0,0,0.000000,1015,434,50.750000,751,637.474295,84,5,92,"34",8,"NO"
"1.5.2","lang/java/avro/src/main/java/org/apache/avro/io/parsing/ValidatingGrammarGenerator.java",82,0,0,1,0,0,0,0.000000,0,0,0.000000,934,434,93.400000,751,721.539877,43,4,18,"6",5,"NO"
"1.5.2","lang/java/avro/src/main/java/org/apache/avro/io/parsing/SkipParser.java",44,0,0,1,0,0,0,0.000000,0,0,0.000000,898,434,99.777778,751,719.891667,43,3,3,"2",2,"NO"
"1.5.2","lang/java/avro/src/main/java/org/apache/avro/io/parsing/Symbol.java",359,0,0,3,0,0,0,0.000000,0,0,0.000000,927,434,61.800000,751,676.864823,123,3,16,"14",4,"NO"
"1.5.2","lang/java/avro/src/main/java/org/apache/avro/io/parsing/JsonGrammarGenerator.java",58,0,0,2,0,0,0,0.000000,0,0,0.000000,912,434,101.333333,751,715.738462,35,4,16,"4",1,"NO"
"1.5.2","lang/java/avro/src/main/java/org/apache/avro/io/parsing/Parser.java",98,0,0,2,0,0,0,0.000000,0,0,0.000000,905,434,90.500000,751,648.761658,79,4,13,"3",1,"NO"
"1.5.2","lang/java/avro/src/main/java/org/apache/avro/io/DirectBinaryDecoder.java",154,0,0,1,0,0,0,0.000000,0,0,0.000000,1012,434,84.333333,780,664.875874,27,3,15,"0",0,"NO"
"1.5.2","lang/java/avro/src/main/java/org/apache/avro/io/JsonEncoder.java",207,0,0,3,0,0,0,0.000000,0,0,0.000000,1003,434,71.642857,751,607.366577,56,3,16,"2",1,"NO"
"1.5.2","lang/java/avro/src/main/java/org/apache/avro/io/ValidatingEncoder.java",152,0,0,2,0,0,0,0.000000,0,0,0.000000,1005,434,77.307692,778,692.879167,35,1,2,"0",0,"NO"
"1.5.2","lang/java/avro/src/main/java/org/apache/avro/io/ValidatingDecoder.java",188,0,0,1,0,0,0,0.000000,0,0,0.000000,966,434,74.307692,778,729.826087,29,2,11,"0",0,"NO"
"1.5.2","lang/java/avro/src/main/java/org/apache/avro/io/DatumReader.java",7,0,0,0,0,0,0,0.000000,0,0,0.000000,1030,434,128.750000,855,843.793651,24,0,0,"0",0,"NO"
"1.5.2","lang/java/avro/src/main/java/org/apache/avro/io/DatumWriter.java",7,0,0,0,0,0,0,0.000000,0,0,0.000000,1091,434,136.375000,855,850.172414,23,0,0,"0",0,"NO"
"1.5.2","lang/java/avro/src/main/java/org/apache/avro/io/BlockingBinaryEncoder.java",363,0,0,2,0,0,0,0.000000,0,0,0.000000,987,434,89.727273,798,626.670330,134,4,35,"16",4,"NO"
"1.5.2","lang/java/avro/src/main/java/org/apache/avro/io/ParsingDecoder.java",49,0,0,0,0,0,0,0.000000,0,0,0.000000,883,434,176.600000,751,721.405063,19,12,13,"0",0,"NO"
"1.5.2","lang/java/avro/src/main/java/org/apache/avro/io/DirectBinaryEncoder.java",75,0,0,0,0,0,0,0.000000,0,0,0.000000,45,45,45.000000,168,168.000000,45,2,6,"1",1,"NO"
"1.5.2","lang/java/avro/src/main/java/org/apache/avro/io/BinaryDecoder.java",647,0,0,0,0,0,0,0.000000,0,0,0.000000,938,434,85.272727,780,559.082877,247,6,63,"50",9,"NO"
"1.5.2","lang/java/avro/src/main/java/org/apache/avro/io/BinaryData.java",346,0,0,0,0,0,0,0.000000,0,0,0.000000,961,434,87.363636,711,536.276471,68,9,80,"48",7,"NO"
"1.5.2","lang/java/avro/src/main/java/org/apache/avro/io/BinaryEncoder.java",68,0,0,1,0,0,0,0.000000,0,0,0.000000,1230,434,94.615385,855,673.968386,36,1,3,"4",1,"NO"
"1.5.2","lang/java/avro/src/main/java/org/apache/avro/io/Encoder.java",40,0,0,0,0,0,0,0.000000,0,0,0.000000,1166,434,89.692308,855,791.177984,220,1,1,"2",1,"NO"
"1.5.2","lang/java/avro/src/main/java/org/apache/avro/io/ResolvingDecoder.java",144,0,0,3,0,0,0,0.000000,0,0,0.000000,1010,434,56.111111,778,666.080775,106,6,25,"0",0,"NO"
"1.5.2","lang/java/avro/src/main/java/org/apache/avro/io/BufferedBinaryEncoder.java",126,0,0,0,0,0,0,0.000000,0,0,0.000000,83,45,41.500000,168,168.000000,60,3,11,"4",4,"NO"
"1.5.2","lang/java/avro/src/main/java/org/apache/avro/io/DecoderFactory.java",94,0,0,0,0,0,0,0.000000,0,0,0.000000,439,323,87.800000,539,336.046875,200,1,6,"4",3,"NO"
"1.5.2","lang/java/avro/src/main/java/org/apache/avro/io/JsonDecoder.java",375,0,0,2,0,0,0,0.000000,0,0,0.000000,987,434,70.500000,751,641.047619,47,5,42,"3",2,"NO"
"1.5.2","lang/java/avro/src/main/java/org/apache/avro/SchemaParseException.java",5,0,0,0,0,0,0,0.000000,0,0,0.000000,1046,434,149.428571,855,851.040541,18,0,0,"0",0,"NO"
"1.5.2","lang/java/avro/src/main/java/org/apache/avro/generic/GenericRecord.java",5,0,0,1,0,0,0,0.000000,0,0,0.000000,1089,434,121.000000,855,787.658120,21,0,0,"0",0,"NO"
"1.5.2","lang/java/avro/src/main/java/org/apache/avro/generic/GenericData.java",552,0,0,9,0,0,0,0.000000,0,0,0.000000,1453,434,36.325000,855,688.061959,73,12,140,"82",11,"YES"
"1.5.2","lang/java/avro/src/main/java/org/apache/avro/generic/GenericEnumSymbol.java",4,0,0,0,0,0,0,0.000000,0,0,0.000000,1111,434,123.444444,855,799.333333,19,0,0,"1",1,"NO"
"1.5.2","lang/java/avro/src/main/java/org/apache/avro/generic/GenericContainer.java",5,0,0,0,0,0,0,0.000000,0,0,0.000000,1067,434,152.428571,855,842.032258,19,0,0,"0",0,"NO"
"1.5.2","lang/java/avro/src/main/java/org/apache/avro/generic/GenericFixed.java",4,0,0,0,0,0,0,0.000000,0,0,0.000000,1083,434,135.375000,855,833.920000,19,0,0,"0",0,"NO"
"1.5.2","lang/java/avro/src/main/java/org/apache/avro/generic/GenericDatumReader.java",274,0,0,6,0,0,0,0.000000,0,0,0.000000,1505,434,34.204545,855,739.462732,84,4,54,"10",4,"NO"
"1.5.2","lang/java/avro/src/main/java/org/apache/avro/generic/GenericDatumWriter.java",136,0,0,4,0,0,0,0.000000,0,0,0.000000,1305,434,50.192308,855,772.229773,45,2,20,"0",0,"YES"
"1.5.2","lang/java/avro/src/main/java/org/apache/avro/generic/GenericArray.java",6,0,0,0,0,0,0,0.000000,0,0,0.000000,1108,434,110.800000,855,785.233083,22,0,0,"0",0,"NO"
"1.5.2","lang/java/avro/src/main/java/org/apache/avro/generic/IndexedRecord.java",5,0,0,1,0,0,0,0.000000,0,0,0.000000,1126,434,112.600000,855,763.677419,24,0,0,"0",0,"NO"
"1.5.2","lang/java/avro/src/main/java/org/apache/avro/file/DataFileWriter.java",275,38,1,6,1,35,35,35.000000,32,32,32.000000,1295,434,47.962963,855,676.389115,94,2,19,"5",2,"NO"
"1.5.2","lang/java/avro/src/main/java/org/apache/avro/file/SnappyCodec.java",50,51,1,1,1,21,21,21.000000,9,9,9.000000,32,15,10.666667,128,89.063694,18,1,3,"0",0,"NO"
"1.5.2","lang/java/avro/src/main/java/org/apache/avro/file/DataFileStream.java",261,2,1,2,1,1,1,1.000000,0,0,0.000000,969,434,60.562500,589,481.127698,71,3,27,"10",3,"NO"
"1.5.2","lang/java/avro/src/main/java/org/apache/avro/file/NullCodec.java",35,0,0,0,0,0,0,0.000000,0,0,0.000000,1141,434,81.500000,855,699.175373,19,1,1,"3",3,"NO"
"1.5.2","lang/java/avro/src/main/java/org/apache/avro/file/SeekableFileInput.java",13,0,0,0,0,0,0,0.000000,0,0,0.000000,1047,434,149.571429,855,845.543689,18,0,0,"0",0,"NO"
"1.5.2","lang/java/avro/src/main/java/org/apache/avro/file/Codec.java",16,0,0,0,0,0,0,0.000000,0,0,0.000000,1106,434,100.545455,855,726.494253,32,0,0,"0",0,"NO"
"1.5.2","lang/java/avro/src/main/java/org/apache/avro/file/DeflateCodec.java",97,0,0,1,0,0,0,0.000000,0,0,0.000000,395,323,56.428571,567,494.147335,31,1,6,"5",3,"NO"
"1.5.2","lang/java/avro/src/main/java/org/apache/avro/file/CodecFactory.java",40,0,0,0,0,0,0,0.000000,0,0,0.000000,359,323,89.750000,567,532.829268,29,1,1,"2",1,"NO"
"1.5.2","lang/java/avro/src/main/java/org/apache/avro/file/FileReader.java",12,0,0,0,0,0,0,0.000000,0,0,0.000000,333,323,166.500000,329,329.000000,29,0,0,"0",0,"NO"
"1.5.2","lang/java/avro/src/main/java/org/apache/avro/file/DataFileReader.java",169,0,0,2,0,0,0,0.000000,0,0,0.000000,1258,434,59.904762,855,712.648246,50,3,14,"15",8,"NO"
"1.5.2","lang/java/avro/src/main/java/org/apache/avro/file/DataFileConstants.java",16,0,0,1,0,0,0,0.000000,0,0,0.000000,1087,434,90.583333,855,768.825503,21,0,0,"1",1,"NO"
"1.5.2","lang/java/avro/src/main/java/org/apache/avro/file/LengthLimitedInputStream.java",53,0,0,0,0,0,0,0.000000,0,0,0.000000,339,323,169.500000,567,567.000000,22,2,5,"0",0,"NO"
"1.5.2","lang/java/avro/src/main/java/org/apache/avro/file/SeekableInput.java",9,0,0,1,0,0,0,0.000000,0,0,0.000000,1055,434,131.875000,855,827.180328,22,0,0,"0",0,"NO"
"1.5.2","lang/java/avro/src/main/java/org/apache/avro/file/DataFileReader12.java",168,0,0,0,0,0,0,0.000000,0,0,0.000000,368,323,122.666667,246,243.275109,40,3,19,"10",5,"NO"
"1.5.2","lang/java/avro/src/main/java/org/apache/avro/util/Utf8.java",81,0,0,1,0,0,0,0.000000,0,0,0.000000,1200,434,92.307692,855,707.929379,32,2,10,"9",3,"NO"
"1.5.2","lang/java/avro/src/main/java/org/apache/avro/util/WeakIdentityHashMap.java",119,0,0,0,0,0,0,0.000000,0,0,0.000000,328,323,164.000000,367,367.000000,33,1,5,"21",4,"NO"
"1.5.2","lang/java/avro/src/main/java/org/apache/avro/util/ByteBufferInputStream.java",52,0,0,0,0,0,0,0.000000,0,0,0.000000,1141,434,114.100000,855,843.162264,30,2,7,"4",1,"YES"
"1.5.2","lang/java/avro/src/main/java/org/apache/avro/util/ByteBufferOutputStream.java",70,0,0,0,0,0,0,0.000000,0,0,0.000000,1179,434,117.900000,855,797.155340,25,1,6,"1",1,"NO"
"1.5.2","lang/java/avro/src/main/java/org/apache/avro/AvroRuntimeException.java",8,0,0,0,0,0,0,0.000000,0,0,0.000000,1055,434,131.875000,855,842.233766,18,0,0,"0",0,"NO"
"1.5.2","lang/java/avro/src/main/java/org/apache/avro/AvroTypeException.java",7,0,0,0,0,0,0,0.000000,0,0,0.000000,1077,434,134.625000,855,844.230769,18,0,0,"0",0,"NO"
"1.5.2","lang/java/ipc/src/main/java/org/apache/avro/ipc/RPCContext.java",95,0,0,3,0,0,0,0.000000,0,0,0.000000,851,434,85.100000,742,561.255385,91,1,4,"3",2,"NO"
"1.5.2","lang/java/ipc/src/main/java/org/apache/avro/ipc/NettyTransportCodec.java",111,0,0,0,0,0,0,0.000000,0,0,0.000000,338,323,112.666667,407,401.491803,46,2,7,"6",3,"NO"
"1.5.2","lang/java/ipc/src/main/java/org/apache/avro/ipc/SaslSocketTransceiver.java",324,0,0,1,0,0,0,0.000000,0,0,0.000000,407,323,101.750000,329,318.687042,36,4,41,"48",11,"NO"
"1.5.2","lang/java/ipc/src/main/java/org/apache/avro/ipc/specific/SpecificResponder.java",68,0,0,4,0,0,0,0.000000,0,0,0.000000,1311,434,69.000000,855,668.468647,18,1,4,"2",2,"YES"
"1.5.2","lang/java/ipc/src/main/java/org/apache/avro/ipc/specific/SpecificRequestor.java",112,78,3,5,1,59,31,19.666667,40,18,13.333333,1342,434,58.347826,855,596.734177,28,3,7,"3",2,"YES"
"1.5.2","lang/java/ipc/src/main/java/org/apache/avro/ipc/SocketTransceiver.java",80,0,0,1,0,0,0,0.000000,0,0,0.000000,1132,434,80.857143,855,795.413580,25,3,10,"6",2,"NO"
"1.5.2","lang/java/ipc/src/main/java/org/apache/avro/ipc/Transceiver.java",47,45,2,1,1,41,40,20.500000,37,37,18.500000,1117,434,101.545455,855,614.580488,46,1,2,"3",2,"NO"
"1.5.2","lang/java/ipc/src/main/java/org/apache/avro/ipc/Server.java",7,0,0,0,0,0,0,0.000000,0,0,0.000000,1106,434,122.888889,855,805.869159,22,0,0,"0",0,"NO"
"1.5.2","lang/java/ipc/src/main/java/org/apache/avro/ipc/reflect/ReflectRequestor.java",48,4,1,1,1,2,2,2.000000,0,0,0.000000,1288,434,75.764706,855,766.819843,21,0,0,"0",0,"NO"
"1.5.2","lang/java/ipc/src/main/java/org/apache/avro/ipc/reflect/ReflectResponder.java",34,0,0,3,0,0,0,0.000000,0,0,0.000000,1382,434,65.809524,855,780.324226,19,1,1,"1",1,"NO"
"1.5.2","lang/java/ipc/src/main/java/org/apache/avro/ipc/CallFuture.java",82,162,1,0,1,162,162,162.000000,162,162,162.000000,16,16,16.000000,56,56.000000,64,2,6,"0",0,"NO"
"1.5.2","lang/java/ipc/src/main/java/org/apache/avro/ipc/RPCPlugin.java",10,0,0,0,0,0,0,0.000000,0,0,0.000000,793,434,158.600000,742,701.543478,55,0,0,"7",1,"NO"
"1.5.2","lang/java/ipc/src/main/java/org/apache/avro/ipc/Callback.java",5,30,1,0,1,17,17,17.000000,4,4,4.000000,1122,434,112.200000,855,641.664234,31,0,0,"0",0,"NO"
"1.5.2","lang/java/ipc/src/main/java/org/apache/avro/ipc/NettyServer.java",110,21,1,1,1,10,10,10.000000,1,1,1.000000,383,323,63.833333,407,363.758772,25,1,3,"2",1,"NO"
"1.5.2","lang/java/ipc/src/main/java/org/apache/avro/ipc/stats/Histogram.java",165,0,0,0,0,0,0,0.000000,0,0,0.000000,773,434,193.250000,581,537.592058,70,2,11,"11",6,"NO"
"1.5.2","lang/java/ipc/src/main/java/org/apache/avro/ipc/stats/IntegerHistogram.java",28,0,0,1,0,0,0,0.000000,0,0,0.000000,808,434,115.428571,724,618.982301,22,1,2,"0",0,"NO"
"1.5.2","lang/java/ipc/src/main/java/org/apache/avro/ipc/stats/Stopwatch.java",38,0,0,0,0,0,0,0.000000,0,0,0.000000,769,434,256.333333,581,581.000000,28,2,4,"4",2,"NO"
"1.5.2","lang/java/ipc/src/main/java/org/apache/avro/ipc/stats/StatsServer.java",20,0,0,0,0,0,0,0.000000,0,0,0.000000,341,323,170.500000,380,380.000000,28,0,0,"1",1,"NO"
"1.5.2","lang/java/ipc/src/main/java/org/apache/avro/ipc/stats/StatsPlugin.java",161,0,0,0,0,0,0,0.000000,0,0,0.000000,801,434,133.500000,581,431.431102,41,1,8,"1",1,"NO"
"1.5.2","lang/java/ipc/src/main/java/org/apache/avro/ipc/stats/FloatHistogram.java",27,0,0,1,0,0,0,0.000000,0,0,0.000000,804,434,134.000000,724,655.281250,22,1,2,"0",0,"NO"
"1.5.2","lang/java/ipc/src/main/java/org/apache/avro/ipc/stats/StaticServlet.java",19,0,0,0,0,0,0,0.000000,0,0,0.000000,366,323,122.000000,380,369.826087,22,1,2,"0",0,"NO"
"1.5.2","lang/java/ipc/src/main/java/org/apache/avro/ipc/stats/StatsServlet.java",194,0,0,0,0,0,0,0.000000,0,0,0.000000,801,434,133.500000,581,408.728235,42,1,7,"21",5,"NO"
"1.5.2","lang/java/ipc/src/main/java/org/apache/avro/ipc/DatagramServer.java",45,0,0,0,0,0,0,0.000000,0,0,0.000000,1138,434,103.454545,855,820.752049,19,2,3,"1",1,"NO"
"1.5.2","lang/java/ipc/src/main/java/org/apache/avro/ipc/DatagramTransceiver.java",54,0,0,0,0,0,0,0.000000,0,0,0.000000,779,434,194.750000,688,683.379310,22,2,3,"2",1,"NO"
"1.5.2","lang/java/ipc/src/main/java/org/apache/avro/ipc/NettyTransceiver.java",274,453,2,1,1,293,208,146.500000,133,110,66.500000,366,323,61.000000,407,182.316369,90,2,14,"6",4,"NO"
"1.5.2","lang/java/ipc/src/main/java/org/apache/avro/ipc/HttpServer.java",66,0,0,2,0,0,0,0.000000,0,0,0.000000,795,434,132.500000,681,514.587912,28,1,3,"0",0,"NO"
"1.5.2","lang/java/ipc/src/main/java/org/apache/avro/ipc/LocalTransceiver.java",27,0,0,0,0,0,0,0.000000,0,0,0.000000,1074,434,119.333333,855,788.198795,18,0,0,"0",0,"NO"
"1.5.2","lang/java/ipc/src/main/java/org/apache/avro/ipc/Responder.java",182,17,1,6,1,8,8,8.000000,1,1,1.000000,1518,434,44.647059,855,704.330402,43,2,20,"11",3,"NO"
"1.5.2","lang/java/ipc/src/main/java/org/apache/avro/ipc/generic/GenericResponder.java",40,0,0,2,0,0,0,0.000000,0,0,0.000000,1195,434,99.583333,855,761.415929,18,1,1,"1",1,"NO"
"1.5.2","lang/java/ipc/src/main/java/org/apache/avro/ipc/generic/GenericRequestor.java",63,24,2,3,1,20,15,10.000000,16,15,8.000000,1299,434,76.411765,855,717.240602,19,2,7,"5",2,"YES"
"1.5.2","lang/java/ipc/src/main/java/org/apache/avro/ipc/HttpTransceiver.java",79,0,0,0,0,0,0,0.000000,0,0,0.000000,830,434,92.222222,681,629.493827,22,3,6,"1",1,"NO"
"1.5.2","lang/java/ipc/src/main/java/org/apache/avro/ipc/SocketServer.java",101,1,1,1,1,1,1,1.000000,1,1,1.000000,1256,434,69.777778,855,762.040241,23,2,8,"9",6,"YES"
"1.5.2","lang/java/ipc/src/main/java/org/apache/avro/ipc/ResponderServlet.java",30,0,0,0,0,0,0,0.000000,0,0,0.000000,767,434,191.750000,681,677.700000,18,1,1,"0",0,"NO"
"1.5.2","lang/java/ipc/src/main/java/org/apache/avro/ipc/trace/TraceNode.java",65,0,0,0,0,0,0,0.000000,0,0,0.000000,365,323,121.666667,372,365.058824,58,2,2,"0",0,"NO"
"1.5.2","lang/java/ipc/src/main/java/org/apache/avro/ipc/trace/InMemorySpanStorage.java",45,0,0,0,0,0,0,0.000000,0,0,0.000000,351,323,117.000000,372,370.800000,24,2,4,"1",1,"NO"
"1.5.2","lang/java/ipc/src/main/java/org/apache/avro/ipc/trace/FileSpanStorage.java",212,0,0,0,0,0,0,0.000000,0,0,0.000000,334,323,167.000000,364,364.000000,105,3,23,"18",7,"NO"
"1.5.2","lang/java/ipc/src/main/java/org/apache/avro/ipc/trace/Trace.java",126,0,0,0,0,0,0,0.000000,0,0,0.000000,393,323,98.250000,372,371.636364,100,5,20,"9",3,"NO"
"1.5.2","lang/java/ipc/src/main/java/org/apache/avro/ipc/trace/TraceCollection.java",198,0,0,0,0,0,0,0.000000,0,0,0.000000,357,323,119.000000,354,353.157303,77,3,14,"8",5,"NO"
"1.5.2","lang/java/ipc/src/main/java/org/apache/avro/ipc/trace/TraceClientServlet.java",191,0,0,0,0,0,0,0.000000,0,0,0.000000,438,323,109.500000,372,354.352113,41,3,20,"11",6,"NO"
"1.5.2","lang/java/ipc/src/main/java/org/apache/avro/ipc/trace/SpanStorage.java",11,0,0,1,0,0,0,0.000000,0,0,0.000000,1118,434,101.636364,855,693.628743,39,0,0,"0",0,"NO"
"1.5.2","lang/java/ipc/src/main/java/org/apache/avro/ipc/trace/TracePlugin.java",268,0,0,0,0,0,0,0.000000,0,0,0.000000,495,323,61.875000,372,365.103837,77,3,27,"11",7,"NO"
"1.5.2","lang/java/ipc/src/main/java/org/apache/avro/ipc/trace/StaticServlet.java",22,0,0,0,0,0,0,0.000000,0,0,0.000000,348,323,174.000000,354,354.000000,22,1,3,"0",0,"NO"
"1.5.2","lang/java/ipc/src/main/java/org/apache/avro/ipc/trace/TracePluginConfiguration.java",44,0,0,0,0,0,0,0.000000,0,0,0.000000,384,323,76.800000,372,364.296296,36,1,1,"3",3,"NO"
"1.5.2","lang/java/ipc/src/main/java/org/apache/avro/ipc/trace/Util.java",139,0,0,0,0,0,0,0.000000,0,0,0.000000,385,323,77.000000,372,366.696000,61,4,24,"10",6,"NO"
"1.5.2","lang/java/ipc/src/main/java/org/apache/avro/ipc/trace/SpanAggregator.java",107,0,0,1,0,0,0,0.000000,0,0,0.000000,372,323,93.000000,372,366.957447,55,6,15,"6",3,"NO"
"1.5.2","lang/java/ipc/src/main/java/org/apache/avro/ipc/SaslSocketServer.java",68,0,0,0,0,0,0,0.000000,0,0,0.000000,331,323,165.500000,329,329.000000,22,1,1,"15",6,"NO"
"1.5.2","lang/java/ipc/src/main/java/org/apache/avro/ipc/Ipc.java",26,0,0,0,0,0,0,0.000000,0,0,0.000000,329,323,164.500000,246,246.000000,22,2,4,"7",2,"NO"
"1.5.2","lang/java/ipc/src/main/java/org/apache/avro/ipc/Requestor.java",376,488,3,6,1,378,361,126.000000,268,257,89.333333,1539,434,45.264706,855,451.987055,130,2,38,"11",1,"YES"
"1.5.2","lang/java/tools/src/main/java/org/apache/avro/tool/DataFileGetSchemaTool.java",30,0,0,0,0,0,0,0.000000,0,0,0.000000,1084,434,90.333333,855,712.363636,18,1,1,"0",0,"NO"
"1.5.2","lang/java/tools/src/main/java/org/apache/avro/tool/ToTextTool.java",56,0,0,0,0,0,0,0.000000,0,0,0.000000,344,323,114.666667,420,400.468085,18,1,3,"0",0,"NO"
"1.5.2","lang/java/tools/src/main/java/org/apache/avro/tool/TetherTool.java",66,0,0,1,0,0,0,0.000000,0,0,0.000000,18,12,9.000000,210,206.778947,17,1,3,"2",1,"NO"
"1.5.2","lang/java/tools/src/main/java/org/apache/avro/tool/DataFileWriteTool.java",107,0,0,0,0,0,0,0.000000,0,0,0.000000,840,434,120.000000,590,493.656805,18,2,8,"3",3,"NO"
"1.5.2","lang/java/tools/src/main/java/org/apache/avro/tool/Tool.java",9,0,0,0,0,0,0,0.000000,0,0,0.000000,1153,434,88.692308,855,762.064000,38,0,0,"0",0,"NO"
"1.5.2","lang/java/tools/src/main/java/org/apache/avro/tool/DataFileReadTool.java",49,0,0,0,0,0,0,0.000000,0,0,0.000000,844,434,120.571429,590,538.947368,21,1,2,"0",0,"NO"
"1.5.2","lang/java/tools/src/main/java/org/apache/avro/tool/JsonToBinaryFragmentTool.java",56,0,0,1,0,0,0,0.000000,0,0,0.000000,856,434,142.666667,590,527.263736,18,1,3,"2",2,"NO"
"1.5.2","lang/java/tools/src/main/java/org/apache/avro/tool/RpcSendTool.java",85,0,0,0,0,0,0,0.000000,0,0,0.000000,904,434,129.142857,589,537.130952,20,2,4,"0",0,"NO"
"1.5.2","lang/java/tools/src/main/java/org/apache/avro/tool/RpcReceiveTool.java",139,0,0,0,0,0,0,0.000000,0,0,0.000000,927,434,115.875000,589,549.397196,23,2,9,"2",2,"NO"
"1.5.2","lang/java/tools/src/main/java/org/apache/avro/tool/BinaryFragmentToJsonTool.java",62,0,0,0,0,0,0,0.000000,0,0,0.000000,877,434,146.166667,590,560.663158,18,1,3,"2",2,"YES"
"1.5.2","lang/java/tools/src/main/java/org/apache/avro/tool/Main.java",63,0,0,1,0,0,0,0.000000,0,0,0.000000,984,434,57.882353,654,589.887324,24,2,6,"1",1,"NO"
"1.5.2","lang/java/tools/src/main/java/org/apache/avro/tool/SpecificCompilerTool.java",37,0,0,0,0,0,0,0.000000,0,0,0.000000,85,73,42.500000,196,194.937500,21,2,3,"0",0,"NO"
"1.5.2","lang/java/tools/src/main/java/org/apache/avro/tool/FromTextTool.java",92,0,0,0,0,0,0,0.000000,0,0,0.000000,819,434,117.000000,590,421.488372,25,5,9,"1",1,"NO"
"1.5.2","lang/java/tools/src/main/java/org/apache/avro/tool/RecodecTool.java",86,0,0,0,0,0,0,0.000000,0,0,0.000000,328,323,164.000000,263,263.000000,18,2,8,"6",3,"NO"
"1.5.2","lang/java/tools/src/main/java/org/apache/avro/tool/InduceSchemaTool.java",49,0,0,0,0,0,0,0.000000,0,0,0.000000,857,434,107.125000,630,607.357143,20,3,5,"1",1,"NO"
"1.5.2","lang/java/tools/src/main/java/org/apache/avro/tool/Util.java",78,0,0,0,0,0,0,0.000000,0,0,0.000000,1153,434,88.692308,855,630.518018,35,3,6,"6",3,"NO"
"1.5.2","lang/java/tools/src/main/java/org/apache/avro/tool/IdlTool.java",47,0,0,0,0,0,0,0.000000,0,0,0.000000,890,434,127.142857,589,535.654206,21,1,3,"4",3,"NO"
"1.5.2","lang/java/compiler/src/main/java/org/apache/avro/compiler/specific/SchemaTask.java",9,0,0,0,0,0,0,0.000000,0,0,0.000000,1146,434,127.333333,855,826.500000,18,0,0,"0",0,"NO"
"1.5.2","lang/java/compiler/src/main/java/org/apache/avro/compiler/specific/SpecificCompiler.java",338,0,0,6,0,0,0,0.000000,0,0,0.000000,1500,434,34.883721,855,649.202858,56,4,71,"8",2,"NO"
"1.5.2","lang/java/compiler/src/main/java/org/apache/avro/compiler/specific/ProtocolTask.java",47,0,0,0,0,0,0,0.000000,0,0,0.000000,1146,434,127.333333,855,830.198777,22,2,6,"7",5,"NO"
"1.5.2","lang/java/maven-plugin/src/main/java/org/apache/avro/mojo/ProtocolMojo.java",21,0,0,0,0,0,0,0.000000,0,0,0.000000,401,323,133.666667,240,234.885714,37,0,0,"0",0,"NO"
"1.5.2","lang/java/maven-plugin/src/main/java/org/apache/avro/mojo/AbstractAvroMojo.java",69,0,0,0,0,0,0,0.000000,0,0,0.000000,323,323,323.000000,240,240.000000,57,2,7,"0",0,"NO"
"1.5.2","lang/java/maven-plugin/src/main/java/org/apache/avro/mojo/SchemaMojo.java",21,0,0,0,0,0,0,0.000000,0,0,0.000000,401,323,133.666667,240,234.885714,37,0,0,"0",0,"NO"
"1.5.2","lang/java/maven-plugin/src/main/java/org/apache/avro/mojo/IDLProtocolMojo.java",32,0,0,0,0,0,0,0.000000,0,0,0.000000,401,323,133.666667,240,233.790698,37,1,1,"0",0,"NO"
"1.5.3","lang/java/mapred/src/main/java/org/apache/avro/mapred/AvroAsTextRecordReader.java",66,0,0,1,0,0,0,0.000000,0,0,0.000000,411,323,58.714286,516,355.777174,18,2,4,"1",1,"NO"
"1.5.3","lang/java/mapred/src/main/java/org/apache/avro/mapred/AvroReducer.java",27,0,0,0,0,0,0,0.000000,0,0,0.000000,393,323,98.250000,516,418.328859,29,1,2,"2",2,"NO"
"1.5.3","lang/java/mapred/src/main/java/org/apache/avro/mapred/AvroTextOutputFormat.java",94,0,0,0,0,0,0,0.000000,0,0,0.000000,6,6,6.000000,92,92.000000,19,3,6,"3",2,"NO"
"1.5.3","lang/java/mapred/src/main/java/org/apache/avro/mapred/SequenceFileInputFormat.java",19,0,0,0,0,0,0,0.000000,0,0,0.000000,351,323,117.000000,516,463.839506,18,0,0,"0",0,"NO"
"1.5.3","lang/java/mapred/src/main/java/org/apache/avro/mapred/SequenceFileReader.java",193,0,0,0,0,0,0,0.000000,0,0,0.000000,333,323,166.500000,347,347.000000,22,1,9,"22",6,"NO"
"1.5.3","lang/java/mapred/src/main/java/org/apache/avro/mapred/AvroValue.java",5,0,0,0,0,0,0,0.000000,0,0,0.000000,1108,434,123.111111,873,790.777778,20,0,0,"0",0,"NO"
"1.5.3","lang/java/mapred/src/main/java/org/apache/avro/mapred/AvroKey.java",5,0,0,0,0,0,0,0.000000,0,0,0.000000,1108,434,123.111111,873,790.777778,20,0,0,"0",0,"NO"
"1.5.3","lang/java/mapred/src/main/java/org/apache/avro/mapred/AvroOutputFormat.java",78,0,0,1,0,0,0,0.000000,0,0,0.000000,452,323,50.222222,516,369.957447,25,2,6,"2",1,"NO"
"1.5.3","lang/java/mapred/src/main/java/org/apache/avro/mapred/AvroRecordReader.java",54,0,0,1,0,0,0,0.000000,0,0,0.000000,406,323,67.666667,516,461.547619,19,1,3,"1",1,"NO"
"1.5.3","lang/java/mapred/src/main/java/org/apache/avro/mapred/AvroSerialization.java",91,0,0,1,0,0,0,0.000000,0,0,0.000000,509,323,72.714286,516,457.839130,29,2,7,"1",1,"NO"
"1.5.3","lang/java/mapred/src/main/java/org/apache/avro/mapred/AvroCollector.java",6,0,0,0,0,0,0,0.000000,0,0,0.000000,1104,434,138.000000,873,796.833333,18,0,0,"0",0,"NO"
"1.5.3","lang/java/mapred/src/main/java/org/apache/avro/mapred/HadoopMapper.java",57,0,0,0,0,0,0,0.000000,0,0,0.000000,375,323,125.000000,405,375.645161,21,1,2,"5",2,"NO"
"1.5.3","lang/java/mapred/src/main/java/org/apache/avro/mapred/FsInput.java",30,0,0,0,0,0,0,0.000000,0,0,0.000000,341,323,170.500000,516,516.000000,19,0,0,"1",1,"NO"
"1.5.3","lang/java/mapred/src/main/java/org/apache/avro/mapred/AvroKeyComparator.java",23,0,0,1,0,0,0,0.000000,0,0,0.000000,431,323,71.833333,516,471.079545,18,1,1,"1",1,"NO"
"1.5.3","lang/java/mapred/src/main/java/org/apache/avro/mapred/AvroMapper.java",20,0,0,0,0,0,0,0.000000,0,0,0.000000,393,323,98.250000,516,419.244275,27,0,0,"2",1,"NO"
"1.5.3","lang/java/mapred/src/main/java/org/apache/avro/mapred/AvroAsTextInputFormat.java",29,0,0,0,0,0,0,0.000000,0,0,0.000000,346,323,115.333333,516,382.941176,26,2,2,"2",1,"NO"
"1.5.3","lang/java/mapred/src/main/java/org/apache/avro/mapred/AvroUtf8InputFormat.java",75,0,0,0,0,0,0,0.000000,0,0,0.000000,332,323,110.666667,441,429.307692,21,1,1,"0",0,"NO"
"1.5.3","lang/java/mapred/src/main/java/org/apache/avro/mapred/AvroWrapper.java",26,0,0,2,0,0,0,0.000000,0,0,0.000000,875,434,87.500000,742,617.552846,22,2,7,"7",2,"NO"
"1.5.3","lang/java/mapred/src/main/java/org/apache/avro/mapred/HadoopReducerBase.java",41,0,0,0,0,0,0,0.000000,0,0,0.000000,375,323,125.000000,405,384.926471,17,1,1,"8",3,"NO"
"1.5.3","lang/java/mapred/src/main/java/org/apache/avro/mapred/AvroInputFormat.java",30,0,0,0,0,0,0,0.000000,0,0,0.000000,341,323,170.500000,516,516.000000,18,2,2,"2",1,"NO"
"1.5.3","lang/java/mapred/src/main/java/org/apache/avro/mapred/tether/TetherKeySerialization.java",54,0,0,0,0,0,0,0.000000,0,0,0.000000,443,323,110.750000,441,418.050000,18,1,1,"3",2,"NO"
"1.5.3","lang/java/mapred/src/main/java/org/apache/avro/mapred/tether/TetheredProcess.java",89,0,0,0,0,0,0,0.000000,0,0,0.000000,471,323,94.200000,441,432.246377,26,2,7,"6",3,"YES"
"1.5.3","lang/java/mapred/src/main/java/org/apache/avro/mapred/tether/TetherMapRunner.java",55,0,0,0,0,0,0,0.000000,0,0,0.000000,360,323,180.000000,441,441.000000,23,2,5,"4",2,"NO"
"1.5.3","lang/java/mapred/src/main/java/org/apache/avro/mapred/tether/TetherOutputService.java",66,0,0,0,0,0,0,0.000000,0,0,0.000000,388,323,129.333333,441,436.963964,17,1,3,"7",4,"NO"
"1.5.3","lang/java/mapred/src/main/java/org/apache/avro/mapred/tether/TetherRecordReader.java",50,0,0,0,0,0,0,0.000000,0,0,0.000000,378,323,126.000000,516,493.016129,18,1,2,"1",1,"NO"
"1.5.3","lang/java/mapred/src/main/java/org/apache/avro/mapred/tether/TetherReducer.java",53,0,0,0,0,0,0,0.000000,0,0,0.000000,360,323,180.000000,441,441.000000,20,1,6,"3",1,"NO"
"1.5.3","lang/java/mapred/src/main/java/org/apache/avro/mapred/tether/TetherInputFormat.java",31,0,0,0,0,0,0,0.000000,0,0,0.000000,378,323,126.000000,516,501.000000,18,2,2,"2",1,"NO"
"1.5.3","lang/java/mapred/src/main/java/org/apache/avro/mapred/tether/TetherOutputFormat.java",48,0,0,0,0,0,0,0.000000,0,0,0.000000,378,323,126.000000,516,491.192308,19,1,1,"0",0,"NO"
"1.5.3","lang/java/mapred/src/main/java/org/apache/avro/mapred/tether/TetherData.java",12,0,0,0,0,0,0,0.000000,0,0,0.000000,1111,434,111.100000,873,729.680952,23,0,0,"1",1,"NO"
"1.5.3","lang/java/mapred/src/main/java/org/apache/avro/mapred/tether/TetherKeyComparator.java",33,0,0,0,0,0,0,0.000000,0,0,0.000000,383,323,95.750000,516,475.864078,18,1,3,"2",2,"NO"
"1.5.3","lang/java/mapred/src/main/java/org/apache/avro/mapred/tether/TetherJob.java",50,0,0,1,0,0,0,0.000000,0,0,0.000000,403,323,100.750000,441,373.339056,27,1,2,"0",0,"YES"
"1.5.3","lang/java/mapred/src/main/java/org/apache/avro/mapred/tether/TetherPartitioner.java",30,0,0,0,0,0,0,0.000000,0,0,0.000000,361,323,120.333333,441,441.000000,18,1,2,"2",1,"NO"
"1.5.3","lang/java/mapred/src/main/java/org/apache/avro/mapred/HadoopCombiner.java",32,0,0,0,0,0,0,0.000000,0,0,0.000000,360,323,180.000000,405,405.000000,21,0,0,"0",0,"NO"
"1.5.3","lang/java/mapred/src/main/java/org/apache/avro/mapred/HadoopReducer.java",31,0,0,0,0,0,0,0.000000,0,0,0.000000,360,323,180.000000,405,405.000000,19,0,0,"1",1,"NO"
"1.5.3","lang/java/mapred/src/main/java/org/apache/avro/mapred/Pair.java",441,0,0,1,0,0,0,0.000000,0,0,0.000000,399,323,99.750000,405,383.543165,56,2,10,"5",2,"NO"
"1.5.3","lang/java/mapred/src/main/java/org/apache/avro/mapred/SequenceFileRecordReader.java",11,0,0,0,0,0,0,0.000000,0,0,0.000000,1114,434,123.777778,873,738.790323,18,0,0,"0",0,"NO"
"1.5.3","lang/java/mapred/src/main/java/org/apache/avro/mapred/AvroJob.java",115,0,0,1,0,0,0,0.000000,0,0,0.000000,458,323,50.888889,516,415.343023,48,1,6,"5",2,"NO"
"1.5.3","lang/java/avro/src/main/java/org/apache/avro/Protocol.java",320,0,0,2,0,0,0,0.000000,0,0,0.000000,1297,434,54.041667,873,813.253404,71,3,42,"35",4,"YES"
"1.5.3","lang/java/avro/src/main/java/org/apache/avro/specific/SpecificDatumWriter.java",30,0,0,2,0,0,0,0.000000,0,0,0.000000,1205,434,80.333333,873,798.985437,19,1,1,"2",1,"NO"
"1.5.3","lang/java/avro/src/main/java/org/apache/avro/specific/SpecificData.java",160,0,0,7,0,0,0,0.000000,0,0,0.000000,1023,434,44.478261,727,613.719409,28,12,45,"24",8,"NO"
"1.5.3","lang/java/avro/src/main/java/org/apache/avro/specific/SpecificDatumReader.java",65,0,0,3,0,0,0,0.000000,0,0,0.000000,1283,434,58.318182,873,804.097561,30,2,9,"4",2,"NO"
"1.5.3","lang/java/avro/src/main/java/org/apache/avro/specific/FixedSize.java",12,0,0,1,0,0,0,0.000000,0,0,0.000000,1090,434,121.111111,873,849.829060,22,0,0,"0",0,"NO"
"1.5.3","lang/java/avro/src/main/java/org/apache/avro/specific/SpecificRecord.java",4,0,0,1,0,0,0,0.000000,0,0,0.000000,1107,434,123.000000,873,846.519231,19,0,0,"0",0,"NO"
"1.5.3","lang/java/avro/src/main/java/org/apache/avro/specific/SpecificExceptionBase.java",18,0,0,2,0,0,0,0.000000,0,0,0.000000,1167,434,106.090909,873,830.075758,21,1,3,"6",3,"NO"
"1.5.3","lang/java/avro/src/main/java/org/apache/avro/specific/SpecificFixed.java",7,0,0,0,0,0,0,0.000000,0,0,0.000000,1105,434,110.500000,873,851.830189,18,0,0,"0",0,"NO"
"1.5.3","lang/java/avro/src/main/java/org/apache/avro/specific/SpecificRecordBase.java",27,0,0,3,0,0,0,0.000000,0,0,0.000000,877,434,109.625000,819,741.207692,21,1,3,"4",2,"NO"
"1.5.3","lang/java/avro/src/main/java/org/apache/avro/UnresolvedUnionException.java",16,0,0,1,0,0,0,0.000000,0,0,0.000000,800,434,133.333333,742,530.344828,18,0,0,"0",0,"NO"
"1.5.3","lang/java/avro/src/main/java/org/apache/avro/AvroRemoteException.java",15,0,0,0,0,0,0,0.000000,0,0,0.000000,1141,434,142.625000,873,861.000000,18,1,1,"1",1,"YES"
"1.5.3","lang/java/avro/src/main/java/org/apache/avro/Schema.java",1123,98,1,12,1,77,77,77.000000,56,56,56.000000,1493,434,27.145455,873,717.063158,221,9,181,"225",20,"YES"
"1.5.3","lang/java/avro/src/main/java/org/apache/avro/reflect/Nullable.java",10,0,0,2,0,0,0,0.000000,0,0,0.000000,1104,434,100.363636,873,805.780142,21,0,0,"0",0,"NO"
"1.5.3","lang/java/avro/src/main/java/org/apache/avro/reflect/ReflectDatumWriter.java",76,0,0,7,0,0,0,0.000000,0,0,0.000000,1408,434,45.419355,873,753.550538,24,2,7,"11",4,"NO"
"1.5.3","lang/java/avro/src/main/java/org/apache/avro/reflect/Stringable.java",10,0,0,2,0,0,0,0.000000,0,0,0.000000,1099,434,109.900000,873,827.846154,22,0,0,"0",0,"NO"
"1.5.3","lang/java/avro/src/main/java/org/apache/avro/reflect/ReflectDatumReader.java",101,0,0,4,0,0,0,0.000000,0,0,0.000000,1340,434,49.629630,873,763.454039,25,2,11,"10",3,"NO"
"1.5.3","lang/java/avro/src/main/java/org/apache/avro/reflect/ReflectData.java",402,0,0,11,0,0,0,0.000000,0,0,0.000000,1512,434,36.878049,873,721.358860,69,12,88,"56",12,"YES"
"1.5.3","lang/java/avro/src/main/java/org/apache/avro/reflect/Union.java",12,0,0,1,0,0,0,0.000000,0,0,0.000000,1104,434,100.363636,873,812.666667,25,0,0,"0",0,"NO"
"1.5.3","lang/java/avro/src/main/java/org/apache/avro/io/ParsingEncoder.java",36,0,0,0,0,0,0,0.000000,0,0,0.000000,847,434,169.400000,769,758.228571,24,1,3,"1",1,"NO"
"1.5.3","lang/java/avro/src/main/java/org/apache/avro/io/EncoderFactory.java",84,0,0,0,0,0,0,0.000000,0,0,0.000000,92,45,30.666667,186,185.913514,234,1,7,"5",2,"NO"
"1.5.3","lang/java/avro/src/main/java/org/apache/avro/io/Decoder.java",30,0,0,0,0,0,0,0.000000,0,0,0.000000,1251,434,78.187500,873,814.765612,219,0,0,"0",0,"NO"
"1.5.3","lang/java/avro/src/main/java/org/apache/avro/io/parsing/ResolvingGrammarGenerator.java",363,0,0,5,0,0,0,0.000000,0,0,0.000000,1015,434,50.750000,769,655.474295,84,5,92,"34",8,"NO"
"1.5.3","lang/java/avro/src/main/java/org/apache/avro/io/parsing/ValidatingGrammarGenerator.java",82,0,0,1,0,0,0,0.000000,0,0,0.000000,934,434,93.400000,769,739.539877,43,4,18,"6",5,"NO"
"1.5.3","lang/java/avro/src/main/java/org/apache/avro/io/parsing/SkipParser.java",44,0,0,1,0,0,0,0.000000,0,0,0.000000,898,434,99.777778,769,737.891667,43,3,3,"2",2,"NO"
"1.5.3","lang/java/avro/src/main/java/org/apache/avro/io/parsing/Symbol.java",359,0,0,3,0,0,0,0.000000,0,0,0.000000,927,434,61.800000,769,694.864823,123,3,16,"14",4,"NO"
"1.5.3","lang/java/avro/src/main/java/org/apache/avro/io/parsing/JsonGrammarGenerator.java",58,0,0,2,0,0,0,0.000000,0,0,0.000000,912,434,101.333333,769,733.738462,35,4,16,"4",1,"NO"
"1.5.3","lang/java/avro/src/main/java/org/apache/avro/io/parsing/Parser.java",98,0,0,2,0,0,0,0.000000,0,0,0.000000,905,434,90.500000,769,666.761658,79,4,13,"3",1,"NO"
"1.5.3","lang/java/avro/src/main/java/org/apache/avro/io/DirectBinaryDecoder.java",154,0,0,1,0,0,0,0.000000,0,0,0.000000,1012,434,84.333333,798,682.875874,27,3,15,"0",0,"NO"
"1.5.3","lang/java/avro/src/main/java/org/apache/avro/io/JsonEncoder.java",207,0,0,3,0,0,0,0.000000,0,0,0.000000,1003,434,71.642857,769,625.366577,56,3,16,"2",1,"NO"
"1.5.3","lang/java/avro/src/main/java/org/apache/avro/io/ValidatingEncoder.java",152,0,0,2,0,0,0,0.000000,0,0,0.000000,1005,434,77.307692,796,710.879167,35,1,2,"0",0,"NO"
"1.5.3","lang/java/avro/src/main/java/org/apache/avro/io/ValidatingDecoder.java",188,0,0,1,0,0,0,0.000000,0,0,0.000000,966,434,74.307692,796,747.826087,29,2,11,"0",0,"NO"
"1.5.3","lang/java/avro/src/main/java/org/apache/avro/io/DatumReader.java",7,0,0,0,0,0,0,0.000000,0,0,0.000000,1030,434,128.750000,873,861.793651,24,0,0,"0",0,"NO"
"1.5.3","lang/java/avro/src/main/java/org/apache/avro/io/DatumWriter.java",7,0,0,0,0,0,0,0.000000,0,0,0.000000,1091,434,136.375000,873,868.172414,23,0,0,"0",0,"NO"
"1.5.3","lang/java/avro/src/main/java/org/apache/avro/io/BlockingBinaryEncoder.java",363,0,0,2,0,0,0,0.000000,0,0,0.000000,987,434,89.727273,816,644.670330,134,4,35,"16",4,"NO"
"1.5.3","lang/java/avro/src/main/java/org/apache/avro/io/ParsingDecoder.java",49,0,0,0,0,0,0,0.000000,0,0,0.000000,883,434,176.600000,769,739.405063,19,12,13,"0",0,"NO"
"1.5.3","lang/java/avro/src/main/java/org/apache/avro/io/DirectBinaryEncoder.java",75,0,0,0,0,0,0,0.000000,0,0,0.000000,45,45,45.000000,186,186.000000,45,2,6,"1",1,"NO"
"1.5.3","lang/java/avro/src/main/java/org/apache/avro/io/BinaryDecoder.java",647,0,0,0,0,0,0,0.000000,0,0,0.000000,938,434,85.272727,798,577.082877,247,6,63,"50",9,"NO"
"1.5.3","lang/java/avro/src/main/java/org/apache/avro/io/BinaryData.java",346,0,0,0,0,0,0,0.000000,0,0,0.000000,961,434,87.363636,729,554.276471,68,9,80,"48",7,"NO"
"1.5.3","lang/java/avro/src/main/java/org/apache/avro/io/BinaryEncoder.java",68,0,0,1,0,0,0,0.000000,0,0,0.000000,1230,434,94.615385,873,691.968386,36,1,3,"4",1,"NO"
"1.5.3","lang/java/avro/src/main/java/org/apache/avro/io/Encoder.java",40,0,0,0,0,0,0,0.000000,0,0,0.000000,1166,434,89.692308,873,809.177984,220,1,1,"2",1,"NO"
"1.5.3","lang/java/avro/src/main/java/org/apache/avro/io/ResolvingDecoder.java",144,0,0,3,0,0,0,0.000000,0,0,0.000000,1010,434,56.111111,796,684.080775,106,6,25,"0",0,"NO"
"1.5.3","lang/java/avro/src/main/java/org/apache/avro/io/BufferedBinaryEncoder.java",126,0,0,0,0,0,0,0.000000,0,0,0.000000,83,45,41.500000,186,186.000000,60,3,11,"4",4,"NO"
"1.5.3","lang/java/avro/src/main/java/org/apache/avro/io/DecoderFactory.java",94,0,0,0,0,0,0,0.000000,0,0,0.000000,439,323,87.800000,557,354.046875,200,1,6,"4",3,"NO"
"1.5.3","lang/java/avro/src/main/java/org/apache/avro/io/JsonDecoder.java",375,0,0,2,0,0,0,0.000000,0,0,0.000000,987,434,70.500000,769,659.047619,47,5,42,"3",2,"NO"
"1.5.3","lang/java/avro/src/main/java/org/apache/avro/SchemaParseException.java",5,0,0,0,0,0,0,0.000000,0,0,0.000000,1046,434,149.428571,873,869.040541,18,0,0,"0",0,"NO"
"1.5.3","lang/java/avro/src/main/java/org/apache/avro/generic/GenericRecord.java",5,0,0,1,0,0,0,0.000000,0,0,0.000000,1089,434,121.000000,873,805.658120,21,0,0,"0",0,"NO"
"1.5.3","lang/java/avro/src/main/java/org/apache/avro/generic/GenericData.java",552,0,0,9,0,0,0,0.000000,0,0,0.000000,1453,434,36.325000,873,706.061959,73,12,140,"83",11,"YES"
"1.5.3","lang/java/avro/src/main/java/org/apache/avro/generic/GenericEnumSymbol.java",4,0,0,0,0,0,0,0.000000,0,0,0.000000,1111,434,123.444444,873,817.333333,19,0,0,"1",1,"NO"
"1.5.3","lang/java/avro/src/main/java/org/apache/avro/generic/GenericContainer.java",5,0,0,0,0,0,0,0.000000,0,0,0.000000,1067,434,152.428571,873,860.032258,19,0,0,"0",0,"NO"
"1.5.3","lang/java/avro/src/main/java/org/apache/avro/generic/GenericFixed.java",4,0,0,0,0,0,0,0.000000,0,0,0.000000,1083,434,135.375000,873,851.920000,19,0,0,"0",0,"NO"
"1.5.3","lang/java/avro/src/main/java/org/apache/avro/generic/GenericDatumReader.java",274,0,0,6,0,0,0,0.000000,0,0,0.000000,1505,434,34.204545,873,757.462732,84,4,54,"10",4,"NO"
"1.5.3","lang/java/avro/src/main/java/org/apache/avro/generic/GenericDatumWriter.java",136,0,0,4,0,0,0,0.000000,0,0,0.000000,1305,434,50.192308,873,790.229773,45,2,20,"0",0,"YES"
"1.5.3","lang/java/avro/src/main/java/org/apache/avro/generic/GenericArray.java",6,0,0,0,0,0,0,0.000000,0,0,0.000000,1108,434,110.800000,873,803.233083,22,0,0,"0",0,"NO"
"1.5.3","lang/java/avro/src/main/java/org/apache/avro/generic/IndexedRecord.java",5,0,0,1,0,0,0,0.000000,0,0,0.000000,1126,434,112.600000,873,781.677419,24,0,0,"0",0,"NO"
"1.5.3","lang/java/avro/src/main/java/org/apache/avro/file/DataFileWriter.java",275,0,0,6,0,0,0,0.000000,0,0,0.000000,1295,434,47.962963,873,694.389115,94,2,19,"7",4,"NO"
"1.5.3","lang/java/avro/src/main/java/org/apache/avro/file/SnappyCodec.java",50,0,0,1,0,0,0,0.000000,0,0,0.000000,32,15,10.666667,146,107.063694,18,1,3,"5",3,"NO"
"1.5.3","lang/java/avro/src/main/java/org/apache/avro/file/DataFileStream.java",261,0,0,2,0,0,0,0.000000,0,0,0.000000,969,434,60.562500,607,499.127698,71,3,27,"10",3,"NO"
"1.5.3","lang/java/avro/src/main/java/org/apache/avro/file/NullCodec.java",35,0,0,0,0,0,0,0.000000,0,0,0.000000,1141,434,81.500000,873,717.175373,19,1,1,"3",3,"NO"
"1.5.3","lang/java/avro/src/main/java/org/apache/avro/file/SeekableFileInput.java",13,0,0,0,0,0,0,0.000000,0,0,0.000000,1047,434,149.571429,873,863.543689,18,0,0,"0",0,"NO"
"1.5.3","lang/java/avro/src/main/java/org/apache/avro/file/Codec.java",16,0,0,0,0,0,0,0.000000,0,0,0.000000,1106,434,100.545455,873,744.494253,32,0,0,"0",0,"NO"
"1.5.3","lang/java/avro/src/main/java/org/apache/avro/file/DeflateCodec.java",97,0,0,1,0,0,0,0.000000,0,0,0.000000,395,323,56.428571,585,512.147335,31,1,6,"5",3,"NO"
"1.5.3","lang/java/avro/src/main/java/org/apache/avro/file/CodecFactory.java",40,0,0,0,0,0,0,0.000000,0,0,0.000000,359,323,89.750000,585,550.829268,29,1,1,"3",1,"NO"
"1.5.3","lang/java/avro/src/main/java/org/apache/avro/file/FileReader.java",12,0,0,0,0,0,0,0.000000,0,0,0.000000,333,323,166.500000,347,347.000000,29,0,0,"0",0,"NO"
"1.5.3","lang/java/avro/src/main/java/org/apache/avro/file/DataFileReader.java",169,0,0,2,0,0,0,0.000000,0,0,0.000000,1258,434,59.904762,873,730.648246,50,3,14,"15",8,"NO"
"1.5.3","lang/java/avro/src/main/java/org/apache/avro/file/DataFileConstants.java",16,0,0,1,0,0,0,0.000000,0,0,0.000000,1087,434,90.583333,873,786.825503,21,0,0,"1",1,"NO"
"1.5.3","lang/java/avro/src/main/java/org/apache/avro/file/LengthLimitedInputStream.java",53,0,0,0,0,0,0,0.000000,0,0,0.000000,339,323,169.500000,585,585.000000,22,2,5,"0",0,"NO"
"1.5.3","lang/java/avro/src/main/java/org/apache/avro/file/SeekableInput.java",9,0,0,1,0,0,0,0.000000,0,0,0.000000,1055,434,131.875000,873,845.180328,22,0,0,"0",0,"NO"
"1.5.3","lang/java/avro/src/main/java/org/apache/avro/file/DataFileReader12.java",168,0,0,0,0,0,0,0.000000,0,0,0.000000,368,323,122.666667,264,261.275109,40,3,19,"10",5,"NO"
"1.5.3","lang/java/avro/src/main/java/org/apache/avro/util/Utf8.java",81,0,0,1,0,0,0,0.000000,0,0,0.000000,1200,434,92.307692,873,725.929379,32,2,10,"9",3,"NO"
"1.5.3","lang/java/avro/src/main/java/org/apache/avro/util/WeakIdentityHashMap.java",119,0,0,0,0,0,0,0.000000,0,0,0.000000,328,323,164.000000,385,385.000000,33,1,5,"21",4,"NO"
"1.5.3","lang/java/avro/src/main/java/org/apache/avro/util/ByteBufferInputStream.java",52,0,0,0,0,0,0,0.000000,0,0,0.000000,1141,434,114.100000,873,861.162264,30,2,7,"4",1,"YES"
"1.5.3","lang/java/avro/src/main/java/org/apache/avro/util/ByteBufferOutputStream.java",70,0,0,0,0,0,0,0.000000,0,0,0.000000,1179,434,117.900000,873,815.155340,25,1,6,"1",1,"NO"
"1.5.3","lang/java/avro/src/main/java/org/apache/avro/AvroRuntimeException.java",8,0,0,0,0,0,0,0.000000,0,0,0.000000,1055,434,131.875000,873,860.233766,18,0,0,"0",0,"NO"
"1.5.3","lang/java/avro/src/main/java/org/apache/avro/AvroTypeException.java",7,0,0,0,0,0,0,0.000000,0,0,0.000000,1077,434,134.625000,873,862.230769,18,0,0,"0",0,"NO"
"1.5.3","lang/java/ipc/src/main/java/org/apache/avro/ipc/RPCContext.java",95,0,0,3,0,0,0,0.000000,0,0,0.000000,851,434,85.100000,760,579.255385,91,1,4,"3",2,"NO"
"1.5.3","lang/java/ipc/src/main/java/org/apache/avro/ipc/NettyTransportCodec.java",111,0,0,0,0,0,0,0.000000,0,0,0.000000,338,323,112.666667,425,419.491803,46,2,7,"6",3,"NO"
"1.5.3","lang/java/ipc/src/main/java/org/apache/avro/ipc/SaslSocketTransceiver.java",324,0,0,1,0,0,0,0.000000,0,0,0.000000,407,323,101.750000,347,336.687042,36,4,41,"49",11,"NO"
"1.5.3","lang/java/ipc/src/main/java/org/apache/avro/ipc/specific/SpecificResponder.java",68,0,0,4,0,0,0,0.000000,0,0,0.000000,1311,434,69.000000,873,686.468647,18,1,4,"2",2,"YES"
"1.5.3","lang/java/ipc/src/main/java/org/apache/avro/ipc/specific/SpecificRequestor.java",112,0,0,5,0,0,0,0.000000,0,0,0.000000,1342,434,58.347826,873,614.734177,28,3,7,"5",4,"YES"
"1.5.3","lang/java/ipc/src/main/java/org/apache/avro/ipc/SocketTransceiver.java",80,0,0,1,0,0,0,0.000000,0,0,0.000000,1132,434,80.857143,873,813.413580,25,3,10,"6",2,"NO"
"1.5.3","lang/java/ipc/src/main/java/org/apache/avro/ipc/Transceiver.java",47,0,0,1,0,0,0,0.000000,0,0,0.000000,1117,434,101.545455,873,632.580488,46,1,2,"3",2,"NO"
"1.5.3","lang/java/ipc/src/main/java/org/apache/avro/ipc/Server.java",7,0,0,0,0,0,0,0.000000,0,0,0.000000,1106,434,122.888889,873,823.869159,22,0,0,"0",0,"NO"
"1.5.3","lang/java/ipc/src/main/java/org/apache/avro/ipc/reflect/ReflectRequestor.java",48,0,0,1,0,0,0,0.000000,0,0,0.000000,1288,434,75.764706,873,784.819843,21,0,0,"0",0,"NO"
"1.5.3","lang/java/ipc/src/main/java/org/apache/avro/ipc/reflect/ReflectResponder.java",34,0,0,3,0,0,0,0.000000,0,0,0.000000,1382,434,65.809524,873,798.324226,19,1,1,"1",1,"NO"
"1.5.3","lang/java/ipc/src/main/java/org/apache/avro/ipc/CallFuture.java",82,0,0,0,0,0,0,0.000000,0,0,0.000000,16,16,16.000000,74,74.000000,64,2,6,"0",0,"NO"
"1.5.3","lang/java/ipc/src/main/java/org/apache/avro/ipc/RPCPlugin.java",10,0,0,0,0,0,0,0.000000,0,0,0.000000,793,434,158.600000,760,719.543478,55,0,0,"7",1,"NO"
"1.5.3","lang/java/ipc/src/main/java/org/apache/avro/ipc/Callback.java",5,0,0,0,0,0,0,0.000000,0,0,0.000000,1122,434,112.200000,873,659.664234,31,0,0,"0",0,"NO"
"1.5.3","lang/java/ipc/src/main/java/org/apache/avro/ipc/NettyServer.java",110,0,0,1,0,0,0,0.000000,0,0,0.000000,383,323,63.833333,425,381.758772,25,1,3,"2",1,"NO"
"1.5.3","lang/java/ipc/src/main/java/org/apache/avro/ipc/stats/Histogram.java",165,0,0,0,0,0,0,0.000000,0,0,0.000000,773,434,193.250000,599,555.592058,70,2,11,"11",6,"NO"
"1.5.3","lang/java/ipc/src/main/java/org/apache/avro/ipc/stats/IntegerHistogram.java",28,0,0,1,0,0,0,0.000000,0,0,0.000000,808,434,115.428571,742,636.982301,22,1,2,"0",0,"NO"
"1.5.3","lang/java/ipc/src/main/java/org/apache/avro/ipc/stats/Stopwatch.java",38,0,0,0,0,0,0,0.000000,0,0,0.000000,769,434,256.333333,599,599.000000,28,2,4,"4",2,"NO"
"1.5.3","lang/java/ipc/src/main/java/org/apache/avro/ipc/stats/StatsServer.java",20,0,0,0,0,0,0,0.000000,0,0,0.000000,341,323,170.500000,398,398.000000,28,0,0,"1",1,"NO"
"1.5.3","lang/java/ipc/src/main/java/org/apache/avro/ipc/stats/StatsPlugin.java",161,0,0,0,0,0,0,0.000000,0,0,0.000000,801,434,133.500000,599,449.431102,41,1,8,"1",1,"NO"
"1.5.3","lang/java/ipc/src/main/java/org/apache/avro/ipc/stats/FloatHistogram.java",27,0,0,1,0,0,0,0.000000,0,0,0.000000,804,434,134.000000,742,673.281250,22,1,2,"0",0,"NO"
"1.5.3","lang/java/ipc/src/main/java/org/apache/avro/ipc/stats/StaticServlet.java",19,0,0,0,0,0,0,0.000000,0,0,0.000000,366,323,122.000000,398,387.826087,22,1,2,"0",0,"NO"
"1.5.3","lang/java/ipc/src/main/java/org/apache/avro/ipc/stats/StatsServlet.java",194,0,0,0,0,0,0,0.000000,0,0,0.000000,801,434,133.500000,599,426.728235,42,1,7,"21",5,"NO"
"1.5.3","lang/java/ipc/src/main/java/org/apache/avro/ipc/DatagramServer.java",45,0,0,0,0,0,0,0.000000,0,0,0.000000,1138,434,103.454545,873,838.752049,19,2,3,"1",1,"NO"
"1.5.3","lang/java/ipc/src/main/java/org/apache/avro/ipc/DatagramTransceiver.java",54,0,0,0,0,0,0,0.000000,0,0,0.000000,779,434,194.750000,706,701.379310,22,2,3,"2",1,"NO"
"1.5.3","lang/java/ipc/src/main/java/org/apache/avro/ipc/NettyTransceiver.java",274,0,0,1,0,0,0,0.000000,0,0,0.000000,366,323,61.000000,425,200.316369,90,2,14,"12",5,"YES"
"1.5.3","lang/java/ipc/src/main/java/org/apache/avro/ipc/HttpServer.java",66,0,0,2,0,0,0,0.000000,0,0,0.000000,795,434,132.500000,699,532.587912,28,1,3,"0",0,"NO"
"1.5.3","lang/java/ipc/src/main/java/org/apache/avro/ipc/LocalTransceiver.java",27,0,0,0,0,0,0,0.000000,0,0,0.000000,1074,434,119.333333,873,806.198795,18,0,0,"0",0,"NO"
"1.5.3","lang/java/ipc/src/main/java/org/apache/avro/ipc/Responder.java",182,0,0,6,0,0,0,0.000000,0,0,0.000000,1518,434,44.647059,873,722.330402,43,2,20,"11",3,"NO"
"1.5.3","lang/java/ipc/src/main/java/org/apache/avro/ipc/generic/GenericResponder.java",40,0,0,2,0,0,0,0.000000,0,0,0.000000,1195,434,99.583333,873,779.415929,18,1,1,"1",1,"NO"
"1.5.3","lang/java/ipc/src/main/java/org/apache/avro/ipc/generic/GenericRequestor.java",63,0,0,3,0,0,0,0.000000,0,0,0.000000,1299,434,76.411765,873,735.240602,19,2,7,"9",2,"YES"
"1.5.3","lang/java/ipc/src/main/java/org/apache/avro/ipc/HttpTransceiver.java",79,0,0,0,0,0,0,0.000000,0,0,0.000000,830,434,92.222222,699,647.493827,22,3,6,"1",1,"NO"
"1.5.3","lang/java/ipc/src/main/java/org/apache/avro/ipc/SocketServer.java",101,0,0,1,0,0,0,0.000000,0,0,0.000000,1256,434,69.777778,873,780.040241,23,2,8,"9",6,"YES"
"1.5.3","lang/java/ipc/src/main/java/org/apache/avro/ipc/ResponderServlet.java",30,0,0,0,0,0,0,0.000000,0,0,0.000000,767,434,191.750000,699,695.700000,18,1,1,"0",0,"NO"
"1.5.3","lang/java/ipc/src/main/java/org/apache/avro/ipc/trace/TraceNode.java",65,0,0,0,0,0,0,0.000000,0,0,0.000000,365,323,121.666667,390,383.058824,58,2,2,"0",0,"NO"
"1.5.3","lang/java/ipc/src/main/java/org/apache/avro/ipc/trace/InMemorySpanStorage.java",45,0,0,0,0,0,0,0.000000,0,0,0.000000,351,323,117.000000,390,388.800000,24,2,4,"1",1,"NO"
"1.5.3","lang/java/ipc/src/main/java/org/apache/avro/ipc/trace/FileSpanStorage.java",212,0,0,0,0,0,0,0.000000,0,0,0.000000,334,323,167.000000,382,382.000000,105,3,23,"18",7,"NO"
"1.5.3","lang/java/ipc/src/main/java/org/apache/avro/ipc/trace/Trace.java",126,0,0,0,0,0,0,0.000000,0,0,0.000000,393,323,98.250000,390,389.636364,100,5,20,"9",3,"NO"
"1.5.3","lang/java/ipc/src/main/java/org/apache/avro/ipc/trace/TraceCollection.java",198,0,0,0,0,0,0,0.000000,0,0,0.000000,357,323,119.000000,372,371.157303,77,3,14,"8",5,"NO"
"1.5.3","lang/java/ipc/src/main/java/org/apache/avro/ipc/trace/TraceClientServlet.java",191,0,0,0,0,0,0,0.000000,0,0,0.000000,438,323,109.500000,390,372.352113,41,3,20,"11",6,"NO"
"1.5.3","lang/java/ipc/src/main/java/org/apache/avro/ipc/trace/SpanStorage.java",11,0,0,1,0,0,0,0.000000,0,0,0.000000,1118,434,101.636364,873,711.628743,39,0,0,"0",0,"NO"
"1.5.3","lang/java/ipc/src/main/java/org/apache/avro/ipc/trace/TracePlugin.java",268,0,0,0,0,0,0,0.000000,0,0,0.000000,495,323,61.875000,390,383.103837,77,3,27,"11",7,"NO"
"1.5.3","lang/java/ipc/src/main/java/org/apache/avro/ipc/trace/StaticServlet.java",22,0,0,0,0,0,0,0.000000,0,0,0.000000,348,323,174.000000,372,372.000000,22,1,3,"0",0,"NO"
"1.5.3","lang/java/ipc/src/main/java/org/apache/avro/ipc/trace/TracePluginConfiguration.java",44,0,0,0,0,0,0,0.000000,0,0,0.000000,384,323,76.800000,390,382.296296,36,1,1,"3",3,"NO"
"1.5.3","lang/java/ipc/src/main/java/org/apache/avro/ipc/trace/Util.java",139,0,0,0,0,0,0,0.000000,0,0,0.000000,385,323,77.000000,390,384.696000,61,4,24,"10",6,"NO"
"1.5.3","lang/java/ipc/src/main/java/org/apache/avro/ipc/trace/SpanAggregator.java",107,0,0,1,0,0,0,0.000000,0,0,0.000000,372,323,93.000000,390,384.957447,55,6,15,"6",3,"NO"
"1.5.3","lang/java/ipc/src/main/java/org/apache/avro/ipc/SaslSocketServer.java",68,0,0,0,0,0,0,0.000000,0,0,0.000000,331,323,165.500000,347,347.000000,22,1,1,"15",6,"NO"
"1.5.3","lang/java/ipc/src/main/java/org/apache/avro/ipc/Ipc.java",26,0,0,0,0,0,0,0.000000,0,0,0.000000,329,323,164.500000,264,264.000000,22,2,4,"7",2,"NO"
"1.5.3","lang/java/ipc/src/main/java/org/apache/avro/ipc/Requestor.java",376,0,0,6,0,0,0,0.000000,0,0,0.000000,1539,434,45.264706,873,469.987055,130,2,38,"17",5,"YES"
"1.5.3","lang/java/tools/src/main/java/org/apache/avro/tool/DataFileGetSchemaTool.java",30,0,0,0,0,0,0,0.000000,0,0,0.000000,1084,434,90.333333,873,730.363636,18,1,1,"0",0,"NO"
"1.5.3","lang/java/tools/src/main/java/org/apache/avro/tool/ToTextTool.java",56,0,0,0,0,0,0,0.000000,0,0,0.000000,344,323,114.666667,438,418.468085,18,1,3,"0",0,"NO"
"1.5.3","lang/java/tools/src/main/java/org/apache/avro/tool/TetherTool.java",66,0,0,1,0,0,0,0.000000,0,0,0.000000,18,12,9.000000,228,224.778947,17,1,3,"2",1,"YES"
"1.5.3","lang/java/tools/src/main/java/org/apache/avro/tool/DataFileWriteTool.java",107,0,0,0,0,0,0,0.000000,0,0,0.000000,840,434,120.000000,608,511.656805,18,2,8,"3",3,"NO"
"1.5.3","lang/java/tools/src/main/java/org/apache/avro/tool/Tool.java",9,0,0,0,0,0,0,0.000000,0,0,0.000000,1153,434,88.692308,873,780.064000,38,0,0,"0",0,"NO"
"1.5.3","lang/java/tools/src/main/java/org/apache/avro/tool/DataFileReadTool.java",49,0,0,0,0,0,0,0.000000,0,0,0.000000,844,434,120.571429,608,556.947368,21,1,2,"0",0,"NO"
"1.5.3","lang/java/tools/src/main/java/org/apache/avro/tool/JsonToBinaryFragmentTool.java",56,0,0,1,0,0,0,0.000000,0,0,0.000000,856,434,142.666667,608,545.263736,18,1,3,"2",2,"NO"
"1.5.3","lang/java/tools/src/main/java/org/apache/avro/tool/RpcSendTool.java",85,0,0,0,0,0,0,0.000000,0,0,0.000000,904,434,129.142857,607,555.130952,20,2,4,"0",0,"NO"
"1.5.3","lang/java/tools/src/main/java/org/apache/avro/tool/RpcReceiveTool.java",139,0,0,0,0,0,0,0.000000,0,0,0.000000,927,434,115.875000,607,567.397196,23,2,9,"2",2,"NO"
"1.5.3","lang/java/tools/src/main/java/org/apache/avro/tool/BinaryFragmentToJsonTool.java",62,0,0,0,0,0,0,0.000000,0,0,0.000000,877,434,146.166667,608,578.663158,18,1,3,"2",2,"YES"
"1.5.3","lang/java/tools/src/main/java/org/apache/avro/tool/Main.java",63,0,0,1,0,0,0,0.000000,0,0,0.000000,984,434,57.882353,672,607.887324,24,2,6,"1",1,"NO"
"1.5.3","lang/java/tools/src/main/java/org/apache/avro/tool/SpecificCompilerTool.java",85,80,1,0,1,74,74,74.000000,68,68,68.000000,93,73,31.000000,214,97.416667,32,3,9,"0",0,"NO"
"1.5.3","lang/java/tools/src/main/java/org/apache/avro/tool/FromTextTool.java",92,0,0,0,0,0,0,0.000000,0,0,0.000000,819,434,117.000000,608,439.488372,25,5,9,"1",1,"YES"
"1.5.3","lang/java/tools/src/main/java/org/apache/avro/tool/RecodecTool.java",86,0,0,0,0,0,0,0.000000,0,0,0.000000,328,323,164.000000,281,281.000000,18,2,8,"6",3,"NO"
"1.5.3","lang/java/tools/src/main/java/org/apache/avro/tool/InduceSchemaTool.java",49,0,0,0,0,0,0,0.000000,0,0,0.000000,857,434,107.125000,648,625.357143,20,3,5,"1",1,"NO"
"1.5.3","lang/java/tools/src/main/java/org/apache/avro/tool/Util.java",78,0,0,0,0,0,0,0.000000,0,0,0.000000,1153,434,88.692308,873,648.518018,35,3,6,"6",3,"YES"
"1.5.3","lang/java/tools/src/main/java/org/apache/avro/tool/IdlTool.java",47,0,0,0,0,0,0,0.000000,0,0,0.000000,890,434,127.142857,607,553.654206,21,1,3,"4",3,"NO"
"1.5.3","lang/java/compiler/src/main/java/org/apache/avro/compiler/specific/SchemaTask.java",9,0,0,0,0,0,0,0.000000,0,0,0.000000,1146,434,127.333333,873,844.500000,18,0,0,"0",0,"NO"
"1.5.3","lang/java/compiler/src/main/java/org/apache/avro/compiler/specific/SpecificCompiler.java",349,32,1,6,1,26,26,26.000000,20,20,20.000000,1508,434,34.272727,873,657.575193,62,4,73,"8",2,"NO"
"1.5.3","lang/java/compiler/src/main/java/org/apache/avro/compiler/specific/ProtocolTask.java",47,0,0,0,0,0,0,0.000000,0,0,0.000000,1146,434,127.333333,873,848.198777,22,2,6,"7",5,"NO"
"1.5.3","lang/java/maven-plugin/src/main/java/org/apache/avro/mojo/ProtocolMojo.java",21,0,0,0,0,0,0,0.000000,0,0,0.000000,401,323,133.666667,258,252.885714,37,0,0,"0",0,"NO"
"1.5.3","lang/java/maven-plugin/src/main/java/org/apache/avro/mojo/AbstractAvroMojo.java",69,0,0,0,0,0,0,0.000000,0,0,0.000000,323,323,323.000000,258,258.000000,57,2,7,"0",0,"NO"
"1.5.3","lang/java/maven-plugin/src/main/java/org/apache/avro/mojo/SchemaMojo.java",21,0,0,0,0,0,0,0.000000,0,0,0.000000,401,323,133.666667,258,252.885714,37,0,0,"0",0,"NO"
"1.5.3","lang/java/maven-plugin/src/main/java/org/apache/avro/mojo/IDLProtocolMojo.java",32,0,0,0,0,0,0,0.000000,0,0,0.000000,401,323,133.666667,258,251.790698,37,1,1,"0",0,"NO"
"1.5.4","lang/java/ipc/src/main/java/org/apache/avro/ipc/stats/Stopwatch.java",38,0,0,0,0,0,0,0.000000,0,0,0.000000,769,434,256.333333,611,611.000000,28,2,4,"4",2,"NO"
"1.5.4","lang/java/ipc/src/main/java/org/apache/avro/ipc/stats/IntegerHistogram.java",28,0,0,1,0,0,0,0.000000,0,0,0.000000,808,434,115.428571,754,648.982301,22,1,2,"0",0,"NO"
"1.5.4","lang/java/ipc/src/main/java/org/apache/avro/ipc/stats/StatsServlet.java",194,0,0,0,0,0,0,0.000000,0,0,0.000000,801,434,133.500000,611,438.728235,42,1,7,"21",5,"NO"
"1.5.4","lang/java/ipc/src/main/java/org/apache/avro/ipc/stats/StatsPlugin.java",161,0,0,0,0,0,0,0.000000,0,0,0.000000,801,434,133.500000,611,461.431102,41,1,8,"1",1,"NO"
"1.5.4","lang/java/ipc/src/main/java/org/apache/avro/ipc/stats/StatsServer.java",20,0,0,0,0,0,0,0.000000,0,0,0.000000,341,323,170.500000,410,410.000000,28,0,0,"1",1,"NO"
"1.5.4","lang/java/ipc/src/main/java/org/apache/avro/ipc/stats/FloatHistogram.java",27,0,0,1,0,0,0,0.000000,0,0,0.000000,804,434,134.000000,754,685.281250,22,1,2,"0",0,"NO"
"1.5.4","lang/java/ipc/src/main/java/org/apache/avro/ipc/stats/StaticServlet.java",19,0,0,0,0,0,0,0.000000,0,0,0.000000,366,323,122.000000,410,399.826087,22,1,2,"0",0,"NO"
"1.5.4","lang/java/ipc/src/main/java/org/apache/avro/ipc/stats/Histogram.java",165,0,0,0,0,0,0,0.000000,0,0,0.000000,773,434,193.250000,611,567.592058,70,2,11,"11",6,"NO"
"1.5.4","lang/java/ipc/src/main/java/org/apache/avro/ipc/SaslSocketTransceiver.java",324,0,0,1,0,0,0,0.000000,0,0,0.000000,407,323,101.750000,359,348.687042,36,4,41,"49",11,"NO"
"1.5.4","lang/java/ipc/src/main/java/org/apache/avro/ipc/Server.java",7,0,0,0,0,0,0,0.000000,0,0,0.000000,1106,434,122.888889,885,835.869159,22,0,0,"0",0,"NO"
"1.5.4","lang/java/ipc/src/main/java/org/apache/avro/ipc/RPCContext.java",95,0,0,3,0,0,0,0.000000,0,0,0.000000,851,434,85.100000,772,591.255385,91,1,4,"3",2,"NO"
"1.5.4","lang/java/ipc/src/main/java/org/apache/avro/ipc/HttpTransceiver.java",79,0,0,0,0,0,0,0.000000,0,0,0.000000,830,434,92.222222,711,659.493827,22,3,6,"1",1,"NO"
"1.5.4","lang/java/ipc/src/main/java/org/apache/avro/ipc/generic/GenericResponder.java",40,0,0,2,0,0,0,0.000000,0,0,0.000000,1195,434,99.583333,885,791.415929,18,1,1,"1",1,"NO"
"1.5.4","lang/java/ipc/src/main/java/org/apache/avro/ipc/generic/GenericRequestor.java",63,0,0,3,0,0,0,0.000000,0,0,0.000000,1299,434,76.411765,885,747.240602,19,2,7,"9",2,"YES"
"1.5.4","lang/java/ipc/src/main/java/org/apache/avro/ipc/Responder.java",182,0,0,6,0,0,0,0.000000,0,0,0.000000,1518,434,44.647059,885,734.330402,43,2,20,"11",3,"NO"
"1.5.4","lang/java/ipc/src/main/java/org/apache/avro/ipc/HttpServer.java",66,0,0,2,0,0,0,0.000000,0,0,0.000000,795,434,132.500000,711,544.587912,28,1,3,"0",0,"NO"
"1.5.4","lang/java/ipc/src/main/java/org/apache/avro/ipc/NettyTransceiver.java",274,0,0,1,0,0,0,0.000000,0,0,0.000000,366,323,61.000000,437,212.316369,90,2,14,"12",5,"YES"
"1.5.4","lang/java/ipc/src/main/java/org/apache/avro/ipc/reflect/ReflectResponder.java",34,0,0,3,0,0,0,0.000000,0,0,0.000000,1382,434,65.809524,885,810.324226,19,1,1,"1",1,"NO"
"1.5.4","lang/java/ipc/src/main/java/org/apache/avro/ipc/reflect/ReflectRequestor.java",48,0,0,1,0,0,0,0.000000,0,0,0.000000,1288,434,75.764706,885,796.819843,21,0,0,"0",0,"NO"
"1.5.4","lang/java/ipc/src/main/java/org/apache/avro/ipc/ResponderServlet.java",30,0,0,0,0,0,0,0.000000,0,0,0.000000,767,434,191.750000,711,707.700000,18,1,1,"0",0,"NO"
"1.5.4","lang/java/ipc/src/main/java/org/apache/avro/ipc/SocketServer.java",101,0,0,1,0,0,0,0.000000,0,0,0.000000,1256,434,69.777778,885,792.040241,23,2,8,"9",6,"YES"
"1.5.4","lang/java/ipc/src/main/java/org/apache/avro/ipc/SaslSocketServer.java",68,0,0,0,0,0,0,0.000000,0,0,0.000000,331,323,165.500000,359,359.000000,22,1,1,"15",6,"NO"
"1.5.4","lang/java/ipc/src/main/java/org/apache/avro/ipc/trace/TraceCollection.java",198,0,0,0,0,0,0,0.000000,0,0,0.000000,357,323,119.000000,384,383.157303,77,3,14,"8",5,"NO"
"1.5.4","lang/java/ipc/src/main/java/org/apache/avro/ipc/trace/InMemorySpanStorage.java",45,0,0,0,0,0,0,0.000000,0,0,0.000000,351,323,117.000000,402,400.800000,24,2,4,"1",1,"NO"
"1.5.4","lang/java/ipc/src/main/java/org/apache/avro/ipc/trace/TracePluginConfiguration.java",44,0,0,0,0,0,0,0.000000,0,0,0.000000,384,323,76.800000,402,394.296296,36,1,1,"3",3,"NO"
"1.5.4","lang/java/ipc/src/main/java/org/apache/avro/ipc/trace/TracePlugin.java",268,0,0,0,0,0,0,0.000000,0,0,0.000000,495,323,61.875000,402,395.103837,77,3,27,"11",7,"NO"
"1.5.4","lang/java/ipc/src/main/java/org/apache/avro/ipc/trace/Util.java",139,0,0,0,0,0,0,0.000000,0,0,0.000000,385,323,77.000000,402,396.696000,61,4,24,"10",6,"NO"
"1.5.4","lang/java/ipc/src/main/java/org/apache/avro/ipc/trace/TraceNode.java",65,0,0,0,0,0,0,0.000000,0,0,0.000000,365,323,121.666667,402,395.058824,58,2,2,"0",0,"NO"
"1.5.4","lang/java/ipc/src/main/java/org/apache/avro/ipc/trace/SpanAggregator.java",107,0,0,1,0,0,0,0.000000,0,0,0.000000,372,323,93.000000,402,396.957447,55,6,15,"6",3,"NO"
"1.5.4","lang/java/ipc/src/main/java/org/apache/avro/ipc/trace/FileSpanStorage.java",212,0,0,0,0,0,0,0.000000,0,0,0.000000,334,323,167.000000,394,394.000000,105,3,23,"18",7,"NO"
"1.5.4","lang/java/ipc/src/main/java/org/apache/avro/ipc/trace/StaticServlet.java",22,0,0,0,0,0,0,0.000000,0,0,0.000000,348,323,174.000000,384,384.000000,22,1,3,"0",0,"NO"
"1.5.4","lang/java/ipc/src/main/java/org/apache/avro/ipc/trace/Trace.java",126,0,0,0,0,0,0,0.000000,0,0,0.000000,393,323,98.250000,402,401.636364,100,5,20,"9",3,"NO"
"1.5.4","lang/java/ipc/src/main/java/org/apache/avro/ipc/trace/SpanStorage.java",11,0,0,1,0,0,0,0.000000,0,0,0.000000,1118,434,101.636364,885,723.628743,39,0,0,"0",0,"NO"
"1.5.4","lang/java/ipc/src/main/java/org/apache/avro/ipc/trace/TraceClientServlet.java",191,0,0,0,0,0,0,0.000000,0,0,0.000000,438,323,109.500000,402,384.352113,41,3,20,"11",6,"NO"
"1.5.4","lang/java/ipc/src/main/java/org/apache/avro/ipc/DatagramTransceiver.java",54,0,0,0,0,0,0,0.000000,0,0,0.000000,779,434,194.750000,718,713.379310,22,2,3,"2",1,"NO"
"1.5.4","lang/java/ipc/src/main/java/org/apache/avro/ipc/CallFuture.java",82,0,0,0,0,0,0,0.000000,0,0,0.000000,16,16,16.000000,86,86.000000,64,2,6,"0",0,"NO"
"1.5.4","lang/java/ipc/src/main/java/org/apache/avro/ipc/NettyServer.java",110,0,0,1,0,0,0,0.000000,0,0,0.000000,383,323,63.833333,437,393.758772,25,1,3,"2",1,"YES"
"1.5.4","lang/java/ipc/src/main/java/org/apache/avro/ipc/specific/SpecificRequestor.java",112,0,0,5,0,0,0,0.000000,0,0,0.000000,1342,434,58.347826,885,626.734177,28,3,7,"5",4,"YES"
"1.5.4","lang/java/ipc/src/main/java/org/apache/avro/ipc/specific/SpecificResponder.java",68,0,0,4,0,0,0,0.000000,0,0,0.000000,1311,434,69.000000,885,698.468647,18,1,4,"2",2,"YES"
"1.5.4","lang/java/ipc/src/main/java/org/apache/avro/ipc/NettyTransportCodec.java",111,0,0,0,0,0,0,0.000000,0,0,0.000000,338,323,112.666667,437,431.491803,46,2,7,"6",3,"NO"
"1.5.4","lang/java/ipc/src/main/java/org/apache/avro/ipc/LocalTransceiver.java",27,0,0,0,0,0,0,0.000000,0,0,0.000000,1074,434,119.333333,885,818.198795,18,0,0,"0",0,"NO"
"1.5.4","lang/java/ipc/src/main/java/org/apache/avro/ipc/RPCPlugin.java",10,0,0,0,0,0,0,0.000000,0,0,0.000000,793,434,158.600000,772,731.543478,55,0,0,"7",1,"NO"
"1.5.4","lang/java/ipc/src/main/java/org/apache/avro/ipc/DatagramServer.java",45,0,0,0,0,0,0,0.000000,0,0,0.000000,1138,434,103.454545,885,850.752049,19,2,3,"1",1,"NO"
"1.5.4","lang/java/ipc/src/main/java/org/apache/avro/ipc/Ipc.java",26,0,0,0,0,0,0,0.000000,0,0,0.000000,329,323,164.500000,276,276.000000,22,2,4,"7",2,"NO"
"1.5.4","lang/java/ipc/src/main/java/org/apache/avro/ipc/Requestor.java",386,10,1,7,1,10,10,10.000000,10,10,10.000000,1542,434,44.057143,885,478.150883,130,5,41,"17",5,"YES"
"1.5.4","lang/java/ipc/src/main/java/org/apache/avro/ipc/Transceiver.java",47,0,0,1,0,0,0,0.000000,0,0,0.000000,1117,434,101.545455,885,644.580488,46,1,2,"3",2,"NO"
"1.5.4","lang/java/ipc/src/main/java/org/apache/avro/ipc/Callback.java",5,0,0,0,0,0,0,0.000000,0,0,0.000000,1122,434,112.200000,885,671.664234,31,0,0,"0",0,"NO"
"1.5.4","lang/java/ipc/src/main/java/org/apache/avro/ipc/SocketTransceiver.java",80,0,0,1,0,0,0,0.000000,0,0,0.000000,1132,434,80.857143,885,825.413580,25,3,10,"6",2,"NO"
"1.5.4","lang/java/avro/src/main/java/org/apache/avro/AvroTypeException.java",7,0,0,0,0,0,0,0.000000,0,0,0.000000,1077,434,134.625000,885,874.230769,18,0,0,"0",0,"NO"
"1.5.4","lang/java/avro/src/main/java/org/apache/avro/generic/GenericDatumReader.java",274,0,0,6,0,0,0,0.000000,0,0,0.000000,1505,434,34.204545,885,769.462732,84,4,54,"10",4,"NO"
"1.5.4","lang/java/avro/src/main/java/org/apache/avro/generic/GenericRecord.java",5,0,0,1,0,0,0,0.000000,0,0,0.000000,1089,434,121.000000,885,817.658120,21,0,0,"0",0,"NO"
"1.5.4","lang/java/avro/src/main/java/org/apache/avro/generic/IndexedRecord.java",5,0,0,1,0,0,0,0.000000,0,0,0.000000,1126,434,112.600000,885,793.677419,24,0,0,"0",0,"NO"
"1.5.4","lang/java/avro/src/main/java/org/apache/avro/generic/GenericEnumSymbol.java",4,0,0,0,0,0,0,0.000000,0,0,0.000000,1111,434,123.444444,885,829.333333,19,0,0,"1",1,"NO"
"1.5.4","lang/java/avro/src/main/java/org/apache/avro/generic/GenericDatumWriter.java",136,0,0,4,0,0,0,0.000000,0,0,0.000000,1305,434,50.192308,885,802.229773,45,2,20,"0",0,"YES"
"1.5.4","lang/java/avro/src/main/java/org/apache/avro/generic/GenericContainer.java",5,0,0,0,0,0,0,0.000000,0,0,0.000000,1067,434,152.428571,885,872.032258,19,0,0,"0",0,"NO"
"1.5.4","lang/java/avro/src/main/java/org/apache/avro/generic/GenericFixed.java",4,0,0,0,0,0,0,0.000000,0,0,0.000000,1083,434,135.375000,885,863.920000,19,0,0,"0",0,"NO"
"1.5.4","lang/java/avro/src/main/java/org/apache/avro/generic/GenericData.java",552,0,0,9,0,0,0,0.000000,0,0,0.000000,1453,434,36.325000,885,718.061959,73,12,140,"83",11,"YES"
"1.5.4","lang/java/avro/src/main/java/org/apache/avro/generic/GenericArray.java",6,0,0,0,0,0,0,0.000000,0,0,0.000000,1108,434,110.800000,885,815.233083,22,0,0,"0",0,"NO"
"1.5.4","lang/java/avro/src/main/java/org/apache/avro/reflect/Union.java",12,0,0,1,0,0,0,0.000000,0,0,0.000000,1104,434,100.363636,885,824.666667,25,0,0,"0",0,"NO"
"1.5.4","lang/java/avro/src/main/java/org/apache/avro/reflect/ReflectDatumWriter.java",76,0,0,7,0,0,0,0.000000,0,0,0.000000,1408,434,45.419355,885,765.550538,24,2,7,"11",4,"NO"
"1.5.4","lang/java/avro/src/main/java/org/apache/avro/reflect/ReflectDatumReader.java",101,0,0,4,0,0,0,0.000000,0,0,0.000000,1340,434,49.629630,885,775.454039,25,2,11,"10",3,"NO"
"1.5.4","lang/java/avro/src/main/java/org/apache/avro/reflect/Stringable.java",10,0,0,2,0,0,0,0.000000,0,0,0.000000,1099,434,109.900000,885,839.846154,22,0,0,"0",0,"NO"
"1.5.4","lang/java/avro/src/main/java/org/apache/avro/reflect/Nullable.java",10,0,0,2,0,0,0,0.000000,0,0,0.000000,1104,434,100.363636,885,817.780142,21,0,0,"0",0,"NO"
"1.5.4","lang/java/avro/src/main/java/org/apache/avro/reflect/ReflectData.java",402,0,0,11,0,0,0,0.000000,0,0,0.000000,1512,434,36.878049,885,733.358860,69,12,88,"56",12,"YES"
"1.5.4","lang/java/avro/src/main/java/org/apache/avro/Protocol.java",320,0,0,2,0,0,0,0.000000,0,0,0.000000,1297,434,54.041667,885,825.253404,71,3,42,"35",4,"YES"
"1.5.4","lang/java/avro/src/main/java/org/apache/avro/Schema.java",1123,0,0,12,0,0,0,0.000000,0,0,0.000000,1493,434,27.145455,885,729.063158,221,9,181,"226",20,"YES"
"1.5.4","lang/java/avro/src/main/java/org/apache/avro/file/SeekableInput.java",9,0,0,1,0,0,0,0.000000,0,0,0.000000,1055,434,131.875000,885,857.180328,22,0,0,"0",0,"NO"
"1.5.4","lang/java/avro/src/main/java/org/apache/avro/file/DataFileReader12.java",168,0,0,0,0,0,0,0.000000,0,0,0.000000,368,323,122.666667,276,273.275109,40,3,19,"10",5,"NO"
"1.5.4","lang/java/avro/src/main/java/org/apache/avro/file/Codec.java",16,0,0,0,0,0,0,0.000000,0,0,0.000000,1106,434,100.545455,885,756.494253,32,0,0,"0",0,"NO"
"1.5.4","lang/java/avro/src/main/java/org/apache/avro/file/DataFileConstants.java",16,0,0,1,0,0,0,0.000000,0,0,0.000000,1087,434,90.583333,885,798.825503,21,0,0,"1",1,"NO"
"1.5.4","lang/java/avro/src/main/java/org/apache/avro/file/SeekableFileInput.java",13,0,0,0,0,0,0,0.000000,0,0,0.000000,1047,434,149.571429,885,875.543689,18,0,0,"0",0,"NO"
"1.5.4","lang/java/avro/src/main/java/org/apache/avro/file/DataFileWriter.java",275,0,0,6,0,0,0,0.000000,0,0,0.000000,1295,434,47.962963,885,706.389115,94,2,19,"7",4,"NO"
"1.5.4","lang/java/avro/src/main/java/org/apache/avro/file/CodecFactory.java",40,0,0,0,0,0,0,0.000000,0,0,0.000000,359,323,89.750000,597,562.829268,29,1,1,"3",1,"NO"
"1.5.4","lang/java/avro/src/main/java/org/apache/avro/file/DataFileStream.java",261,0,0,2,0,0,0,0.000000,0,0,0.000000,969,434,60.562500,619,511.127698,71,3,27,"10",3,"NO"
"1.5.4","lang/java/avro/src/main/java/org/apache/avro/file/SnappyCodec.java",50,0,0,1,0,0,0,0.000000,0,0,0.000000,32,15,10.666667,158,119.063694,18,1,3,"5",3,"NO"
"1.5.4","lang/java/avro/src/main/java/org/apache/avro/file/DeflateCodec.java",97,0,0,1,0,0,0,0.000000,0,0,0.000000,395,323,56.428571,597,524.147335,31,1,6,"5",3,"NO"
"1.5.4","lang/java/avro/src/main/java/org/apache/avro/file/DataFileReader.java",169,0,0,2,0,0,0,0.000000,0,0,0.000000,1258,434,59.904762,885,742.648246,50,3,14,"15",8,"NO"
"1.5.4","lang/java/avro/src/main/java/org/apache/avro/file/NullCodec.java",35,0,0,0,0,0,0,0.000000,0,0,0.000000,1141,434,81.500000,885,729.175373,19,1,1,"3",3,"NO"
"1.5.4","lang/java/avro/src/main/java/org/apache/avro/file/LengthLimitedInputStream.java",53,0,0,0,0,0,0,0.000000,0,0,0.000000,339,323,169.500000,597,597.000000,22,2,5,"0",0,"NO"
"1.5.4","lang/java/avro/src/main/java/org/apache/avro/file/FileReader.java",12,0,0,0,0,0,0,0.000000,0,0,0.000000,333,323,166.500000,359,359.000000,29,0,0,"0",0,"NO"
"1.5.4","lang/java/avro/src/main/java/org/apache/avro/specific/SpecificDatumWriter.java",30,0,0,2,0,0,0,0.000000,0,0,0.000000,1205,434,80.333333,885,810.985437,19,1,1,"2",1,"NO"
"1.5.4","lang/java/avro/src/main/java/org/apache/avro/specific/SpecificRecord.java",4,0,0,1,0,0,0,0.000000,0,0,0.000000,1107,434,123.000000,885,858.519231,19,0,0,"0",0,"NO"
"1.5.4","lang/java/avro/src/main/java/org/apache/avro/specific/SpecificData.java",160,0,0,7,0,0,0,0.000000,0,0,0.000000,1023,434,44.478261,739,625.719409,28,12,45,"24",8,"NO"
"1.5.4","lang/java/avro/src/main/java/org/apache/avro/specific/SpecificFixed.java",7,0,0,0,0,0,0,0.000000,0,0,0.000000,1105,434,110.500000,885,863.830189,18,0,0,"0",0,"NO"
"1.5.4","lang/java/avro/src/main/java/org/apache/avro/specific/SpecificRecordBase.java",27,0,0,3,0,0,0,0.000000,0,0,0.000000,877,434,109.625000,831,753.207692,21,1,3,"4",2,"NO"
"1.5.4","lang/java/avro/src/main/java/org/apache/avro/specific/FixedSize.java",12,0,0,1,0,0,0,0.000000,0,0,0.000000,1090,434,121.111111,885,861.829060,22,0,0,"0",0,"NO"
"1.5.4","lang/java/avro/src/main/java/org/apache/avro/specific/SpecificExceptionBase.java",18,0,0,2,0,0,0,0.000000,0,0,0.000000,1167,434,106.090909,885,842.075758,21,1,3,"6",3,"NO"
"1.5.4","lang/java/avro/src/main/java/org/apache/avro/specific/SpecificDatumReader.java",65,0,0,3,0,0,0,0.000000,0,0,0.000000,1283,434,58.318182,885,816.097561,30,2,9,"4",2,"NO"
"1.5.4","lang/java/avro/src/main/java/org/apache/avro/io/DatumWriter.java",7,0,0,0,0,0,0,0.000000,0,0,0.000000,1091,434,136.375000,885,880.172414,23,0,0,"0",0,"NO"
"1.5.4","lang/java/avro/src/main/java/org/apache/avro/io/DirectBinaryEncoder.java",75,0,0,0,0,0,0,0.000000,0,0,0.000000,45,45,45.000000,198,198.000000,45,2,6,"1",1,"NO"
"1.5.4","lang/java/avro/src/main/java/org/apache/avro/io/JsonDecoder.java",375,0,0,2,0,0,0,0.000000,0,0,0.000000,987,434,70.500000,781,671.047619,47,5,42,"3",2,"YES"
"1.5.4","lang/java/avro/src/main/java/org/apache/avro/io/EncoderFactory.java",84,0,0,0,0,0,0,0.000000,0,0,0.000000,92,45,30.666667,198,197.913514,234,1,7,"5",2,"NO"
"1.5.4","lang/java/avro/src/main/java/org/apache/avro/io/DirectBinaryDecoder.java",154,0,0,1,0,0,0,0.000000,0,0,0.000000,1012,434,84.333333,810,694.875874,27,3,15,"0",0,"NO"
"1.5.4","lang/java/avro/src/main/java/org/apache/avro/io/DecoderFactory.java",94,0,0,0,0,0,0,0.000000,0,0,0.000000,439,323,87.800000,569,366.046875,200,1,6,"4",3,"NO"
"1.5.4","lang/java/avro/src/main/java/org/apache/avro/io/BinaryDecoder.java",647,0,0,0,0,0,0,0.000000,0,0,0.000000,938,434,85.272727,810,589.082877,247,6,63,"50",9,"NO"
"1.5.4","lang/java/avro/src/main/java/org/apache/avro/io/ValidatingEncoder.java",152,0,0,2,0,0,0,0.000000,0,0,0.000000,1005,434,77.307692,808,722.879167,35,1,2,"0",0,"NO"
"1.5.4","lang/java/avro/src/main/java/org/apache/avro/io/JsonEncoder.java",207,0,0,3,0,0,0,0.000000,0,0,0.000000,1003,434,71.642857,781,637.366577,56,3,16,"2",1,"YES"
"1.5.4","lang/java/avro/src/main/java/org/apache/avro/io/BlockingBinaryEncoder.java",363,0,0,2,0,0,0,0.000000,0,0,0.000000,987,434,89.727273,828,656.670330,134,4,35,"16",4,"NO"
"1.5.4","lang/java/avro/src/main/java/org/apache/avro/io/ValidatingDecoder.java",188,0,0,1,0,0,0,0.000000,0,0,0.000000,966,434,74.307692,808,759.826087,29,2,11,"0",0,"NO"
"1.5.4","lang/java/avro/src/main/java/org/apache/avro/io/BufferedBinaryEncoder.java",126,0,0,0,0,0,0,0.000000,0,0,0.000000,83,45,41.500000,198,198.000000,60,3,11,"4",4,"NO"
"1.5.4","lang/java/avro/src/main/java/org/apache/avro/io/DatumReader.java",7,0,0,0,0,0,0,0.000000,0,0,0.000000,1030,434,128.750000,885,873.793651,24,0,0,"0",0,"NO"
"1.5.4","lang/java/avro/src/main/java/org/apache/avro/io/Encoder.java",40,0,0,0,0,0,0,0.000000,0,0,0.000000,1166,434,89.692308,885,821.177984,220,1,1,"2",1,"NO"
"1.5.4","lang/java/avro/src/main/java/org/apache/avro/io/Decoder.java",30,0,0,0,0,0,0,0.000000,0,0,0.000000,1251,434,78.187500,885,826.765612,219,0,0,"0",0,"NO"
"1.5.4","lang/java/avro/src/main/java/org/apache/avro/io/ParsingEncoder.java",36,0,0,0,0,0,0,0.000000,0,0,0.000000,847,434,169.400000,781,770.228571,24,1,3,"1",1,"NO"
"1.5.4","lang/java/avro/src/main/java/org/apache/avro/io/BinaryData.java",346,0,0,0,0,0,0,0.000000,0,0,0.000000,961,434,87.363636,741,566.276471,68,9,80,"48",7,"NO"
"1.5.4","lang/java/avro/src/main/java/org/apache/avro/io/ParsingDecoder.java",49,0,0,0,0,0,0,0.000000,0,0,0.000000,883,434,176.600000,781,751.405063,19,12,13,"0",0,"NO"
"1.5.4","lang/java/avro/src/main/java/org/apache/avro/io/ResolvingDecoder.java",144,0,0,3,0,0,0,0.000000,0,0,0.000000,1010,434,56.111111,808,696.080775,106,6,25,"0",0,"NO"
"1.5.4","lang/java/avro/src/main/java/org/apache/avro/io/BinaryEncoder.java",68,0,0,1,0,0,0,0.000000,0,0,0.000000,1230,434,94.615385,885,703.968386,36,1,3,"4",1,"NO"
"1.5.4","lang/java/avro/src/main/java/org/apache/avro/io/parsing/JsonGrammarGenerator.java",58,0,0,2,0,0,0,0.000000,0,0,0.000000,912,434,101.333333,781,745.738462,35,4,16,"4",1,"YES"
"1.5.4","lang/java/avro/src/main/java/org/apache/avro/io/parsing/Symbol.java",359,0,0,3,0,0,0,0.000000,0,0,0.000000,927,434,61.800000,781,706.864823,123,3,16,"14",4,"YES"
"1.5.4","lang/java/avro/src/main/java/org/apache/avro/io/parsing/ValidatingGrammarGenerator.java",82,0,0,1,0,0,0,0.000000,0,0,0.000000,934,434,93.400000,781,751.539877,43,4,18,"6",5,"NO"
"1.5.4","lang/java/avro/src/main/java/org/apache/avro/io/parsing/ResolvingGrammarGenerator.java",363,0,0,5,0,0,0,0.000000,0,0,0.000000,1015,434,50.750000,781,667.474295,84,5,92,"34",8,"NO"
"1.5.4","lang/java/avro/src/main/java/org/apache/avro/io/parsing/SkipParser.java",44,0,0,1,0,0,0,0.000000,0,0,0.000000,898,434,99.777778,781,749.891667,43,3,3,"2",2,"NO"
"1.5.4","lang/java/avro/src/main/java/org/apache/avro/io/parsing/Parser.java",98,0,0,2,0,0,0,0.000000,0,0,0.000000,905,434,90.500000,781,678.761658,79,4,13,"3",1,"NO"
"1.5.4","lang/java/avro/src/main/java/org/apache/avro/SchemaParseException.java",5,0,0,0,0,0,0,0.000000,0,0,0.000000,1046,434,149.428571,885,881.040541,18,0,0,"0",0,"NO"
"1.5.4","lang/java/avro/src/main/java/org/apache/avro/AvroRemoteException.java",15,0,0,0,0,0,0,0.000000,0,0,0.000000,1141,434,142.625000,885,873.000000,18,1,1,"1",1,"YES"
"1.5.4","lang/java/avro/src/main/java/org/apache/avro/UnresolvedUnionException.java",16,0,0,1,0,0,0,0.000000,0,0,0.000000,800,434,133.333333,754,542.344828,18,0,0,"0",0,"NO"
"1.5.4","lang/java/avro/src/main/java/org/apache/avro/util/WeakIdentityHashMap.java",119,0,0,0,0,0,0,0.000000,0,0,0.000000,328,323,164.000000,397,397.000000,33,1,5,"21",4,"NO"
"1.5.4","lang/java/avro/src/main/java/org/apache/avro/util/ByteBufferInputStream.java",52,0,0,0,0,0,0,0.000000,0,0,0.000000,1141,434,114.100000,885,873.162264,30,2,7,"4",1,"YES"
"1.5.4","lang/java/avro/src/main/java/org/apache/avro/util/ByteBufferOutputStream.java",70,0,0,0,0,0,0,0.000000,0,0,0.000000,1179,434,117.900000,885,827.155340,25,1,6,"1",1,"NO"
"1.5.4","lang/java/avro/src/main/java/org/apache/avro/util/Utf8.java",81,0,0,1,0,0,0,0.000000,0,0,0.000000,1200,434,92.307692,885,737.929379,32,2,10,"9",3,"NO"
"1.5.4","lang/java/avro/src/main/java/org/apache/avro/AvroRuntimeException.java",8,0,0,0,0,0,0,0.000000,0,0,0.000000,1055,434,131.875000,885,872.233766,18,0,0,"0",0,"NO"
"1.5.4","lang/java/compiler/src/main/java/org/apache/avro/compiler/specific/ProtocolTask.java",47,0,0,0,0,0,0,0.000000,0,0,0.000000,1146,434,127.333333,885,860.198777,22,2,6,"7",5,"NO"
"1.5.4","lang/java/compiler/src/main/java/org/apache/avro/compiler/specific/SchemaTask.java",9,0,0,0,0,0,0,0.000000,0,0,0.000000,1146,434,127.333333,885,856.500000,18,0,0,"0",0,"NO"
"1.5.4","lang/java/compiler/src/main/java/org/apache/avro/compiler/specific/SpecificCompiler.java",349,0,0,6,0,0,0,0.000000,0,0,0.000000,1508,434,34.272727,885,669.575193,62,4,73,"8",2,"NO"
"1.5.4","lang/java/mapred/src/main/java/org/apache/avro/mapred/AvroInputFormat.java",30,0,0,0,0,0,0,0.000000,0,0,0.000000,341,323,170.500000,528,528.000000,18,2,2,"2",1,"NO"
"1.5.4","lang/java/mapred/src/main/java/org/apache/avro/mapred/AvroAsTextRecordReader.java",66,0,0,1,0,0,0,0.000000,0,0,0.000000,411,323,58.714286,528,367.777174,18,2,4,"1",1,"NO"
"1.5.4","lang/java/mapred/src/main/java/org/apache/avro/mapred/AvroKeyComparator.java",23,0,0,1,0,0,0,0.000000,0,0,0.000000,431,323,71.833333,528,483.079545,18,1,1,"1",1,"NO"
"1.5.4","lang/java/mapred/src/main/java/org/apache/avro/mapred/HadoopMapper.java",57,0,0,0,0,0,0,0.000000,0,0,0.000000,375,323,125.000000,417,387.645161,21,1,2,"5",2,"NO"
"1.5.4","lang/java/mapred/src/main/java/org/apache/avro/mapred/HadoopCombiner.java",32,0,0,0,0,0,0,0.000000,0,0,0.000000,360,323,180.000000,417,417.000000,21,0,0,"0",0,"NO"
"1.5.4","lang/java/mapred/src/main/java/org/apache/avro/mapred/AvroRecordReader.java",54,0,0,1,0,0,0,0.000000,0,0,0.000000,406,323,67.666667,528,473.547619,19,1,3,"1",1,"NO"
"1.5.4","lang/java/mapred/src/main/java/org/apache/avro/mapred/AvroCollector.java",6,0,0,0,0,0,0,0.000000,0,0,0.000000,1104,434,138.000000,885,808.833333,18,0,0,"0",0,"NO"
"1.5.4","lang/java/mapred/src/main/java/org/apache/avro/mapred/AvroMapper.java",20,0,0,0,0,0,0,0.000000,0,0,0.000000,393,323,98.250000,528,431.244275,27,0,0,"2",1,"NO"
"1.5.4","lang/java/mapred/src/main/java/org/apache/avro/mapred/AvroTextOutputFormat.java",94,0,0,0,0,0,0,0.000000,0,0,0.000000,6,6,6.000000,104,104.000000,19,3,6,"3",2,"NO"
"1.5.4","lang/java/mapred/src/main/java/org/apache/avro/mapred/AvroValue.java",5,0,0,0,0,0,0,0.000000,0,0,0.000000,1108,434,123.111111,885,802.777778,20,0,0,"0",0,"NO"
"1.5.4","lang/java/mapred/src/main/java/org/apache/avro/mapred/HadoopReducer.java",31,0,0,0,0,0,0,0.000000,0,0,0.000000,360,323,180.000000,417,417.000000,19,0,0,"1",1,"NO"
"1.5.4","lang/java/mapred/src/main/java/org/apache/avro/mapred/AvroAsTextInputFormat.java",29,0,0,0,0,0,0,0.000000,0,0,0.000000,346,323,115.333333,528,394.941176,26,2,2,"2",1,"NO"
"1.5.4","lang/java/mapred/src/main/java/org/apache/avro/mapred/AvroKey.java",5,0,0,0,0,0,0,0.000000,0,0,0.000000,1108,434,123.111111,885,802.777778,20,0,0,"0",0,"NO"
"1.5.4","lang/java/mapred/src/main/java/org/apache/avro/mapred/Pair.java",441,0,0,1,0,0,0,0.000000,0,0,0.000000,399,323,99.750000,417,395.543165,56,2,10,"5",2,"YES"
"1.5.4","lang/java/mapred/src/main/java/org/apache/avro/mapred/FsInput.java",30,0,0,0,0,0,0,0.000000,0,0,0.000000,341,323,170.500000,528,528.000000,19,0,0,"1",1,"NO"
"1.5.4","lang/java/mapred/src/main/java/org/apache/avro/mapred/AvroOutputFormat.java",78,0,0,1,0,0,0,0.000000,0,0,0.000000,452,323,50.222222,528,381.957447,25,2,6,"2",1,"NO"
"1.5.4","lang/java/mapred/src/main/java/org/apache/avro/mapred/SequenceFileReader.java",193,0,0,0,0,0,0,0.000000,0,0,0.000000,333,323,166.500000,359,359.000000,22,1,9,"22",6,"NO"
"1.5.4","lang/java/mapred/src/main/java/org/apache/avro/mapred/SequenceFileInputFormat.java",19,0,0,0,0,0,0,0.000000,0,0,0.000000,351,323,117.000000,528,475.839506,18,0,0,"0",0,"NO"
"1.5.4","lang/java/mapred/src/main/java/org/apache/avro/mapred/AvroSerialization.java",91,0,0,1,0,0,0,0.000000,0,0,0.000000,509,323,72.714286,528,469.839130,29,2,7,"1",1,"NO"
"1.5.4","lang/java/mapred/src/main/java/org/apache/avro/mapred/SequenceFileRecordReader.java",11,0,0,0,0,0,0,0.000000,0,0,0.000000,1114,434,123.777778,885,750.790323,18,0,0,"0",0,"NO"
"1.5.4","lang/java/mapred/src/main/java/org/apache/avro/mapred/AvroWrapper.java",26,0,0,2,0,0,0,0.000000,0,0,0.000000,875,434,87.500000,754,629.552846,22,2,7,"7",2,"NO"
"1.5.4","lang/java/mapred/src/main/java/org/apache/avro/mapred/tether/TetherInputFormat.java",31,0,0,0,0,0,0,0.000000,0,0,0.000000,378,323,126.000000,528,513.000000,18,2,2,"2",1,"NO"
"1.5.4","lang/java/mapred/src/main/java/org/apache/avro/mapred/tether/TetherKeySerialization.java",54,0,0,0,0,0,0,0.000000,0,0,0.000000,443,323,110.750000,453,430.050000,18,1,1,"3",2,"NO"
"1.5.4","lang/java/mapred/src/main/java/org/apache/avro/mapred/tether/TetherKeyComparator.java",33,0,0,0,0,0,0,0.000000,0,0,0.000000,383,323,95.750000,528,487.864078,18,1,3,"2",2,"NO"
"1.5.4","lang/java/mapred/src/main/java/org/apache/avro/mapred/tether/TetheredProcess.java",89,0,0,0,0,0,0,0.000000,0,0,0.000000,471,323,94.200000,453,444.246377,26,2,7,"6",3,"YES"
"1.5.4","lang/java/mapred/src/main/java/org/apache/avro/mapred/tether/TetherJob.java",50,0,0,1,0,0,0,0.000000,0,0,0.000000,403,323,100.750000,453,385.339056,27,1,2,"0",0,"YES"
"1.5.4","lang/java/mapred/src/main/java/org/apache/avro/mapred/tether/TetherOutputService.java",66,0,0,0,0,0,0,0.000000,0,0,0.000000,388,323,129.333333,453,448.963964,17,1,3,"7",4,"NO"
"1.5.4","lang/java/mapred/src/main/java/org/apache/avro/mapred/tether/TetherRecordReader.java",50,0,0,0,0,0,0,0.000000,0,0,0.000000,378,323,126.000000,528,505.016129,18,1,2,"1",1,"NO"
"1.5.4","lang/java/mapred/src/main/java/org/apache/avro/mapred/tether/TetherOutputFormat.java",48,0,0,0,0,0,0,0.000000,0,0,0.000000,378,323,126.000000,528,503.192308,19,1,1,"0",0,"NO"
"1.5.4","lang/java/mapred/src/main/java/org/apache/avro/mapred/tether/TetherMapRunner.java",55,0,0,0,0,0,0,0.000000,0,0,0.000000,360,323,180.000000,453,453.000000,23,2,5,"4",2,"NO"
"1.5.4","lang/java/mapred/src/main/java/org/apache/avro/mapred/tether/TetherPartitioner.java",30,0,0,0,0,0,0,0.000000,0,0,0.000000,361,323,120.333333,453,453.000000,18,1,2,"2",1,"NO"
"1.5.4","lang/java/mapred/src/main/java/org/apache/avro/mapred/tether/TetherReducer.java",53,0,0,0,0,0,0,0.000000,0,0,0.000000,360,323,180.000000,453,453.000000,20,1,6,"3",1,"NO"
"1.5.4","lang/java/mapred/src/main/java/org/apache/avro/mapred/tether/TetherData.java",12,0,0,0,0,0,0,0.000000,0,0,0.000000,1111,434,111.100000,885,741.680952,23,0,0,"1",1,"NO"
"1.5.4","lang/java/mapred/src/main/java/org/apache/avro/mapred/HadoopReducerBase.java",41,0,0,0,0,0,0,0.000000,0,0,0.000000,375,323,125.000000,417,396.926471,17,1,1,"8",3,"NO"
"1.5.4","lang/java/mapred/src/main/java/org/apache/avro/mapred/AvroReducer.java",27,0,0,0,0,0,0,0.000000,0,0,0.000000,393,323,98.250000,528,430.328859,29,1,2,"2",2,"NO"
"1.5.4","lang/java/mapred/src/main/java/org/apache/avro/mapred/AvroJob.java",115,0,0,1,0,0,0,0.000000,0,0,0.000000,458,323,50.888889,528,427.343023,48,1,6,"5",2,"NO"
"1.5.4","lang/java/mapred/src/main/java/org/apache/avro/mapred/AvroUtf8InputFormat.java",75,0,0,0,0,0,0,0.000000,0,0,0.000000,332,323,110.666667,453,441.307692,21,1,1,"0",0,"NO"
"1.5.4","lang/java/maven-plugin/src/main/java/org/apache/avro/mojo/SchemaMojo.java",21,0,0,0,0,0,0,0.000000,0,0,0.000000,401,323,133.666667,270,264.885714,37,0,0,"0",0,"NO"
"1.5.4","lang/java/maven-plugin/src/main/java/org/apache/avro/mojo/ProtocolMojo.java",21,0,0,0,0,0,0,0.000000,0,0,0.000000,401,323,133.666667,270,264.885714,37,0,0,"0",0,"NO"
"1.5.4","lang/java/maven-plugin/src/main/java/org/apache/avro/mojo/AbstractAvroMojo.java",69,0,0,0,0,0,0,0.000000,0,0,0.000000,323,323,323.000000,270,270.000000,57,2,7,"0",0,"NO"
"1.5.4","lang/java/maven-plugin/src/main/java/org/apache/avro/mojo/IDLProtocolMojo.java",32,0,0,0,0,0,0,0.000000,0,0,0.000000,401,323,133.666667,270,263.790698,37,1,1,"0",0,"NO"
"1.5.4","lang/java/tools/src/main/java/org/apache/avro/tool/SpecificCompilerTool.java",85,0,0,0,0,0,0,0.000000,0,0,0.000000,93,73,31.000000,226,109.416667,32,3,9,"4",4,"NO"
"1.5.4","lang/java/tools/src/main/java/org/apache/avro/tool/TetherTool.java",66,0,0,1,0,0,0,0.000000,0,0,0.000000,18,12,9.000000,240,236.778947,17,1,3,"2",1,"YES"
"1.5.4","lang/java/tools/src/main/java/org/apache/avro/tool/DataFileGetSchemaTool.java",30,0,0,0,0,0,0,0.000000,0,0,0.000000,1084,434,90.333333,885,742.363636,18,1,1,"0",0,"NO"
"1.5.4","lang/java/tools/src/main/java/org/apache/avro/tool/RecodecTool.java",86,0,0,0,0,0,0,0.000000,0,0,0.000000,328,323,164.000000,293,293.000000,18,2,8,"6",3,"NO"
"1.5.4","lang/java/tools/src/main/java/org/apache/avro/tool/Tool.java",9,0,0,0,0,0,0,0.000000,0,0,0.000000,1153,434,88.692308,885,792.064000,38,0,0,"0",0,"NO"
"1.5.4","lang/java/tools/src/main/java/org/apache/avro/tool/RpcReceiveTool.java",139,0,0,0,0,0,0,0.000000,0,0,0.000000,927,434,115.875000,619,579.397196,23,2,9,"2",2,"NO"
"1.5.4","lang/java/tools/src/main/java/org/apache/avro/tool/Util.java",78,0,0,0,0,0,0,0.000000,0,0,0.000000,1153,434,88.692308,885,660.518018,35,3,6,"6",3,"YES"
"1.5.4","lang/java/tools/src/main/java/org/apache/avro/tool/RpcSendTool.java",85,0,0,0,0,0,0,0.000000,0,0,0.000000,904,434,129.142857,619,567.130952,20,2,4,"0",0,"NO"
"1.5.4","lang/java/tools/src/main/java/org/apache/avro/tool/IdlTool.java",47,0,0,0,0,0,0,0.000000,0,0,0.000000,890,434,127.142857,619,565.654206,21,1,3,"4",3,"NO"
"1.5.4","lang/java/tools/src/main/java/org/apache/avro/tool/DataFileReadTool.java",49,0,0,0,0,0,0,0.000000,0,0,0.000000,844,434,120.571429,620,568.947368,21,1,2,"0",0,"NO"
"1.5.4","lang/java/tools/src/main/java/org/apache/avro/tool/ToTextTool.java",56,0,0,0,0,0,0,0.000000,0,0,0.000000,344,323,114.666667,450,430.468085,18,1,3,"0",0,"NO"
"1.5.4","lang/java/tools/src/main/java/org/apache/avro/tool/BinaryFragmentToJsonTool.java",62,0,0,0,0,0,0,0.000000,0,0,0.000000,877,434,146.166667,620,590.663158,18,1,3,"2",2,"YES"
"1.5.4","lang/java/tools/src/main/java/org/apache/avro/tool/InduceSchemaTool.java",49,0,0,0,0,0,0,0.000000,0,0,0.000000,857,434,107.125000,660,637.357143,20,3,5,"1",1,"NO"
"1.5.4","lang/java/tools/src/main/java/org/apache/avro/tool/DataFileWriteTool.java",107,0,0,0,0,0,0,0.000000,0,0,0.000000,840,434,120.000000,620,523.656805,18,2,8,"3",3,"NO"
"1.5.4","lang/java/tools/src/main/java/org/apache/avro/tool/Main.java",63,0,0,1,0,0,0,0.000000,0,0,0.000000,984,434,57.882353,684,619.887324,24,2,6,"1",1,"NO"
"1.5.4","lang/java/tools/src/main/java/org/apache/avro/tool/JsonToBinaryFragmentTool.java",56,0,0,1,0,0,0,0.000000,0,0,0.000000,856,434,142.666667,620,557.263736,18,1,3,"2",2,"NO"
"1.5.4","lang/java/tools/src/main/java/org/apache/avro/tool/FromTextTool.java",92,0,0,0,0,0,0,0.000000,0,0,0.000000,819,434,117.000000,620,451.488372,25,5,9,"1",1,"YES"
